// efi.h
#pragma once

#include <cstdint>

inline const uint8_t test_efi[35328] = {
  0x4d, 0x5a, 0x78, 0x00, 0x01, 0x00, 0x00, 0x00, 0x04, 0x00, 0x00, 0x00,
  0x00, 0x00, 0x00, 0x00, 0x00, 0x00, 0x00, 0x00, 0x00, 0x00, 0x00, 0x00,
  0x40, 0x00, 0x00, 0x00, 0x00, 0x00, 0x00, 0x00, 0x00, 0x00, 0x00, 0x00,
  0x00, 0x00, 0x00, 0x00, 0x00, 0x00, 0x00, 0x00, 0x00, 0x00, 0x00, 0x00,
  0x00, 0x00, 0x00, 0x00, 0x00, 0x00, 0x00, 0x00, 0x00, 0x00, 0x00, 0x00,
  0x78, 0x00, 0x00, 0x00, 0x0e, 0x1f, 0xba, 0x0e, 0x00, 0xb4, 0x09, 0xcd,
  0x21, 0xb8, 0x01, 0x4c, 0xcd, 0x21, 0x54, 0x68, 0x69, 0x73, 0x20, 0x70,
  0x72, 0x6f, 0x67, 0x72, 0x61, 0x6d, 0x20, 0x63, 0x61, 0x6e, 0x6e, 0x6f,
  0x74, 0x20, 0x62, 0x65, 0x20, 0x72, 0x75, 0x6e, 0x20, 0x69, 0x6e, 0x20,
  0x44, 0x4f, 0x53, 0x20, 0x6d, 0x6f, 0x64, 0x65, 0x2e, 0x24, 0x00, 0x00,
  0x50, 0x45, 0x00, 0x00, 0x64, 0x86, 0x05, 0x00, 0x30, 0x96, 0x96, 0x6a,
  0x00, 0x00, 0x00, 0x00, 0x00, 0x00, 0x00, 0x00, 0xf0, 0x00, 0x22, 0x00,
  0x0b, 0x02, 0x0e, 0x00, 0x00, 0x62, 0x00, 0x00, 0x00, 0x24, 0x00, 0x00,
  0x00, 0x00, 0x00, 0x00, 0x30, 0x10, 0x00, 0x00, 0x00, 0x10, 0x00, 0x00,
  0x00, 0x00, 0x00, 0x40, 0x01, 0x00, 0x00, 0x00, 0x00, 0x10, 0x00, 0x00,
  0x00, 0x02, 0x00, 0x00, 0x06, 0x00, 0x00, 0x00, 0x00, 0x00, 0x00, 0x00,
  0x06, 0x00, 0x00, 0x00, 0x00, 0x00, 0x00, 0x00, 0x00, 0xd0, 0x00, 0x00,
  0x00, 0x04, 0x00, 0x00, 0x00, 0x00, 0x00, 0x00, 0x0a, 0x00, 0x60, 0x81,
  0x00, 0x00, 0x10, 0x00, 0x00, 0x00, 0x00, 0x00, 0x00, 0x10, 0x00, 0x00,
  0x00, 0x00, 0x00, 0x00, 0x00, 0x00, 0x10, 0x00, 0x00, 0x00, 0x00, 0x00,
  0x00, 0x10, 0x00, 0x00, 0x00, 0x00, 0x00, 0x00, 0x00, 0x00, 0x00, 0x00,
  0x10, 0x00, 0x00, 0x00, 0x00, 0x00, 0x00, 0x00, 0x00, 0x00, 0x00, 0x00,
  0x00, 0x00, 0x00, 0x00, 0x00, 0x00, 0x00, 0x00, 0x00, 0x00, 0x00, 0x00,
  0x00, 0x00, 0x00, 0x00, 0x00, 0x00, 0x00, 0x00, 0x00, 0x00, 0x00, 0x00,
  0x00, 0x00, 0x00, 0x00, 0x00, 0x00, 0x00, 0x00, 0x00, 0xc0, 0x00, 0x00,
  0x2c, 0x01, 0x00, 0x00, 0xe8, 0x9c, 0x00, 0x00, 0x1c, 0x00, 0x00, 0x00,
  0x00, 0x00, 0x00, 0x00, 0x00, 0x00, 0x00, 0x00, 0x00, 0x00, 0x00, 0x00,
  0x00, 0x00, 0x00, 0x00, 0x00, 0x00, 0x00, 0x00, 0x00, 0x00, 0x00, 0x00,
  0x00, 0x00, 0x00, 0x00, 0x00, 0x00, 0x00, 0x00, 0x00, 0x00, 0x00, 0x00,
  0x00, 0x00, 0x00, 0x00, 0x00, 0x00, 0x00, 0x00, 0x00, 0x00, 0x00, 0x00,
  0x00, 0x00, 0x00, 0x00, 0x00, 0x00, 0x00, 0x00, 0x00, 0x00, 0x00, 0x00,
  0x00, 0x00, 0x00, 0x00, 0x00, 0x00, 0x00, 0x00, 0x00, 0x00, 0x00, 0x00,
  0x2e, 0x74, 0x65, 0x78, 0x74, 0x00, 0x00, 0x00, 0xfe, 0x61, 0x00, 0x00,
  0x00, 0x10, 0x00, 0x00, 0x00, 0x62, 0x00, 0x00, 0x00, 0x04, 0x00, 0x00,
  0x00, 0x00, 0x00, 0x00, 0x00, 0x00, 0x00, 0x00, 0x00, 0x00, 0x00, 0x00,
  0x20, 0x00, 0x00, 0x60, 0x2e, 0x72, 0x64, 0x61, 0x74, 0x61, 0x00, 0x00,
  0x36, 0x1d, 0x00, 0x00, 0x00, 0x80, 0x00, 0x00, 0x00, 0x1e, 0x00, 0x00,
  0x00, 0x66, 0x00, 0x00, 0x00, 0x00, 0x00, 0x00, 0x00, 0x00, 0x00, 0x00,
  0x00, 0x00, 0x00, 0x00, 0x40, 0x00, 0x00, 0x40, 0x2e, 0x64, 0x61, 0x74,
  0x61, 0x00, 0x00, 0x00, 0x38, 0x00, 0x00, 0x00, 0x00, 0xa0, 0x00, 0x00,
  0x00, 0x02, 0x00, 0x00, 0x00, 0x84, 0x00, 0x00, 0x00, 0x00, 0x00, 0x00,
  0x00, 0x00, 0x00, 0x00, 0x00, 0x00, 0x00, 0x00, 0x40, 0x00, 0x00, 0xc0,
  0x2e, 0x65, 0x68, 0x5f, 0x66, 0x72, 0x61, 0x6d, 0x40, 0x00, 0x00, 0x00,
  0x00, 0xb0, 0x00, 0x00, 0x00, 0x02, 0x00, 0x00, 0x00, 0x86, 0x00, 0x00,
  0x00, 0x00, 0x00, 0x00, 0x00, 0x00, 0x00, 0x00, 0x00, 0x00, 0x00, 0x00,
  0x40, 0x00, 0x00, 0x40, 0x2e, 0x72, 0x65, 0x6c, 0x6f, 0x63, 0x00, 0x00,
  0x2c, 0x01, 0x00, 0x00, 0x00, 0xc0, 0x00, 0x00, 0x00, 0x02, 0x00, 0x00,
  0x00, 0x88, 0x00, 0x00, 0x00, 0x00, 0x00, 0x00, 0x00, 0x00, 0x00, 0x00,
  0x00, 0x00, 0x00, 0x00, 0x40, 0x00, 0x00, 0x42, 0x00, 0x00, 0x00, 0x00,
  0x00, 0x00, 0x00, 0x00, 0x00, 0x00, 0x00, 0x00, 0x00, 0x00, 0x00, 0x00,
  0x00, 0x00, 0x00, 0x00, 0x00, 0x00, 0x00, 0x00, 0x00, 0x00, 0x00, 0x00,
  0x00, 0x00, 0x00, 0x00, 0x00, 0x00, 0x00, 0x00, 0x00, 0x00, 0x00, 0x00,
  0x00, 0x00, 0x00, 0x00, 0x00, 0x00, 0x00, 0x00, 0x00, 0x00, 0x00, 0x00,
  0x00, 0x00, 0x00, 0x00, 0x00, 0x00, 0x00, 0x00, 0x00, 0x00, 0x00, 0x00,
  0x00, 0x00, 0x00, 0x00, 0x00, 0x00, 0x00, 0x00, 0x00, 0x00, 0x00, 0x00,
  0x00, 0x00, 0x00, 0x00, 0x00, 0x00, 0x00, 0x00, 0x00, 0x00, 0x00, 0x00,
  0x00, 0x00, 0x00, 0x00, 0x00, 0x00, 0x00, 0x00, 0x00, 0x00, 0x00, 0x00,
  0x00, 0x00, 0x00, 0x00, 0x00, 0x00, 0x00, 0x00, 0x00, 0x00, 0x00, 0x00,
  0x00, 0x00, 0x00, 0x00, 0x00, 0x00, 0x00, 0x00, 0x00, 0x00, 0x00, 0x00,
  0x00, 0x00, 0x00, 0x00, 0x00, 0x00, 0x00, 0x00, 0x00, 0x00, 0x00, 0x00,
  0x00, 0x00, 0x00, 0x00, 0x00, 0x00, 0x00, 0x00, 0x00, 0x00, 0x00, 0x00,
  0x00, 0x00, 0x00, 0x00, 0x00, 0x00, 0x00, 0x00, 0x00, 0x00, 0x00, 0x00,
  0x00, 0x00, 0x00, 0x00, 0x00, 0x00, 0x00, 0x00, 0x00, 0x00, 0x00, 0x00,
  0x00, 0x00, 0x00, 0x00, 0x00, 0x00, 0x00, 0x00, 0x00, 0x00, 0x00, 0x00,
  0x00, 0x00, 0x00, 0x00, 0x00, 0x00, 0x00, 0x00, 0x00, 0x00, 0x00, 0x00,
  0x00, 0x00, 0x00, 0x00, 0x00, 0x00, 0x00, 0x00, 0x00, 0x00, 0x00, 0x00,
  0x00, 0x00, 0x00, 0x00, 0x00, 0x00, 0x00, 0x00, 0x00, 0x00, 0x00, 0x00,
  0x00, 0x00, 0x00, 0x00, 0x00, 0x00, 0x00, 0x00, 0x00, 0x00, 0x00, 0x00,
  0x00, 0x00, 0x00, 0x00, 0x00, 0x00, 0x00, 0x00, 0x00, 0x00, 0x00, 0x00,
  0x00, 0x00, 0x00, 0x00, 0x00, 0x00, 0x00, 0x00, 0x00, 0x00, 0x00, 0x00,
  0x00, 0x00, 0x00, 0x00, 0x00, 0x00, 0x00, 0x00, 0x00, 0x00, 0x00, 0x00,
  0x00, 0x00, 0x00, 0x00, 0x00, 0x00, 0x00, 0x00, 0x00, 0x00, 0x00, 0x00,
  0x00, 0x00, 0x00, 0x00, 0x00, 0x00, 0x00, 0x00, 0x00, 0x00, 0x00, 0x00,
  0x00, 0x00, 0x00, 0x00, 0x00, 0x00, 0x00, 0x00, 0x00, 0x00, 0x00, 0x00,
  0x00, 0x00, 0x00, 0x00, 0x00, 0x00, 0x00, 0x00, 0x00, 0x00, 0x00, 0x00,
  0x00, 0x00, 0x00, 0x00, 0x00, 0x00, 0x00, 0x00, 0x00, 0x00, 0x00, 0x00,
  0x00, 0x00, 0x00, 0x00, 0x00, 0x00, 0x00, 0x00, 0x00, 0x00, 0x00, 0x00,
  0x00, 0x00, 0x00, 0x00, 0x00, 0x00, 0x00, 0x00, 0x00, 0x00, 0x00, 0x00,
  0x00, 0x00, 0x00, 0x00, 0x00, 0x00, 0x00, 0x00, 0x00, 0x00, 0x00, 0x00,
  0x00, 0x00, 0x00, 0x00, 0x00, 0x00, 0x00, 0x00, 0x00, 0x00, 0x00, 0x00,
  0x00, 0x00, 0x00, 0x00, 0x00, 0x00, 0x00, 0x00, 0x00, 0x00, 0x00, 0x00,
  0x00, 0x00, 0x00, 0x00, 0x00, 0x00, 0x00, 0x00, 0x00, 0x00, 0x00, 0x00,
  0x00, 0x00, 0x00, 0x00, 0x00, 0x00, 0x00, 0x00, 0x00, 0x00, 0x00, 0x00,
  0x00, 0x00, 0x00, 0x00, 0x00, 0x00, 0x00, 0x00, 0x00, 0x00, 0x00, 0x00,
  0x00, 0x00, 0x00, 0x00, 0x00, 0x00, 0x00, 0x00, 0x00, 0x00, 0x00, 0x00,
  0x00, 0x00, 0x00, 0x00, 0x48, 0x83, 0xec, 0x68, 0x48, 0x89, 0x4c, 0x24,
  0x60, 0xe8, 0xe2, 0x00, 0x00, 0x00, 0x48, 0x8d, 0x4c, 0x24, 0x28, 0x48,
  0x8d, 0x15, 0x3e, 0x70, 0x00, 0x00, 0x4c, 0x8d, 0x44, 0x24, 0x58, 0xe8,
  0x2c, 0x19, 0x00, 0x00, 0x48, 0x8d, 0x4c, 0x24, 0x28, 0xe8, 0xd2, 0x16,
  0x00, 0x00, 0xeb, 0xfe, 0x48, 0x81, 0xec, 0x98, 0x00, 0x00, 0x00, 0x48,
  0x89, 0x54, 0x24, 0x28, 0x48, 0x89, 0x4c, 0x24, 0x68, 0x48, 0x89, 0x54,
  0x24, 0x70, 0xe8, 0xe5, 0x00, 0x00, 0x00, 0x48, 0x8b, 0x4c, 0x24, 0x28,
  0x48, 0x89, 0x4c, 0x24, 0x78, 0xe8, 0xa6, 0x0c, 0x00, 0x00, 0xe8, 0xf1,
  0x0f, 0x00, 0x00, 0x48, 0x89, 0x84, 0x24, 0x80, 0x00, 0x00, 0x00, 0x48,
  0x89, 0x94, 0x24, 0x88, 0x00, 0x00, 0x00, 0x48, 0xf7, 0x84, 0x24, 0x80,
  0x00, 0x00, 0x00, 0x01, 0x00, 0x00, 0x00, 0x74, 0x3c, 0x48, 0x8b, 0x84,
  0x24, 0x88, 0x00, 0x00, 0x00, 0x48, 0x89, 0x84, 0x24, 0x90, 0x00, 0x00,
  0x00, 0x48, 0x8d, 0x0d, 0x8c, 0x6f, 0x00, 0x00, 0xba, 0x2b, 0x00, 0x00,
  0x00, 0x4c, 0x8d, 0x84, 0x24, 0x90, 0x00, 0x00, 0x00, 0x4c, 0x8d, 0x0d,
  0x58, 0x6f, 0x00, 0x00, 0x48, 0x8d, 0x05, 0xc9, 0x6f, 0x00, 0x00, 0x48,
  0x89, 0x44, 0x24, 0x20, 0xe8, 0xf7, 0x5d, 0x00, 0x00, 0xe8, 0x32, 0x00,
  0x00, 0x00, 0x48, 0x8d, 0x4c, 0x24, 0x30, 0x48, 0x8d, 0x15, 0xde, 0x6f,
  0x00, 0x00, 0x4c, 0x8d, 0x44, 0x24, 0x60, 0xe8, 0x7c, 0x18, 0x00, 0x00,
  0x48, 0x8d, 0x4c, 0x24, 0x30, 0xe8, 0x22, 0x16, 0x00, 0x00, 0xfa, 0xf4,
  0xeb, 0xfc, 0xcc, 0xcc, 0xcc, 0xcc, 0xcc, 0xcc, 0xcc, 0xcc, 0xcc, 0xcc,
  0xcc, 0xcc, 0xcc, 0xcc, 0xc3, 0xcc, 0xcc, 0xcc, 0xcc, 0xcc, 0xcc, 0xcc,
  0xcc, 0xcc, 0xcc, 0xcc, 0xcc, 0xcc, 0xcc, 0xcc, 0x50, 0x48, 0x89, 0x0c,
  0x24, 0x48, 0x83, 0xf9, 0x00, 0x0f, 0x94, 0xc0, 0x24, 0x01, 0x59, 0xc3,
  0x48, 0x83, 0xec, 0x10, 0x48, 0x89, 0x0c, 0x24, 0x48, 0x8b, 0x01, 0x48,
  0x89, 0x44, 0x24, 0x08, 0x48, 0x83, 0xc4, 0x10, 0xc3, 0xcc, 0xcc, 0xcc,
  0xcc, 0xcc, 0xcc, 0xcc, 0xcc, 0xcc, 0xcc, 0xcc, 0x48, 0x83, 0xec, 0x38,
  0x48, 0x89, 0x4c, 0x24, 0x28, 0x48, 0x8d, 0x4c, 0x24, 0x28, 0xe8, 0xcd,
  0xff, 0xff, 0xff, 0x48, 0x89, 0xc2, 0xc6, 0x44, 0x24, 0x37, 0x01, 0x44,
  0x8a, 0x44, 0x24, 0x37, 0x48, 0x8d, 0x0d, 0xc1, 0x8e, 0x00, 0x00, 0xe8,
  0x44, 0x09, 0x00, 0x00, 0x48, 0x83, 0xc4, 0x38, 0xc3, 0xcc, 0xcc, 0xcc,
  0xcc, 0xcc, 0xcc, 0xcc, 0xcc, 0xcc, 0xcc, 0xcc, 0xcc, 0xcc, 0xcc, 0xcc,
  0x48, 0x83, 0xec, 0x48, 0xe8, 0x27, 0x0b, 0x00, 0x00, 0x48, 0x89, 0x44,
  0x24, 0x30, 0x48, 0x8b, 0x54, 0x24, 0x30, 0xb8, 0x01, 0x00, 0x00, 0x00,
  0x31, 0xc9, 0x48, 0x83, 0xfa, 0x00, 0x48, 0x0f, 0x44, 0xc1, 0x48, 0xa9,
  0x01, 0x00, 0x00, 0x00, 0x74, 0x31, 0x48, 0x8b, 0x44, 0x24, 0x30, 0x48,
  0x89, 0x44, 0x24, 0x28, 0x48, 0x8d, 0x44, 0x24, 0x28, 0x48, 0x89, 0x44,
  0x24, 0x40, 0x48, 0x8b, 0x44, 0x24, 0x28, 0x48, 0x89, 0x44, 0x24, 0x38,
  0x48, 0x8b, 0x48, 0x60, 0xe8, 0x4f, 0x11, 0x00, 0x00, 0x34, 0xff, 0x24,
  0x01, 0x88, 0x44, 0x24, 0x27, 0xeb, 0x05, 0xc6, 0x44, 0x24, 0x27, 0x00,
  0x8a, 0x44, 0x24, 0x27, 0x24, 0x01, 0x48, 0x83, 0xc4, 0x48, 0xc3, 0xcc,
  0xcc, 0xcc, 0xcc, 0xcc, 0x48, 0x83, 0xec, 0x58, 0x48, 0x89, 0x4c, 0x24,
  0x20, 0x48, 0x89, 0x4c, 0x24, 0x40, 0x48, 0x89, 0x54, 0x24, 0x48, 0x4c,
  0x89, 0x44, 0x24, 0x50, 0x48, 0x8d, 0x4c, 0x24, 0x28, 0xe8, 0xfe, 0x30,
  0x00, 0x00, 0x48, 0x8b, 0x44, 0x24, 0x20, 0x48, 0x8b, 0x4c, 0x24, 0x28,
  0x48, 0x89, 0x48, 0x18, 0x48, 0x8b, 0x4c, 0x24, 0x30, 0x48, 0x89, 0x48,
  0x20, 0x48, 0x8b, 0x4c, 0x24, 0x38, 0x48, 0x89, 0x48, 0x28, 0x48, 0x83,
  0xc4, 0x58, 0xc3, 0xcc, 0xcc, 0xcc, 0xcc, 0xcc, 0xcc, 0xcc, 0xcc, 0xcc,
  0x48, 0x83, 0xec, 0x58, 0x48, 0x89, 0x4c, 0x24, 0x20, 0x48, 0x89, 0x4c,
  0x24, 0x40, 0x48, 0x89, 0x54, 0x24, 0x48, 0x4c, 0x89, 0x44, 0x24, 0x50,
  0x48, 0x8d, 0x4c, 0x24, 0x28, 0xe8, 0xae, 0x30, 0x00, 0x00, 0x48, 0x8b,
  0x44, 0x24, 0x20, 0x48, 0x8b, 0x4c, 0x24, 0x28, 0x48, 0x89, 0x08, 0x48,
  0x8b, 0x4c, 0x24, 0x30, 0x48, 0x89, 0x48, 0x08, 0x48, 0x8b, 0x4c, 0x24,
  0x38, 0x48, 0x89, 0x48, 0x10, 0x48, 0x83, 0xc4, 0x58, 0xc3, 0xcc, 0xcc,
  0xcc, 0xcc, 0xcc, 0xcc, 0xcc, 0xcc, 0xcc, 0xcc, 0x48, 0x81, 0xec, 0x48,
  0x01, 0x00, 0x00, 0x48, 0x89, 0x4c, 0x24, 0x20, 0x48, 0x89, 0x4c, 0x24,
  0x28, 0x48, 0x8d, 0x8c, 0x24, 0xb0, 0x00, 0x00, 0x00, 0xba, 0x08, 0x00,
  0x00, 0x00, 0xe8, 0xfd, 0x16, 0x00, 0x00, 0x48, 0x8d, 0x8c, 0x24, 0xf8,
  0x00, 0x00, 0x00, 0xe8, 0x90, 0x02, 0x00, 0x00, 0x48, 0x8d, 0x8c, 0x24,
  0xe0, 0x00, 0x00, 0x00, 0x48, 0x8d, 0x94, 0x24, 0xf8, 0x00, 0x00, 0x00,
  0xe8, 0x3b, 0x02, 0x00, 0x00, 0x48, 0xc7, 0x84, 0x24, 0x10, 0x01, 0x00,
  0x00, 0x02, 0x00, 0x00, 0x00, 0x48, 0xc7, 0x84, 0x24, 0x28, 0x01, 0x00,
  0x00, 0x02, 0x00, 0x00, 0x00, 0xc7, 0x84, 0x24, 0x40, 0x01, 0x00, 0x00,
  0x00, 0x00, 0x00, 0x00, 0x48, 0x8b, 0x84, 0x24, 0xe0, 0x00, 0x00, 0x00,
  0x48, 0x89, 0x44, 0x24, 0x60, 0x48, 0x8b, 0x84, 0x24, 0xe8, 0x00, 0x00,
  0x00, 0x48, 0x89, 0x44, 0x24, 0x68, 0x48, 0x8b, 0x84, 0x24, 0xf0, 0x00,
  0x00, 0x00, 0x48, 0x89, 0x44, 0x24, 0x70, 0x48, 0x8d, 0x4c, 0x24, 0x30,
  0x48, 0x83, 0xc1, 0x50, 0x48, 0x8d, 0x94, 0x24, 0xb0, 0x00, 0x00, 0x00,
  0x41, 0xb8, 0x30, 0x00, 0x00, 0x00, 0xe8, 0x85, 0x35, 0x00, 0x00, 0x48,
  0x8b, 0x4c, 0x24, 0x20, 0x48, 0x8b, 0x84, 0x24, 0x10, 0x01, 0x00, 0x00,
  0x48, 0x89, 0x44, 0x24, 0x30, 0x48, 0x8b, 0x84, 0x24, 0x18, 0x01, 0x00,
  0x00, 0x48, 0x89, 0x44, 0x24, 0x38, 0x48, 0x8b, 0x84, 0x24, 0x20, 0x01,
  0x00, 0x00, 0x48, 0x89, 0x44, 0x24, 0x40, 0x48, 0x8b, 0x84, 0x24, 0x28,
  0x01, 0x00, 0x00, 0x48, 0x89, 0x44, 0x24, 0x48, 0x48, 0x8b, 0x84, 0x24,
  0x30, 0x01, 0x00, 0x00, 0x48, 0x89, 0x44, 0x24, 0x50, 0x48, 0x8b, 0x84,
  0x24, 0x38, 0x01, 0x00, 0x00, 0x48, 0x89, 0x44, 0x24, 0x58, 0x8b, 0x94,
  0x24, 0x40, 0x01, 0x00, 0x00, 0x8b, 0x84, 0x24, 0x44, 0x01, 0x00, 0x00,
  0x89, 0x54, 0x24, 0x78, 0x89, 0x44, 0x24, 0x7c, 0x48, 0x8d, 0x54, 0x24,
  0x30, 0x41, 0xb8, 0x80, 0x00, 0x00, 0x00, 0xe8, 0x0c, 0x35, 0x00, 0x00,
  0x48, 0x8b, 0x44, 0x24, 0x28, 0x48, 0x81, 0xc4, 0x48, 0x01, 0x00, 0x00,
  0xc3, 0xcc, 0xcc, 0xcc, 0xcc, 0xcc, 0xcc, 0xcc, 0xcc, 0xcc, 0xcc, 0xcc,
  0xcc, 0xcc, 0xcc, 0xcc, 0x48, 0x83, 0xec, 0x38, 0x48, 0x89, 0x4c, 0x24,
  0x28, 0x48, 0x89, 0x4c, 0x24, 0x30, 0x48, 0x83, 0xc1, 0x50, 0x41, 0xb8,
  0x30, 0x00, 0x00, 0x00, 0xe8, 0xd3, 0x34, 0x00, 0x00, 0x48, 0x8b, 0x44,
  0x24, 0x28, 0x48, 0x83, 0xc4, 0x38, 0xc3, 0xcc, 0xcc, 0xcc, 0xcc, 0xcc,
  0xcc, 0xcc, 0xcc, 0xcc, 0x48, 0x83, 0xec, 0x10, 0x48, 0x89, 0xc8, 0x48,
  0x89, 0x04, 0x24, 0x89, 0x54, 0x24, 0x08, 0x44, 0x89, 0x44, 0x24, 0x0c,
  0x89, 0x50, 0x48, 0x44, 0x89, 0x40, 0x4c, 0x48, 0x83, 0xc4, 0x10, 0xc3,
  0x48, 0x83, 0xec, 0x38, 0x48, 0x89, 0xc8, 0x48, 0x89, 0x44, 0x24, 0x28,
  0x48, 0x89, 0x54, 0x24, 0x30, 0xe8, 0xaa, 0x06, 0x00, 0x00, 0x48, 0x8b,
  0x44, 0x24, 0x28, 0x48, 0x83, 0xc4, 0x38, 0xc3, 0x48, 0x83, 0xec, 0x10,
  0x48, 0x89, 0xc8, 0x48, 0x89, 0x04, 0x24, 0x48, 0x89, 0x54, 0x24, 0x08,
  0x48, 0x89, 0x50, 0x30, 0x48, 0x83, 0xc4, 0x10, 0xc3, 0xcc, 0xcc, 0xcc,
  0xcc, 0xcc, 0xcc, 0xcc, 0x48, 0x83, 0xec, 0x18, 0x48, 0x89, 0xc8, 0x48,
  0x89, 0x04, 0x24, 0x48, 0x89, 0x54, 0x24, 0x08, 0x4c, 0x89, 0x44, 0x24,
  0x10, 0x48, 0x89, 0x50, 0x38, 0x4c, 0x89, 0x40, 0x40, 0x48, 0x83, 0xc4,
  0x18, 0xc3, 0xcc, 0xcc, 0xcc, 0xcc, 0xcc, 0xcc, 0xcc, 0xcc, 0xcc, 0xcc,
  0xcc, 0xcc, 0xcc, 0xcc, 0x48, 0x83, 0xec, 0x10, 0x48, 0x89, 0xc8, 0x48,
  0x89, 0x14, 0x24, 0x4c, 0x89, 0x44, 0x24, 0x08, 0x48, 0x89, 0x51, 0x08,
  0x4c, 0x89, 0x41, 0x10, 0x48, 0xc7, 0x01, 0x00, 0x00, 0x00, 0x00, 0x48,
  0x83, 0xc4, 0x10, 0xc3, 0xcc, 0xcc, 0xcc, 0xcc, 0xcc, 0xcc, 0xcc, 0xcc,
  0xcc, 0xcc, 0xcc, 0xcc, 0x48, 0x83, 0xec, 0x20, 0x48, 0x89, 0xc8, 0x48,
  0xc7, 0x44, 0x24, 0x18, 0x03, 0x00, 0x00, 0x00, 0x48, 0x8b, 0x54, 0x24,
  0x18, 0x48, 0x89, 0x14, 0x24, 0xba, 0x01, 0x00, 0x00, 0x00, 0x48, 0x89,
  0x54, 0x24, 0x08, 0x48, 0xc7, 0x44, 0x24, 0x10, 0x00, 0x00, 0x00, 0x00,
  0x48, 0x8b, 0x14, 0x24, 0x48, 0x89, 0x11, 0x48, 0x8b, 0x54, 0x24, 0x08,
  0x48, 0x89, 0x51, 0x08, 0x48, 0x8b, 0x54, 0x24, 0x10, 0x48, 0x89, 0x51,
  0x10, 0x48, 0x83, 0xc4, 0x20, 0xc3, 0xcc, 0xcc, 0xcc, 0xcc, 0xcc, 0xcc,
  0x48, 0x83, 0xec, 0x38, 0x48, 0x89, 0xc8, 0x48, 0x89, 0x44, 0x24, 0x28,
  0x48, 0x89, 0x54, 0x24, 0x30, 0xe8, 0xda, 0x06, 0x00, 0x00, 0x48, 0x8b,
  0x44, 0x24, 0x28, 0x48, 0x83, 0xc4, 0x38, 0xc3, 0x48, 0x83, 0xec, 0x28,
  0x48, 0x89, 0xc8, 0x48, 0x89, 0x44, 0x24, 0x20, 0xe8, 0x4f, 0xfd, 0xff,
  0xff, 0x48, 0x8b, 0x44, 0x24, 0x20, 0x48, 0x83, 0xc4, 0x28, 0xc3, 0xcc,
  0xcc, 0xcc, 0xcc, 0xcc, 0x48, 0x83, 0xec, 0x28, 0x48, 0x89, 0xc8, 0x48,
  0x89, 0x44, 0x24, 0x20, 0xe8, 0x5f, 0xff, 0xff, 0xff, 0x48, 0x8b, 0x44,
  0x24, 0x20, 0x48, 0x83, 0xc4, 0x28, 0xc3, 0xcc, 0xcc, 0xcc, 0xcc, 0xcc,
  0x50, 0x48, 0x89, 0x0c, 0x24, 0x48, 0x8b, 0x01, 0x59, 0xc3, 0xcc, 0xcc,
  0xcc, 0xcc, 0xcc, 0xcc, 0x48, 0x83, 0xec, 0x48, 0x48, 0x89, 0x4c, 0x24,
  0x30, 0x48, 0x89, 0x54, 0x24, 0x38, 0xe8, 0xdd, 0x06, 0x00, 0x00, 0x88,
  0x44, 0x24, 0x2f, 0xb8, 0x01, 0x00, 0x00, 0x00, 0x31, 0xc9, 0x80, 0x7c,
  0x24, 0x2f, 0x02, 0x48, 0x0f, 0x44, 0xc1, 0x48, 0xa9, 0x01, 0x00, 0x00,
  0x00, 0x74, 0x15, 0x8a, 0x44, 0x24, 0x2f, 0x88, 0x44, 0x24, 0x47, 0x3c,
  0x00, 0x0f, 0x9e, 0xc0, 0x24, 0x01, 0x88, 0x44, 0x24, 0x2e, 0xeb, 0x05,
  0xc6, 0x44, 0x24, 0x2e, 0x00, 0x8a, 0x44, 0x24, 0x2e, 0x24, 0x01, 0x48,
  0x83, 0xc4, 0x48, 0xc3, 0xcc, 0xcc, 0xcc, 0xcc, 0xcc, 0xcc, 0xcc, 0xcc,
  0xcc, 0xcc, 0xcc, 0xcc, 0x48, 0x83, 0xec, 0x28, 0x48, 0x89, 0x4c, 0x24,
  0x20, 0x48, 0x83, 0xf9, 0x00, 0x75, 0x11, 0x48, 0x8d, 0x0d, 0xd2, 0x6a,
  0x00, 0x00, 0xba, 0xd2, 0x00, 0x00, 0x00, 0xe8, 0x10, 0x58, 0x00, 0x00,
  0x48, 0x83, 0xc4, 0x28, 0xc3, 0xcc, 0xcc, 0xcc, 0xcc, 0xcc, 0xcc, 0xcc,
  0xcc, 0xcc, 0xcc, 0xcc, 0x48, 0x83, 0xec, 0x38, 0x48, 0x89, 0x4c, 0x24,
  0x20, 0x48, 0x89, 0x4c, 0x24, 0x30, 0x48, 0x83, 0xf9, 0x00, 0x75, 0x0b,
  0x48, 0xc7, 0x44, 0x24, 0x28, 0x00, 0x00, 0x00, 0x00, 0xeb, 0x02, 0xeb,
  0x0a, 0x48, 0x8b, 0x44, 0x24, 0x28, 0x48, 0x83, 0xc4, 0x38, 0xc3, 0x48,
  0x8b, 0x4c, 0x24, 0x20, 0xe8, 0x9b, 0xff, 0xff, 0xff, 0x48, 0x8b, 0x44,
  0x24, 0x20, 0x48, 0x89, 0x44, 0x24, 0x28, 0xeb, 0xe0, 0xcc, 0xcc, 0xcc,
  0xcc, 0xcc, 0xcc, 0xcc, 0xcc, 0xcc, 0xcc, 0xcc, 0xcc, 0xcc, 0xcc, 0xcc,
  0x48, 0x83, 0xec, 0x38, 0x48, 0x89, 0x4c, 0x24, 0x20, 0x88, 0x54, 0x24,
  0x2f, 0x48, 0x89, 0x4c, 0x24, 0x30, 0xe8, 0x99, 0x13, 0x00, 0x00, 0x48,
  0x83, 0xc4, 0x38, 0xc3, 0xcc, 0xcc, 0xcc, 0xcc, 0x48, 0x81, 0xec, 0xb8,
  0x00, 0x00, 0x00, 0x48, 0x89, 0x4c, 0x24, 0x20, 0x48, 0x89, 0x8c, 0x24,
  0x98, 0x00, 0x00, 0x00, 0x88, 0x94, 0x24, 0xa7, 0x00, 0x00, 0x00, 0x48,
  0x8d, 0x05, 0x2e, 0x6b, 0x00, 0x00, 0x48, 0x89, 0x84, 0x24, 0xa8, 0x00,
  0x00, 0x00, 0x48, 0x8d, 0x05, 0x57, 0x6b, 0x00, 0x00, 0x48, 0x89, 0x84,
  0x24, 0xb0, 0x00, 0x00, 0x00, 0x0f, 0xb6, 0xc2, 0x48, 0x89, 0x44, 0x24,
  0x28, 0x48, 0x8b, 0x44, 0x24, 0x28, 0x48, 0x8d, 0x0d, 0xe3, 0x6c, 0x00,
  0x00, 0x48, 0x63, 0x04, 0x81, 0x48, 0x01, 0xc8, 0xff, 0xe0, 0x0f, 0x0b,
  0x48, 0x8b, 0x44, 0x24, 0x20, 0x48, 0x8b, 0x00, 0x48, 0x89, 0x44, 0x24,
  0x30, 0xe9, 0xc7, 0x00, 0x00, 0x00, 0x48, 0x8d, 0x05, 0x17, 0x6b, 0x00,
  0x00, 0x48, 0x89, 0x44, 0x24, 0x38, 0x48, 0xc7, 0x44, 0x24, 0x40, 0x01,
  0x00, 0x00, 0x00, 0x48, 0x8b, 0x0d, 0x12, 0x6b, 0x00, 0x00, 0x48, 0x8b,
  0x05, 0x13, 0x6b, 0x00, 0x00, 0x48, 0x89, 0x4c, 0x24, 0x58, 0x48, 0x89,
  0x44, 0x24, 0x60, 0xb8, 0x08, 0x00, 0x00, 0x00, 0x48, 0x89, 0x44, 0x24,
  0x48, 0x48, 0xc7, 0x44, 0x24, 0x50, 0x00, 0x00, 0x00, 0x00, 0x48, 0x8d,
  0x4c, 0x24, 0x38, 0x48, 0x8d, 0x15, 0x6a, 0x6b, 0x00, 0x00, 0xe8, 0xf5,
  0x55, 0x00, 0x00, 0x48, 0x8b, 0x44, 0x24, 0x20, 0x48, 0x8b, 0x00, 0x48,
  0x89, 0x44, 0x24, 0x30, 0xeb, 0x67, 0x48, 0x8d, 0x05, 0x7f, 0x6a, 0x00,
  0x00, 0x48, 0x89, 0x44, 0x24, 0x68, 0x48, 0xc7, 0x44, 0x24, 0x70, 0x01,
  0x00, 0x00, 0x00, 0x48, 0x8b, 0x0d, 0xb2, 0x6a, 0x00, 0x00, 0x48, 0x8b,
  0x05, 0xb3, 0x6a, 0x00, 0x00, 0x48, 0x89, 0x8c, 0x24, 0x88, 0x00, 0x00,
  0x00, 0x48, 0x89, 0x84, 0x24, 0x90, 0x00, 0x00, 0x00, 0xb8, 0x08, 0x00,
  0x00, 0x00, 0x48, 0x89, 0x44, 0x24, 0x78, 0x48, 0xc7, 0x84, 0x24, 0x80,
  0x00, 0x00, 0x00, 0x00, 0x00, 0x00, 0x00, 0x48, 0x8d, 0x4c, 0x24, 0x68,
  0x48, 0x8d, 0x15, 0x19, 0x6b, 0x00, 0x00, 0xe8, 0x8c, 0x55, 0x00, 0x00,
  0x48, 0x8b, 0x44, 0x24, 0x20, 0x48, 0x8b, 0x00, 0x48, 0x89, 0x44, 0x24,
  0x30, 0x48, 0x8b, 0x44, 0x24, 0x30, 0x48, 0x81, 0xc4, 0xb8, 0x00, 0x00,
  0x00, 0xc3, 0xcc, 0xcc, 0x48, 0x81, 0xec, 0xc8, 0x00, 0x00, 0x00, 0x48,
  0x89, 0x54, 0x24, 0x28, 0x48, 0x89, 0x4c, 0x24, 0x30, 0x48, 0x89, 0x8c,
  0x24, 0xa0, 0x00, 0x00, 0x00, 0x48, 0x89, 0x94, 0x24, 0xa8, 0x00, 0x00,
  0x00, 0x44, 0x88, 0x84, 0x24, 0xb7, 0x00, 0x00, 0x00, 0x48, 0x8d, 0x05,
  0x18, 0x6b, 0x00, 0x00, 0x48, 0x89, 0x84, 0x24, 0xb8, 0x00, 0x00, 0x00,
  0x48, 0x8d, 0x05, 0x49, 0x6b, 0x00, 0x00, 0x48, 0x89, 0x84, 0x24, 0xc0,
  0x00, 0x00, 0x00, 0x41, 0x0f, 0xb6, 0xc0, 0x48, 0x89, 0x44, 0x24, 0x38,
  0x48, 0x8b, 0x44, 0x24, 0x38, 0x48, 0x8d, 0x0d, 0xa8, 0x6b, 0x00, 0x00,
  0x48, 0x63, 0x04, 0x81, 0x48, 0x01, 0xc8, 0xff, 0xe0, 0x0f, 0x0b, 0x48,
  0x8b, 0x44, 0x24, 0x30, 0x48, 0x8b, 0x4c, 0x24, 0x28, 0x48, 0x89, 0x08,
  0xe9, 0xcd, 0x00, 0x00, 0x00, 0x48, 0x8b, 0x44, 0x24, 0x30, 0x48, 0x8b,
  0x4c, 0x24, 0x28, 0x48, 0x89, 0x08, 0xe9, 0xbb, 0x00, 0x00, 0x00, 0x48,
  0x8d, 0x05, 0xf6, 0x6a, 0x00, 0x00, 0x48, 0x89, 0x44, 0x24, 0x40, 0x48,
  0xc7, 0x44, 0x24, 0x48, 0x01, 0x00, 0x00, 0x00, 0x48, 0x8b, 0x0d, 0xb1,
  0x69, 0x00, 0x00, 0x48, 0x8b, 0x05, 0xb2, 0x69, 0x00, 0x00, 0x48, 0x89,
  0x4c, 0x24, 0x60, 0x48, 0x89, 0x44, 0x24, 0x68, 0xb8, 0x08, 0x00, 0x00,
  0x00, 0x48, 0x89, 0x44, 0x24, 0x50, 0x48, 0xc7, 0x44, 0x24, 0x58, 0x00,
  0x00, 0x00, 0x00, 0x48, 0x8d, 0x4c, 0x24, 0x40, 0x48, 0x8d, 0x15, 0xc1,
  0x6a, 0x00, 0x00, 0xe8, 0x94, 0x54, 0x00, 0x00, 0x48, 0x8d, 0x05, 0x65,
  0x6a, 0x00, 0x00, 0x48, 0x89, 0x44, 0x24, 0x70, 0x48, 0xc7, 0x44, 0x24,
  0x78, 0x01, 0x00, 0x00, 0x00, 0x48, 0x8b, 0x0d, 0x60, 0x69, 0x00, 0x00,
  0x48, 0x8b, 0x05, 0x61, 0x69, 0x00, 0x00, 0x48, 0x89, 0x8c, 0x24, 0x90,
  0x00, 0x00, 0x00, 0x48, 0x89, 0x84, 0x24, 0x98, 0x00, 0x00, 0x00, 0xb8,
  0x08, 0x00, 0x00, 0x00, 0x48, 0x89, 0x84, 0x24, 0x80, 0x00, 0x00, 0x00,
  0x48, 0xc7, 0x84, 0x24, 0x88, 0x00, 0x00, 0x00, 0x00, 0x00, 0x00, 0x00,
  0x48, 0x8d, 0x4c, 0x24, 0x70, 0x48, 0x8d, 0x15, 0x7c, 0x6a, 0x00, 0x00,
  0xe8, 0x37, 0x54, 0x00, 0x00, 0x48, 0x8b, 0x4c, 0x24, 0x30, 0x48, 0x8b,
  0x44, 0x24, 0x28, 0x48, 0x87, 0x01, 0x48, 0x81, 0xc4, 0xc8, 0x00, 0x00,
  0x00, 0xc3, 0xcc, 0xcc, 0x48, 0x81, 0xec, 0xc8, 0x00, 0x00, 0x00, 0x48,
  0x89, 0x54, 0x24, 0x28, 0x48, 0x89, 0x4c, 0x24, 0x30, 0x48, 0x89, 0x8c,
  0x24, 0xa0, 0x00, 0x00, 0x00, 0x48, 0x89, 0x94, 0x24, 0xa8, 0x00, 0x00,
  0x00, 0x44, 0x88, 0x84, 0x24, 0xb7, 0x00, 0x00, 0x00, 0x48, 0x8d, 0x05,
  0xc8, 0x69, 0x00, 0x00, 0x48, 0x89, 0x84, 0x24, 0xb8, 0x00, 0x00, 0x00,
  0x48, 0x8d, 0x05, 0xf9, 0x69, 0x00, 0x00, 0x48, 0x89, 0x84, 0x24, 0xc0,
  0x00, 0x00, 0x00, 0x41, 0x0f, 0xb6, 0xc0, 0x48, 0x89, 0x44, 0x24, 0x38,
  0x48, 0x8b, 0x44, 0x24, 0x38, 0x48, 0x8d, 0x0d, 0x6c, 0x6a, 0x00, 0x00,
  0x48, 0x63, 0x04, 0x81, 0x48, 0x01, 0xc8, 0xff, 0xe0, 0x0f, 0x0b, 0x48,
  0x8b, 0x44, 0x24, 0x30, 0x48, 0x8b, 0x4c, 0x24, 0x28, 0x48, 0x89, 0x08,
  0xe9, 0xcd, 0x00, 0x00, 0x00, 0x48, 0x8b, 0x44, 0x24, 0x30, 0x48, 0x8b,
  0x4c, 0x24, 0x28, 0x48, 0x89, 0x08, 0xe9, 0xbb, 0x00, 0x00, 0x00, 0x48,
  0x8d, 0x05, 0xa6, 0x69, 0x00, 0x00, 0x48, 0x89, 0x44, 0x24, 0x40, 0x48,
  0xc7, 0x44, 0x24, 0x48, 0x01, 0x00, 0x00, 0x00, 0x48, 0x8b, 0x0d, 0x61,
  0x68, 0x00, 0x00, 0x48, 0x8b, 0x05, 0x62, 0x68, 0x00, 0x00, 0x48, 0x89,
  0x4c, 0x24, 0x60, 0x48, 0x89, 0x44, 0x24, 0x68, 0xb8, 0x08, 0x00, 0x00,
  0x00, 0x48, 0x89, 0x44, 0x24, 0x50, 0x48, 0xc7, 0x44, 0x24, 0x58, 0x00,
  0x00, 0x00, 0x00, 0x48, 0x8d, 0x4c, 0x24, 0x40, 0x48, 0x8d, 0x15, 0x71,
  0x69, 0x00, 0x00, 0xe8, 0x44, 0x53, 0x00, 0x00, 0x48, 0x8d, 0x05, 0x15,
  0x69, 0x00, 0x00, 0x48, 0x89, 0x44, 0x24, 0x70, 0x48, 0xc7, 0x44, 0x24,
  0x78, 0x01, 0x00, 0x00, 0x00, 0x48, 0x8b, 0x0d, 0x10, 0x68, 0x00, 0x00,
  0x48, 0x8b, 0x05, 0x11, 0x68, 0x00, 0x00, 0x48, 0x89, 0x8c, 0x24, 0x90,
  0x00, 0x00, 0x00, 0x48, 0x89, 0x84, 0x24, 0x98, 0x00, 0x00, 0x00, 0xb8,
  0x08, 0x00, 0x00, 0x00, 0x48, 0x89, 0x84, 0x24, 0x80, 0x00, 0x00, 0x00,
  0x48, 0xc7, 0x84, 0x24, 0x88, 0x00, 0x00, 0x00, 0x00, 0x00, 0x00, 0x00,
  0x48, 0x8d, 0x4c, 0x24, 0x70, 0x48, 0x8d, 0x15, 0x2c, 0x69, 0x00, 0x00,
  0xe8, 0xe7, 0x52, 0x00, 0x00, 0x48, 0x8b, 0x4c, 0x24, 0x30, 0x48, 0x8b,
  0x44, 0x24, 0x28, 0x48, 0x87, 0x01, 0x48, 0x81, 0xc4, 0xc8, 0x00, 0x00,
  0x00, 0xc3, 0xcc, 0xcc, 0x48, 0x83, 0xec, 0x38, 0x48, 0x89, 0x4c, 0x24,
  0x20, 0x88, 0x54, 0x24, 0x2f, 0x48, 0x89, 0x4c, 0x24, 0x30, 0xe8, 0x09,
  0xfc, 0xff, 0xff, 0x48, 0x83, 0xc4, 0x38, 0xc3, 0xcc, 0xcc, 0xcc, 0xcc,
  0x48, 0x83, 0xec, 0x48, 0x48, 0x89, 0x4c, 0x24, 0x28, 0x48, 0x89, 0x54,
  0x24, 0x30, 0x44, 0x88, 0x44, 0x24, 0x3f, 0x48, 0x89, 0x4c, 0x24, 0x40,
  0xe8, 0x23, 0xfd, 0xff, 0xff, 0x48, 0x83, 0xc4, 0x48, 0xc3, 0xcc, 0xcc,
  0xcc, 0xcc, 0xcc, 0xcc, 0xcc, 0xcc, 0xcc, 0xcc, 0xcc, 0xcc, 0xcc, 0xcc,
  0x48, 0x83, 0xec, 0x48, 0x48, 0x89, 0x4c, 0x24, 0x28, 0x48, 0x89, 0x54,
  0x24, 0x30, 0x44, 0x88, 0x44, 0x24, 0x3f, 0x48, 0x89, 0x4c, 0x24, 0x40,
  0xe8, 0x43, 0xfe, 0xff, 0xff, 0x48, 0x83, 0xc4, 0x48, 0xc3, 0xcc, 0xcc,
  0xcc, 0xcc, 0xcc, 0xcc, 0xcc, 0xcc, 0xcc, 0xcc, 0xcc, 0xcc, 0xcc, 0xcc,
  0x48, 0x81, 0xec, 0xc8, 0x00, 0x00, 0x00, 0x48, 0x89, 0x54, 0x24, 0x28,
  0x48, 0x89, 0x4c, 0x24, 0x38, 0x48, 0x89, 0x4c, 0x24, 0x40, 0x48, 0x89,
  0x94, 0x24, 0xc0, 0x00, 0x00, 0x00, 0x48, 0x83, 0xc2, 0x30, 0x48, 0x8d,
  0x4c, 0x24, 0x48, 0xe8, 0xf4, 0x00, 0x00, 0x00, 0x48, 0x8b, 0x54, 0x24,
  0x28, 0x48, 0x83, 0xc2, 0x50, 0x48, 0x8d, 0x4c, 0x24, 0x60, 0xe8, 0x71,
  0x25, 0x00, 0x00, 0x48, 0x8b, 0x54, 0x24, 0x28, 0x48, 0x8d, 0x8c, 0x24,
  0x90, 0x00, 0x00, 0x00, 0xe8, 0x0f, 0x29, 0x00, 0x00, 0x48, 0x8b, 0x54,
  0x24, 0x28, 0x48, 0x83, 0xc2, 0x18, 0x48, 0x8d, 0x8c, 0x24, 0xa8, 0x00,
  0x00, 0x00, 0xe8, 0xf9, 0x28, 0x00, 0x00, 0x48, 0x8b, 0x4c, 0x24, 0x28,
  0x48, 0x83, 0xc1, 0x48, 0xe8, 0x6b, 0x29, 0x00, 0x00, 0x48, 0x8b, 0x4c,
  0x24, 0x38, 0x89, 0x44, 0x24, 0x30, 0x89, 0x54, 0x24, 0x34, 0x48, 0x8b,
  0x44, 0x24, 0x48, 0x48, 0x89, 0x41, 0x30, 0x48, 0x8b, 0x44, 0x24, 0x50,
  0x48, 0x89, 0x41, 0x38, 0x48, 0x8b, 0x44, 0x24, 0x58, 0x48, 0x89, 0x41,
  0x40, 0x48, 0x83, 0xc1, 0x50, 0x48, 0x8d, 0x54, 0x24, 0x60, 0x41, 0xb8,
  0x30, 0x00, 0x00, 0x00, 0xe8, 0x2f, 0x2d, 0x00, 0x00, 0x44, 0x8b, 0x44,
  0x24, 0x30, 0x8b, 0x54, 0x24, 0x34, 0x48, 0x8b, 0x4c, 0x24, 0x38, 0x48,
  0x8b, 0x44, 0x24, 0x40, 0x4c, 0x8b, 0x8c, 0x24, 0x90, 0x00, 0x00, 0x00,
  0x4c, 0x89, 0x09, 0x4c, 0x8b, 0x8c, 0x24, 0x98, 0x00, 0x00, 0x00, 0x4c,
  0x89, 0x49, 0x08, 0x4c, 0x8b, 0x8c, 0x24, 0xa0, 0x00, 0x00, 0x00, 0x4c,
  0x89, 0x49, 0x10, 0x4c, 0x8b, 0x8c, 0x24, 0xa8, 0x00, 0x00, 0x00, 0x4c,
  0x89, 0x49, 0x18, 0x4c, 0x8b, 0x8c, 0x24, 0xb0, 0x00, 0x00, 0x00, 0x4c,
  0x89, 0x49, 0x20, 0x4c, 0x8b, 0x8c, 0x24, 0xb8, 0x00, 0x00, 0x00, 0x4c,
  0x89, 0x49, 0x28, 0x44, 0x89, 0x41, 0x48, 0x89, 0x51, 0x4c, 0x48, 0x81,
  0xc4, 0xc8, 0x00, 0x00, 0x00, 0xc3, 0xcc, 0xcc, 0xcc, 0xcc, 0xcc, 0xcc,
  0x48, 0x83, 0xec, 0x48, 0x48, 0x89, 0x54, 0x24, 0x28, 0x48, 0x89, 0xc8,
  0x48, 0x8b, 0x4c, 0x24, 0x28, 0x48, 0x89, 0x44, 0x24, 0x30, 0x48, 0x89,
  0x44, 0x24, 0x38, 0x48, 0x89, 0x4c, 0x24, 0x40, 0xe8, 0x4b, 0xf9, 0xff,
  0xff, 0x48, 0x8b, 0x54, 0x24, 0x28, 0x48, 0x8b, 0x4c, 0x24, 0x30, 0x49,
  0x89, 0xc1, 0x48, 0x8b, 0x44, 0x24, 0x38, 0x4c, 0x8b, 0x42, 0x08, 0x48,
  0x8b, 0x52, 0x10, 0x4c, 0x89, 0x09, 0x4c, 0x89, 0x41, 0x08, 0x48, 0x89,
  0x51, 0x10, 0x48, 0x83, 0xc4, 0x48, 0xc3, 0xcc, 0x50, 0x48, 0x89, 0xc8,
  0x48, 0x89, 0x14, 0x24, 0x4c, 0x8b, 0x02, 0x4c, 0x89, 0x01, 0x4c, 0x8b,
  0x42, 0x08, 0x4c, 0x89, 0x41, 0x08, 0x48, 0x8b, 0x52, 0x10, 0x48, 0x89,
  0x51, 0x10, 0x59, 0xc3, 0x48, 0x83, 0xec, 0x48, 0x48, 0x89, 0x4c, 0x24,
  0x38, 0x48, 0x89, 0x54, 0x24, 0x40, 0x48, 0x8b, 0x01, 0x48, 0x89, 0x44,
  0x24, 0x28, 0x48, 0x8b, 0x02, 0x48, 0x89, 0x44, 0x24, 0x30, 0x48, 0x8d,
  0x4c, 0x24, 0x28, 0x48, 0x8d, 0x54, 0x24, 0x30, 0xe8, 0x63, 0x2c, 0x00,
  0x00, 0x88, 0x44, 0x24, 0x27, 0x8a, 0x44, 0x24, 0x27, 0x48, 0x83, 0xc4,
  0x48, 0xc3, 0xcc, 0xcc, 0xcc, 0xcc, 0xcc, 0xcc, 0x48, 0x83, 0xec, 0x38,
  0xc6, 0x44, 0x24, 0x2f, 0x02, 0x8a, 0x54, 0x24, 0x2f, 0x48, 0x8d, 0x0d,
  0x6c, 0x83, 0x00, 0x00, 0xe8, 0x97, 0xfd, 0xff, 0xff, 0x48, 0x89, 0xc1,
  0x48, 0x89, 0x4c, 0x24, 0x30, 0xe8, 0x3a, 0xf9, 0xff, 0xff, 0x48, 0x83,
  0xc4, 0x38, 0xc3, 0xcc, 0xcc, 0xcc, 0xcc, 0xcc, 0x48, 0x83, 0xec, 0x28,
  0x48, 0x89, 0x4c, 0x24, 0x20, 0xe8, 0xc2, 0xff, 0xff, 0xff, 0x4c, 0x8b,
  0x4c, 0x24, 0x20, 0x48, 0x89, 0xc1, 0x48, 0x8d, 0x15, 0x8b, 0x66, 0x00,
  0x00, 0x41, 0xb8, 0x26, 0x00, 0x00, 0x00, 0xe8, 0x98, 0x26, 0x00, 0x00,
  0x48, 0x83, 0xc4, 0x28, 0xc3, 0xcc, 0xcc, 0xcc, 0x48, 0x83, 0xec, 0x38,
  0x48, 0x89, 0xca, 0x48, 0x89, 0x54, 0x24, 0x28, 0x48, 0x89, 0x54, 0x24,
  0x30, 0xc6, 0x44, 0x24, 0x27, 0x01, 0x44, 0x8a, 0x44, 0x24, 0x27, 0x48,
  0x8d, 0x0d, 0xfe, 0x82, 0x00, 0x00, 0xe8, 0x49, 0xfd, 0xff, 0xff, 0x48,
  0x83, 0xc4, 0x38, 0xc3, 0xcc, 0xcc, 0xcc, 0xcc, 0x48, 0x81, 0xec, 0x88,
  0x00, 0x00, 0x00, 0x48, 0x89, 0x4c, 0x24, 0x38, 0x48, 0x89, 0x4c, 0x24,
  0x60, 0xe8, 0x9a, 0x49, 0x00, 0x00, 0x48, 0x89, 0x44, 0x24, 0x58, 0x48,
  0x8b, 0x54, 0x24, 0x58, 0xb8, 0x01, 0x00, 0x00, 0x00, 0x31, 0xc9, 0x48,
  0x83, 0xfa, 0x00, 0x48, 0x0f, 0x44, 0xc1, 0x48, 0xa9, 0x01, 0x00, 0x00,
  0x00, 0x74, 0x48, 0x48, 0x8b, 0x44, 0x24, 0x38, 0x48, 0x8b, 0x4c, 0x24,
  0x58, 0x48, 0x89, 0x4c, 0x24, 0x70, 0x48, 0x89, 0x4c, 0x24, 0x50, 0x48,
  0x8b, 0x4c, 0x24, 0x50, 0x48, 0x89, 0x4c, 0x24, 0x20, 0x48, 0x89, 0x4c,
  0x24, 0x78, 0x48, 0x8b, 0x48, 0x10, 0x48, 0x89, 0x4c, 0x24, 0x28, 0x48,
  0x89, 0x8c, 0x24, 0x80, 0x00, 0x00, 0x00, 0x48, 0x8b, 0x40, 0x10, 0x48,
  0x83, 0xc0, 0x01, 0x48, 0x89, 0x44, 0x24, 0x30, 0x0f, 0x92, 0xc0, 0x72,
  0x41, 0xeb, 0x1b, 0x48, 0xc7, 0x44, 0x24, 0x48, 0x00, 0x00, 0x00, 0x00,
  0x48, 0x8b, 0x44, 0x24, 0x40, 0x48, 0x8b, 0x54, 0x24, 0x48, 0x48, 0x81,
  0xc4, 0x88, 0x00, 0x00, 0x00, 0xc3, 0x48, 0x8b, 0x44, 0x24, 0x20, 0x48,
  0x8b, 0x4c, 0x24, 0x28, 0x48, 0x8b, 0x54, 0x24, 0x38, 0x4c, 0x8b, 0x44,
  0x24, 0x30, 0x4c, 0x89, 0x42, 0x10, 0x48, 0x89, 0x4c, 0x24, 0x40, 0x48,
  0x89, 0x44, 0x24, 0x48, 0xeb, 0xca, 0x48, 0x8d, 0x0d, 0x6b, 0x66, 0x00,
  0x00, 0xe8, 0x36, 0x52, 0x00, 0x00, 0xcc, 0xcc, 0xcc, 0xcc, 0xcc, 0xcc,
  0x48, 0x81, 0xec, 0x88, 0x00, 0x00, 0x00, 0x4c, 0x89, 0x44, 0x24, 0x30,
  0x48, 0x89, 0x54, 0x24, 0x38, 0x89, 0x4c, 0x24, 0x44, 0x89, 0x4c, 0x24,
  0x54, 0x48, 0x89, 0x54, 0x24, 0x58, 0x4c, 0x89, 0x44, 0x24, 0x60, 0x81,
  0xf9, 0x80, 0x00, 0x00, 0x00, 0x72, 0x0d, 0x8b, 0x44, 0x24, 0x44, 0x3d,
  0x00, 0x08, 0x00, 0x00, 0x72, 0x1a, 0xeb, 0x0b, 0x48, 0xc7, 0x44, 0x24,
  0x48, 0x01, 0x00, 0x00, 0x00, 0xeb, 0x2c, 0x8b, 0x44, 0x24, 0x44, 0x3d,
  0x00, 0x00, 0x01, 0x00, 0x72, 0x18, 0xeb, 0x0b, 0x48, 0xc7, 0x44, 0x24,
  0x48, 0x02, 0x00, 0x00, 0x00, 0xeb, 0x14, 0x48, 0xc7, 0x44, 0x24, 0x48,
  0x04, 0x00, 0x00, 0x00, 0xeb, 0x09, 0x48, 0xc7, 0x44, 0x24, 0x48, 0x03,
  0x00, 0x00, 0x00, 0x48, 0x8b, 0x44, 0x24, 0x30, 0x48, 0x89, 0x44, 0x24,
  0x68, 0x48, 0x3b, 0x44, 0x24, 0x48, 0x72, 0x29, 0x48, 0x8b, 0x54, 0x24,
  0x38, 0x8b, 0x4c, 0x24, 0x44, 0xe8, 0x72, 0x00, 0x00, 0x00, 0x48, 0x8b,
  0x44, 0x24, 0x38, 0x48, 0x89, 0x44, 0x24, 0x70, 0x48, 0x8b, 0x44, 0x24,
  0x48, 0x48, 0x89, 0x44, 0x24, 0x28, 0x48, 0x89, 0x44, 0x24, 0x78, 0xeb,
  0x22, 0x4c, 0x8b, 0x44, 0x24, 0x30, 0x8b, 0x4c, 0x24, 0x44, 0x48, 0x8b,
  0x54, 0x24, 0x48, 0x48, 0x89, 0x94, 0x24, 0x80, 0x00, 0x00, 0x00, 0x4c,
  0x8d, 0x0d, 0x2a, 0x66, 0x00, 0x00, 0xe8, 0xd5, 0x50, 0x00, 0x00, 0x4c,
  0x8b, 0x4c, 0x24, 0x28, 0x48, 0x8b, 0x4c, 0x24, 0x38, 0x41, 0xb8, 0x01,
  0x00, 0x00, 0x00, 0x4c, 0x89, 0xc2, 0xe8, 0x3d, 0x04, 0x00, 0x00, 0x48,
  0x8b, 0x54, 0x24, 0x28, 0x48, 0x8b, 0x44, 0x24, 0x38, 0x48, 0x81, 0xc4,
  0x88, 0x00, 0x00, 0x00, 0xc3, 0xcc, 0xcc, 0xcc, 0xcc, 0xcc, 0xcc, 0xcc,
  0xcc, 0xcc, 0xcc, 0xcc, 0x48, 0x83, 0xec, 0x58, 0x48, 0x89, 0x14, 0x24,
  0x89, 0x4c, 0x24, 0x0c, 0x89, 0x4c, 0x24, 0x1c, 0x48, 0x89, 0x54, 0x24,
  0x20, 0x48, 0xc7, 0x44, 0x24, 0x28, 0x01, 0x00, 0x00, 0x00, 0x48, 0xc7,
  0x44, 0x24, 0x30, 0x01, 0x00, 0x00, 0x00, 0x48, 0xc7, 0x44, 0x24, 0x38,
  0x01, 0x00, 0x00, 0x00, 0x48, 0xc7, 0x44, 0x24, 0x40, 0x02, 0x00, 0x00,
  0x00, 0x48, 0xc7, 0x44, 0x24, 0x48, 0x02, 0x00, 0x00, 0x00, 0x48, 0xc7,
  0x44, 0x24, 0x50, 0x03, 0x00, 0x00, 0x00, 0x81, 0xf9, 0x80, 0x00, 0x00,
  0x00, 0x72, 0x0d, 0x8b, 0x44, 0x24, 0x0c, 0x3d, 0x00, 0x08, 0x00, 0x00,
  0x72, 0x27, 0xeb, 0x18, 0x48, 0x8b, 0x04, 0x24, 0x8b, 0x4c, 0x24, 0x0c,
  0x48, 0xc7, 0x44, 0x24, 0x10, 0x01, 0x00, 0x00, 0x00, 0x88, 0x08, 0xe9,
  0xb0, 0x00, 0x00, 0x00, 0x8b, 0x44, 0x24, 0x0c, 0x3d, 0x00, 0x00, 0x01,
  0x00, 0x72, 0x70, 0xeb, 0x29, 0x48, 0x8b, 0x04, 0x24, 0x8b, 0x4c, 0x24,
  0x0c, 0x48, 0xc7, 0x44, 0x24, 0x10, 0x02, 0x00, 0x00, 0x00, 0x89, 0xca,
  0xc1, 0xea, 0x06, 0x83, 0xe2, 0x1f, 0x80, 0xca, 0xc0, 0x88, 0x10, 0x83,
  0xe1, 0x3f, 0x80, 0xc9, 0x80, 0x88, 0x48, 0x01, 0xeb, 0x7a, 0x48, 0x8b,
  0x04, 0x24, 0x8b, 0x4c, 0x24, 0x0c, 0x48, 0xc7, 0x44, 0x24, 0x10, 0x04,
  0x00, 0x00, 0x00, 0x89, 0xca, 0xc1, 0xea, 0x12, 0x83, 0xe2, 0x07, 0x80,
  0xca, 0xf0, 0x88, 0x10, 0x89, 0xca, 0xc1, 0xea, 0x0c, 0x83, 0xe2, 0x3f,
  0x80, 0xca, 0x80, 0x88, 0x50, 0x01, 0x89, 0xca, 0xc1, 0xea, 0x06, 0x83,
  0xe2, 0x3f, 0x80, 0xca, 0x80, 0x88, 0x50, 0x02, 0x83, 0xe1, 0x3f, 0x80,
  0xc9, 0x80, 0x88, 0x48, 0x03, 0xeb, 0x35, 0x48, 0x8b, 0x04, 0x24, 0x8b,
  0x4c, 0x24, 0x0c, 0x48, 0xc7, 0x44, 0x24, 0x10, 0x03, 0x00, 0x00, 0x00,
  0x89, 0xca, 0xc1, 0xea, 0x0c, 0x83, 0xe2, 0x0f, 0x80, 0xca, 0xe0, 0x88,
  0x10, 0x89, 0xca, 0xc1, 0xea, 0x06, 0x83, 0xe2, 0x3f, 0x80, 0xca, 0x80,
  0x88, 0x50, 0x01, 0x83, 0xe1, 0x3f, 0x80, 0xc9, 0x80, 0x88, 0x48, 0x02,
  0x48, 0x83, 0xc4, 0x58, 0xc3, 0xcc, 0xcc, 0xcc, 0x48, 0x89, 0xc8, 0x4c,
  0x8b, 0x02, 0x4c, 0x89, 0x01, 0x4c, 0x8b, 0x42, 0x08, 0x4c, 0x89, 0x41,
  0x08, 0x48, 0x8b, 0x52, 0x10, 0x48, 0x89, 0x51, 0x10, 0xc3, 0xcc, 0xcc,
  0xcc, 0xcc, 0xcc, 0xcc, 0x48, 0x83, 0xec, 0x10, 0x48, 0xc7, 0x04, 0x24,
  0x00, 0x00, 0x00, 0x00, 0x48, 0x8b, 0x04, 0x24, 0x48, 0x8b, 0x54, 0x24,
  0x08, 0x48, 0x83, 0xc4, 0x10, 0xc3, 0xcc, 0xcc, 0xcc, 0xcc, 0xcc, 0xcc,
  0x48, 0x81, 0xec, 0xa8, 0x00, 0x00, 0x00, 0x4c, 0x89, 0x44, 0x24, 0x40,
  0x48, 0x89, 0x54, 0x24, 0x38, 0x48, 0x89, 0x4c, 0x24, 0x30, 0x48, 0x89,
  0x54, 0x24, 0x60, 0x4c, 0x89, 0x44, 0x24, 0x68, 0xe8, 0x5b, 0x00, 0x00,
  0x00, 0x48, 0x89, 0x44, 0x24, 0x48, 0x48, 0x89, 0xd0, 0x48, 0x8b, 0x54,
  0x24, 0x30, 0x48, 0x89, 0x44, 0x24, 0x50, 0x48, 0x8d, 0x4c, 0x24, 0x78,
  0x41, 0xb8, 0x30, 0x00, 0x00, 0x00, 0xe8, 0xf9, 0x27, 0x00, 0x00, 0x48,
  0x8b, 0x54, 0x24, 0x38, 0x4c, 0x8b, 0x44, 0x24, 0x40, 0x4c, 0x8b, 0x4c,
  0x24, 0x48, 0x48, 0x8b, 0x44, 0x24, 0x50, 0x48, 0x8d, 0x4c, 0x24, 0x78,
  0x48, 0x89, 0x44, 0x24, 0x20, 0xe8, 0x36, 0x00, 0x00, 0x00, 0x48, 0x81,
  0xc4, 0xa8, 0x00, 0x00, 0x00, 0xc3, 0xcc, 0xcc, 0xcc, 0xcc, 0xcc, 0xcc,
  0xcc, 0xcc, 0xcc, 0xcc, 0xcc, 0xcc, 0xcc, 0xcc, 0x48, 0x83, 0xec, 0x18,
  0x48, 0xc7, 0x04, 0x24, 0x00, 0x00, 0x00, 0x00, 0x48, 0x8b, 0x04, 0x24,
  0x48, 0x8b, 0x54, 0x24, 0x08, 0x48, 0x83, 0xc4, 0x18, 0xc3, 0xcc, 0xcc,
  0xcc, 0xcc, 0xcc, 0xcc, 0x48, 0x81, 0xec, 0x48, 0x02, 0x00, 0x00, 0x48,
  0x89, 0x54, 0x24, 0x38, 0x48, 0x89, 0x4c, 0x24, 0x40, 0x48, 0x8b, 0x84,
  0x24, 0x70, 0x02, 0x00, 0x00, 0x4c, 0x89, 0x4c, 0x24, 0x78, 0x48, 0x89,
  0x84, 0x24, 0x80, 0x00, 0x00, 0x00, 0x48, 0x89, 0x94, 0x24, 0xe0, 0x01,
  0x00, 0x00, 0x4c, 0x89, 0x84, 0x24, 0xe8, 0x01, 0x00, 0x00, 0x49, 0x8b,
  0x08, 0x48, 0x89, 0x4c, 0x24, 0x48, 0x49, 0x8b, 0x40, 0x08, 0x48, 0x89,
  0x44, 0x24, 0x50, 0x48, 0x89, 0x8c, 0x24, 0xf0, 0x01, 0x00, 0x00, 0x48,
  0x89, 0x84, 0x24, 0xf8, 0x01, 0x00, 0x00, 0x49, 0x8b, 0x48, 0x10, 0x48,
  0x89, 0x4c, 0x24, 0x58, 0x49, 0x8b, 0x40, 0x18, 0x48, 0x89, 0x44, 0x24,
  0x60, 0x48, 0x89, 0x8c, 0x24, 0x00, 0x02, 0x00, 0x00, 0x48, 0x89, 0x84,
  0x24, 0x08, 0x02, 0x00, 0x00, 0x49, 0x8b, 0x40, 0x20, 0x48, 0x89, 0x44,
  0x24, 0x68, 0x48, 0x89, 0x84, 0x24, 0x10, 0x02, 0x00, 0x00, 0x48, 0x8d,
  0x4c, 0x24, 0x78, 0xe8, 0x5c, 0x22, 0x00, 0x00, 0xa8, 0x01, 0x0f, 0x85,
  0x2d, 0x01, 0x00, 0x00, 0x48, 0x8d, 0x8c, 0x24, 0xb8, 0x00, 0x00, 0x00,
  0xe8, 0x67, 0xf3, 0xff, 0xff, 0x48, 0x8b, 0x54, 0x24, 0x40, 0x48, 0x8d,
  0x8c, 0x24, 0x18, 0x02, 0x00, 0x00, 0x41, 0xb8, 0x30, 0x00, 0x00, 0x00,
  0xe8, 0xdf, 0x26, 0x00, 0x00, 0x48, 0x8d, 0x8c, 0x24, 0xb8, 0x00, 0x00,
  0x00, 0x48, 0x8d, 0x94, 0x24, 0x18, 0x02, 0x00, 0x00, 0xe8, 0xda, 0xf1,
  0xff, 0xff, 0x48, 0x8b, 0x54, 0x24, 0x38, 0x48, 0x89, 0xc1, 0xe8, 0x3d,
  0xf2, 0xff, 0xff, 0x48, 0x8b, 0x54, 0x24, 0x48, 0x4c, 0x8b, 0x44, 0x24,
  0x50, 0x48, 0x89, 0xc1, 0xe8, 0x4b, 0xf2, 0xff, 0xff, 0x48, 0x8b, 0x54,
  0x24, 0x58, 0x48, 0x89, 0xc1, 0x48, 0x8b, 0x44, 0x24, 0x60, 0x48, 0x89,
  0x94, 0x24, 0x38, 0x01, 0x00, 0x00, 0x48, 0x89, 0x84, 0x24, 0x40, 0x01,
  0x00, 0x00, 0x48, 0x8b, 0x94, 0x24, 0x38, 0x01, 0x00, 0x00, 0x4c, 0x8b,
  0x84, 0x24, 0x40, 0x01, 0x00, 0x00, 0xe8, 0xf9, 0xef, 0xff, 0xff, 0x48,
  0x8b, 0x4c, 0x24, 0x68, 0x48, 0x89, 0x44, 0x24, 0x28, 0xe8, 0xda, 0x1d,
  0x00, 0x00, 0x48, 0x8b, 0x4c, 0x24, 0x28, 0x48, 0x89, 0x84, 0x24, 0x48,
  0x01, 0x00, 0x00, 0x48, 0x89, 0x94, 0x24, 0x50, 0x01, 0x00, 0x00, 0x48,
  0x8b, 0x94, 0x24, 0x48, 0x01, 0x00, 0x00, 0x4c, 0x8b, 0x84, 0x24, 0x50,
  0x01, 0x00, 0x00, 0xe8, 0x70, 0xef, 0xff, 0xff, 0x48, 0x8b, 0x4c, 0x24,
  0x68, 0x48, 0x89, 0x44, 0x24, 0x30, 0xe8, 0xb1, 0x1d, 0x00, 0x00, 0x48,
  0x8b, 0x4c, 0x24, 0x30, 0x89, 0x84, 0x24, 0x5c, 0x01, 0x00, 0x00, 0xc7,
  0x84, 0x24, 0x58, 0x01, 0x00, 0x00, 0x01, 0x00, 0x00, 0x00, 0x8b, 0x94,
  0x24, 0x58, 0x01, 0x00, 0x00, 0x44, 0x8b, 0x84, 0x24, 0x5c, 0x01, 0x00,
  0x00, 0xe8, 0x46, 0xf1, 0xff, 0xff, 0x48, 0x8d, 0x8c, 0x24, 0x60, 0x01,
  0x00, 0x00, 0x48, 0x8d, 0x94, 0x24, 0xb8, 0x00, 0x00, 0x00, 0xe8, 0x51,
  0xf1, 0xff, 0xff, 0x48, 0x8d, 0x4c, 0x24, 0x77, 0x48, 0x8d, 0x94, 0x24,
  0x60, 0x01, 0x00, 0x00, 0xe8, 0x2f, 0x09, 0x00, 0x00, 0x48, 0x81, 0xc4,
  0x48, 0x02, 0x00, 0x00, 0xc3, 0x48, 0x8d, 0x8c, 0x24, 0x88, 0x00, 0x00,
  0x00, 0x48, 0x8d, 0x15, 0x70, 0x62, 0x00, 0x00, 0xe8, 0x83, 0x25, 0x00,
  0x00, 0x48, 0x8d, 0x8c, 0x24, 0x88, 0x00, 0x00, 0x00, 0x48, 0x8d, 0x15,
  0xd4, 0x62, 0x00, 0x00, 0xe8, 0x1f, 0x4a, 0x00, 0x00, 0xcc, 0xcc, 0xcc,
  0xcc, 0xcc, 0xcc, 0xcc, 0xcc, 0xcc, 0xcc, 0xcc, 0xcc, 0xcc, 0xcc, 0xcc,
  0x50, 0x48, 0x89, 0x0c, 0x24, 0x48, 0x83, 0xf9, 0x00, 0x0f, 0x94, 0xc0,
  0x24, 0x01, 0x59, 0xc3, 0x48, 0x81, 0xec, 0xc8, 0x00, 0x00, 0x00, 0x4c,
  0x89, 0x4c, 0x24, 0x30, 0x4c, 0x89, 0x44, 0x24, 0x40, 0x48, 0x89, 0x54,
  0x24, 0x38, 0x48, 0x89, 0xc8, 0x48, 0x8b, 0x4c, 0x24, 0x40, 0x48, 0x89,
  0x44, 0x24, 0x48, 0x48, 0x89, 0x84, 0x24, 0x88, 0x00, 0x00, 0x00, 0x48,
  0x89, 0x94, 0x24, 0x90, 0x00, 0x00, 0x00, 0x48, 0x89, 0x8c, 0x24, 0x98,
  0x00, 0x00, 0x00, 0x4c, 0x89, 0x8c, 0x24, 0xa0, 0x00, 0x00, 0x00, 0xc6,
  0x84, 0x24, 0xae, 0x00, 0x00, 0x00, 0x00, 0xc6, 0x84, 0x24, 0xaf, 0x00,
  0x00, 0x00, 0x00, 0x48, 0x8d, 0x15, 0x9e, 0x62, 0x00, 0x00, 0x48, 0x89,
  0x94, 0x24, 0xb0, 0x00, 0x00, 0x00, 0x48, 0x89, 0x84, 0x24, 0xb8, 0x00,
  0x00, 0x00, 0x48, 0x89, 0xc8, 0x48, 0xd1, 0xe8, 0x48, 0xba, 0x55, 0x55,
  0x55, 0x55, 0x55, 0x55, 0x55, 0x55, 0x48, 0x21, 0xd0, 0x48, 0x29, 0xc1,
  0x48, 0xba, 0x33, 0x33, 0x33, 0x33, 0x33, 0x33, 0x33, 0x33, 0x48, 0x89,
  0xc8, 0x48, 0x21, 0xd0, 0x48, 0xc1, 0xe9, 0x02, 0x48, 0x21, 0xd1, 0x48,
  0x01, 0xc8, 0x48, 0x89, 0xc1, 0x48, 0xc1, 0xe9, 0x04, 0x48, 0x01, 0xc8,
  0x48, 0xb9, 0x0f, 0x0f, 0x0f, 0x0f, 0x0f, 0x0f, 0x0f, 0x0f, 0x48, 0x21,
  0xc8, 0x48, 0xb9, 0x01, 0x01, 0x01, 0x01, 0x01, 0x01, 0x01, 0x01, 0x48,
  0x0f, 0xaf, 0xc1, 0x48, 0xc1, 0xe8, 0x38, 0x89, 0x84, 0x24, 0xc4, 0x00,
  0x00, 0x00, 0x83, 0xbc, 0x24, 0xc4, 0x00, 0x00, 0x00, 0x01, 0x75, 0x19,
  0x48, 0x8b, 0x44, 0x24, 0x48, 0x48, 0x8b, 0x4c, 0x24, 0x40, 0x48, 0x83,
  0xe9, 0x01, 0x48, 0x21, 0xc8, 0x48, 0x83, 0xf8, 0x00, 0x74, 0x53, 0xeb,
  0x65, 0x48, 0x8d, 0x05, 0x04, 0x62, 0x00, 0x00, 0x48, 0x89, 0x44, 0x24,
  0x50, 0x48, 0xc7, 0x44, 0x24, 0x58, 0x01, 0x00, 0x00, 0x00, 0x48, 0x8b,
  0x0d, 0x87, 0x62, 0x00, 0x00, 0x48, 0x8b, 0x05, 0x88, 0x62, 0x00, 0x00,
  0x48, 0x89, 0x4c, 0x24, 0x70, 0x48, 0x89, 0x44, 0x24, 0x78, 0xb8, 0x08,
  0x00, 0x00, 0x00, 0x48, 0x89, 0x44, 0x24, 0x60, 0x48, 0xc7, 0x44, 0x24,
  0x68, 0x00, 0x00, 0x00, 0x00, 0x48, 0x8d, 0x4c, 0x24, 0x50, 0x48, 0x8d,
  0x15, 0xdf, 0x62, 0x00, 0x00, 0xe8, 0xc2, 0x48, 0x00, 0x00, 0x48, 0x8b,
  0x44, 0x24, 0x48, 0x48, 0x83, 0xf8, 0x00, 0x0f, 0x94, 0xc0, 0x34, 0xff,
  0xa8, 0x01, 0x75, 0x06, 0xeb, 0x02, 0xeb, 0x00, 0xeb, 0x73, 0x48, 0x8b,
  0x44, 0x24, 0x38, 0x48, 0x83, 0xf8, 0x00, 0x0f, 0x94, 0xc1, 0x88, 0x4c,
  0x24, 0x2f, 0x48, 0x83, 0xf8, 0x00, 0x75, 0x0e, 0x48, 0xc7, 0x84, 0x24,
  0x80, 0x00, 0x00, 0x00, 0xff, 0xff, 0xff, 0xff, 0xeb, 0x0a, 0x8a, 0x44,
  0x24, 0x2f, 0xa8, 0x01, 0x75, 0x31, 0xeb, 0x11, 0x48, 0x8b, 0x44, 0x24,
  0x30, 0x48, 0x3b, 0x84, 0x24, 0x80, 0x00, 0x00, 0x00, 0x76, 0x2e, 0xeb,
  0x2a, 0x48, 0x8b, 0x4c, 0x24, 0x38, 0x48, 0xb8, 0xff, 0xff, 0xff, 0xff,
  0xff, 0xff, 0xff, 0x7f, 0x31, 0xd2, 0x48, 0xf7, 0xf1, 0x48, 0x89, 0x84,
  0x24, 0x80, 0x00, 0x00, 0x00, 0xeb, 0xd1, 0x48, 0x8d, 0x0d, 0xbe, 0x61,
  0x00, 0x00, 0xe8, 0xf1, 0x4b, 0x00, 0x00, 0xeb, 0x08, 0x48, 0x81, 0xc4,
  0xc8, 0x00, 0x00, 0x00, 0xc3, 0x48, 0x8d, 0x0d, 0x60, 0x62, 0x00, 0x00,
  0xba, 0x1b, 0x01, 0x00, 0x00, 0xe8, 0x06, 0x49, 0x00, 0x00, 0xcc, 0xcc,
  0xcc, 0xcc, 0xcc, 0xcc, 0x48, 0x81, 0xec, 0xd8, 0x00, 0x00, 0x00, 0x4c,
  0x89, 0x44, 0x24, 0x48, 0x48, 0x89, 0x4c, 0x24, 0x70, 0x48, 0x89, 0x54,
  0x24, 0x78, 0x48, 0x89, 0x8c, 0x24, 0xc0, 0x00, 0x00, 0x00, 0x48, 0x89,
  0x94, 0x24, 0xc8, 0x00, 0x00, 0x00, 0x48, 0x89, 0x54, 0x24, 0x38, 0x48,
  0x89, 0x4c, 0x24, 0x40, 0x48, 0x89, 0x8c, 0x24, 0x88, 0x00, 0x00, 0x00,
  0x48, 0x89, 0x94, 0x24, 0x90, 0x00, 0x00, 0x00, 0x48, 0x89, 0x94, 0x24,
  0x98, 0x00, 0x00, 0x00, 0x48, 0xc7, 0x44, 0x24, 0x58, 0x00, 0x00, 0x00,
  0x00, 0x48, 0x8b, 0x44, 0x24, 0x38, 0x48, 0x39, 0x44, 0x24, 0x58, 0x72,
  0x0a, 0xc6, 0x44, 0x24, 0x57, 0x02, 0xe9, 0xb3, 0x00, 0x00, 0x00, 0x48,
  0x8b, 0x54, 0x24, 0x38, 0x48, 0x8b, 0x4c, 0x24, 0x40, 0x4c, 0x8b, 0x44,
  0x24, 0x58, 0xe8, 0x15, 0x42, 0x00, 0x00, 0x89, 0xc1, 0x89, 0x8c, 0x24,
  0xa0, 0x00, 0x00, 0x00, 0x48, 0xc1, 0xe8, 0x20, 0x66, 0x89, 0x84, 0x24,
  0xa4, 0x00, 0x00, 0x00, 0x66, 0x8b, 0x84, 0x24, 0xa4, 0x00, 0x00, 0x00,
  0x66, 0x89, 0x44, 0x24, 0x6c, 0x8b, 0x84, 0x24, 0xa0, 0x00, 0x00, 0x00,
  0x89, 0x44, 0x24, 0x68, 0x66, 0x8b, 0x44, 0x24, 0x6c, 0x66, 0x89, 0x84,
  0x24, 0xac, 0x00, 0x00, 0x00, 0x8b, 0x44, 0x24, 0x68, 0x89, 0x84, 0x24,
  0xa8, 0x00, 0x00, 0x00, 0x8b, 0x8c, 0x24, 0xa8, 0x00, 0x00, 0x00, 0x8b,
  0x84, 0x24, 0xac, 0x00, 0x00, 0x00, 0x48, 0xc1, 0xe0, 0x20, 0x48, 0x09,
  0xc1, 0xe8, 0x66, 0x40, 0x00, 0x00, 0x89, 0xc1, 0x89, 0x8c, 0x24, 0xb0,
  0x00, 0x00, 0x00, 0x48, 0xc1, 0xe8, 0x20, 0x66, 0x89, 0x84, 0x24, 0xb4,
  0x00, 0x00, 0x00, 0x8b, 0x84, 0x24, 0xb0, 0x00, 0x00, 0x00, 0x89, 0x44,
  0x24, 0x62, 0x66, 0x8b, 0x84, 0x24, 0xb4, 0x00, 0x00, 0x00, 0x66, 0x89,
  0x44, 0x24, 0x66, 0x8a, 0x44, 0x24, 0x62, 0x24, 0x01, 0x0f, 0xb6, 0xc0,
  0x48, 0xa9, 0x01, 0x00, 0x00, 0x00, 0x75, 0x0e, 0xeb, 0x33, 0x8a, 0x44,
  0x24, 0x57, 0x48, 0x81, 0xc4, 0xd8, 0x00, 0x00, 0x00, 0xc3, 0x8a, 0x4c,
  0x24, 0x63, 0x88, 0xc8, 0x24, 0x01, 0x88, 0x84, 0x24, 0xbf, 0x00, 0x00,
  0x00, 0x80, 0xe1, 0x01, 0x48, 0x8d, 0x15, 0xb9, 0x62, 0x00, 0x00, 0xe8,
  0xcc, 0x3e, 0x00, 0x00, 0x88, 0x44, 0x24, 0x57, 0xe9, 0xa5, 0x00, 0x00,
  0x00, 0x66, 0x8b, 0x4c, 0x24, 0x64, 0x66, 0x89, 0x4c, 0x24, 0x2e, 0x8a,
  0x44, 0x24, 0x66, 0x66, 0x89, 0x8c, 0x24, 0xba, 0x00, 0x00, 0x00, 0x88,
  0x84, 0x24, 0xbc, 0x00, 0x00, 0x00, 0x88, 0x84, 0x24, 0xd7, 0x00, 0x00,
  0x00, 0x0f, 0xb6, 0xc0, 0x48, 0x03, 0x44, 0x24, 0x58, 0x48, 0x89, 0x44,
  0x24, 0x30, 0x0f, 0x92, 0xc0, 0x72, 0x41, 0x66, 0x8b, 0x54, 0x24, 0x2e,
  0x48, 0x8b, 0x44, 0x24, 0x30, 0x48, 0x89, 0x44, 0x24, 0x58, 0x48, 0x8d,
  0x4c, 0x24, 0x48, 0xe8, 0xf4, 0x2d, 0x00, 0x00, 0x88, 0xc1, 0xe8, 0x4d,
  0x3f, 0x00, 0x00, 0x88, 0x44, 0x24, 0x6f, 0xb8, 0x01, 0x00, 0x00, 0x00,
  0x31, 0xc9, 0x80, 0x7c, 0x24, 0x6f, 0x02, 0x48, 0x0f, 0x44, 0xc1, 0x48,
  0xa9, 0x01, 0x00, 0x00, 0x00, 0x75, 0x11, 0xe9, 0x8d, 0xfe, 0xff, 0xff,
  0x48, 0x8d, 0x0d, 0xfd, 0x61, 0x00, 0x00, 0xe8, 0x60, 0x49, 0x00, 0x00,
  0x8a, 0x4c, 0x24, 0x6f, 0x88, 0xc8, 0x24, 0x01, 0x88, 0x84, 0x24, 0xbe,
  0x00, 0x00, 0x00, 0x80, 0xe1, 0x01, 0x48, 0x8d, 0x15, 0xf7, 0x61, 0x00,
  0x00, 0xe8, 0x22, 0x3e, 0x00, 0x00, 0x88, 0x44, 0x24, 0x57, 0xe9, 0x23,
  0xff, 0xff, 0xff, 0xcc, 0xcc, 0xcc, 0xcc, 0xcc, 0xcc, 0xcc, 0xcc, 0xcc,
  0x48, 0x81, 0xec, 0x98, 0x00, 0x00, 0x00, 0x48, 0x89, 0x4c, 0x24, 0x20,
  0xe8, 0x5f, 0xea, 0xff, 0xff, 0xa8, 0x01, 0x75, 0x20, 0x48, 0xc7, 0x44,
  0x24, 0x28, 0x04, 0x00, 0x00, 0x00, 0x48, 0x8d, 0x4c, 0x24, 0x28, 0x48,
  0x8d, 0x15, 0xe6, 0x61, 0x00, 0x00, 0xe8, 0x41, 0xee, 0xff, 0xff, 0xa8,
  0x01, 0x75, 0x14, 0xeb, 0x0a, 0x48, 0x8b, 0x4c, 0x24, 0x20, 0xe8, 0x71,
  0x19, 0x00, 0x00, 0x48, 0x81, 0xc4, 0x98, 0x00, 0x00, 0x00, 0xc3, 0xc6,
  0x84, 0x24, 0x97, 0x00, 0x00, 0x00, 0x00, 0x8a, 0x94, 0x24, 0x97, 0x00,
  0x00, 0x00, 0x48, 0x8b, 0x0d, 0xb3, 0x78, 0x00, 0x00, 0xe8, 0xee, 0xee,
  0xff, 0xff, 0x48, 0x89, 0x44, 0x24, 0x30, 0x48, 0x8d, 0x4c, 0x24, 0x28,
  0x48, 0x8d, 0x54, 0x24, 0x30, 0xe8, 0xfa, 0xed, 0xff, 0xff, 0xa8, 0x01,
  0x75, 0x02, 0xeb, 0xc3, 0x48, 0x8d, 0x4c, 0x24, 0x38, 0x48, 0x8d, 0x15,
  0xd0, 0x61, 0x00, 0x00, 0xe8, 0xe3, 0x20, 0x00, 0x00, 0x48, 0x8d, 0x0d,
  0x54, 0x62, 0x00, 0x00, 0xe8, 0x97, 0x04, 0x00, 0x00, 0x48, 0x8d, 0x0d,
  0xc8, 0x61, 0x00, 0x00, 0x48, 0x89, 0x4c, 0x24, 0x68, 0x48, 0xc7, 0x44,
  0x24, 0x70, 0x16, 0x00, 0x00, 0x00, 0x48, 0x8d, 0x0d, 0xb3, 0x61, 0x00,
  0x00, 0x48, 0x89, 0x4c, 0x24, 0x78, 0x48, 0xc7, 0x84, 0x24, 0x80, 0x00,
  0x00, 0x00, 0x16, 0x00, 0x00, 0x00, 0x48, 0x89, 0x84, 0x24, 0x88, 0x00,
  0x00, 0x00, 0x48, 0x8b, 0x54, 0x24, 0x28, 0x48, 0x8d, 0x4c, 0x24, 0x38,
  0x4c, 0x8d, 0x44, 0x24, 0x68, 0xe8, 0x8e, 0xf8, 0xff, 0xff, 0xe9, 0x58,
  0xff, 0xff, 0xff, 0xcc, 0xcc, 0xcc, 0xcc, 0xcc, 0xcc, 0xcc, 0xcc, 0xcc,
  0x48, 0x83, 0xec, 0x78, 0x48, 0x89, 0x54, 0x24, 0x28, 0x48, 0x89, 0x4c,
  0x24, 0x60, 0x48, 0x8b, 0x44, 0x24, 0x60, 0x48, 0x8b, 0x00, 0x48, 0x89,
  0x44, 0x24, 0x68, 0x48, 0x89, 0x54, 0x24, 0x70, 0x48, 0x8b, 0x11, 0x48,
  0x8d, 0x4c, 0x24, 0x30, 0x41, 0xb8, 0x30, 0x00, 0x00, 0x00, 0xe8, 0x8d,
  0x20, 0x00, 0x00, 0x48, 0x8b, 0x4c, 0x24, 0x28, 0x48, 0x8d, 0x54, 0x24,
  0x30, 0xe8, 0x7e, 0x23, 0x00, 0x00, 0x88, 0xc1, 0x80, 0xe1, 0x01, 0x48,
  0x8d, 0x15, 0xc2, 0x61, 0x00, 0x00, 0x4c, 0x8d, 0x0d, 0xdb, 0x61, 0x00,
  0x00, 0x41, 0xb8, 0x19, 0x00, 0x00, 0x00, 0xe8, 0xd0, 0x1d, 0x00, 0x00,
  0x48, 0x83, 0xc4, 0x78, 0xc3, 0xcc, 0xcc, 0xcc, 0xcc, 0xcc, 0xcc, 0xcc,
  0xcc, 0xcc, 0xcc, 0xcc, 0x48, 0x83, 0xec, 0x38, 0x48, 0x89, 0x4c, 0x24,
  0x20, 0x48, 0x89, 0x4c, 0x24, 0x28, 0x48, 0x83, 0xf9, 0x00, 0x75, 0x18,
  0x48, 0x8d, 0x0d, 0xbd, 0x61, 0x00, 0x00, 0xba, 0x34, 0x00, 0x00, 0x00,
  0x4c, 0x8d, 0x05, 0x49, 0x62, 0x00, 0x00, 0xe8, 0x24, 0x45, 0x00, 0x00,
  0x48, 0x8b, 0x44, 0x24, 0x20, 0x48, 0x83, 0xc4, 0x38, 0xc3, 0xcc, 0xcc,
  0xcc, 0xcc, 0xcc, 0xcc, 0xcc, 0xcc, 0xcc, 0xcc, 0x48, 0x83, 0xec, 0x28,
  0x48, 0x89, 0x4c, 0x24, 0x20, 0xe8, 0xb2, 0xff, 0xff, 0xff, 0x48, 0x83,
  0xc4, 0x28, 0xc3, 0xcc, 0xcc, 0xcc, 0xcc, 0xcc, 0xcc, 0xcc, 0xcc, 0xcc,
  0xcc, 0xcc, 0xcc, 0xcc, 0x56, 0x57, 0x48, 0x83, 0xec, 0x78, 0x48, 0x89,
  0x54, 0x24, 0x58, 0x48, 0x89, 0xcf, 0x48, 0x8b, 0x4c, 0x24, 0x58, 0x48,
  0x89, 0x7c, 0x24, 0x68, 0x48, 0x89, 0x4c, 0x24, 0x70, 0x48, 0x89, 0xf8,
  0x48, 0x83, 0xc0, 0x08, 0x48, 0x89, 0x44, 0x24, 0x60, 0x48, 0x8d, 0x15,
  0xf8, 0x61, 0x00, 0x00, 0x41, 0xb8, 0x05, 0x00, 0x00, 0x00, 0x4c, 0x8d,
  0x0d, 0xf0, 0x61, 0x00, 0x00, 0x48, 0x8d, 0x35, 0xf4, 0x61, 0x00, 0x00,
  0x4c, 0x8d, 0x1d, 0x0d, 0x62, 0x00, 0x00, 0x4c, 0x8d, 0x54, 0x24, 0x60,
  0x48, 0x8d, 0x05, 0x09, 0x62, 0x00, 0x00, 0x48, 0xc7, 0x44, 0x24, 0x20,
  0x06, 0x00, 0x00, 0x00, 0x48, 0x89, 0x7c, 0x24, 0x28, 0x48, 0x89, 0x74,
  0x24, 0x30, 0x4c, 0x89, 0x5c, 0x24, 0x38, 0x48, 0xc7, 0x44, 0x24, 0x40,
  0x04, 0x00, 0x00, 0x00, 0x4c, 0x89, 0x54, 0x24, 0x48, 0x48, 0x89, 0x44,
  0x24, 0x50, 0xe8, 0xf9, 0x0f, 0x00, 0x00, 0x24, 0x01, 0x48, 0x83, 0xc4,
  0x78, 0x5f, 0x5e, 0xc3, 0x48, 0x83, 0xec, 0x10, 0x48, 0x89, 0xc8, 0x48,
  0x89, 0x14, 0x24, 0x4c, 0x89, 0x44, 0x24, 0x08, 0x48, 0x89, 0x11, 0x48,
  0xc7, 0x41, 0x08, 0x01, 0x00, 0x00, 0x00, 0x4c, 0x8b, 0x0d, 0xce, 0x61,
  0x00, 0x00, 0x48, 0x8b, 0x15, 0xcf, 0x61, 0x00, 0x00, 0x4c, 0x89, 0x49,
  0x20, 0x48, 0x89, 0x51, 0x28, 0x4c, 0x89, 0x41, 0x10, 0x48, 0xc7, 0x41,
  0x18, 0x00, 0x00, 0x00, 0x00, 0x48, 0x83, 0xc4, 0x10, 0xc3, 0xcc, 0xcc,
  0xcc, 0xcc, 0xcc, 0xcc, 0xcc, 0xcc, 0xcc, 0xcc, 0xcc, 0xcc, 0xcc, 0xcc,
  0x50, 0x48, 0x89, 0xc8, 0x48, 0x89, 0x14, 0x24, 0x48, 0x89, 0x11, 0x48,
  0xc7, 0x41, 0x08, 0x00, 0x00, 0x00, 0x00, 0x4c, 0x8b, 0x05, 0x86, 0x61,
  0x00, 0x00, 0x48, 0x8b, 0x15, 0x87, 0x61, 0x00, 0x00, 0x4c, 0x89, 0x41,
  0x20, 0x48, 0x89, 0x51, 0x28, 0xba, 0x08, 0x00, 0x00, 0x00, 0x48, 0x89,
  0x51, 0x10, 0x48, 0xc7, 0x41, 0x18, 0x00, 0x00, 0x00, 0x00, 0x59, 0xc3,
  0xcc, 0xcc, 0xcc, 0xcc, 0x48, 0x83, 0xec, 0x38, 0x48, 0x89, 0x4c, 0x24,
  0x20, 0x88, 0x54, 0x24, 0x2f, 0x48, 0x89, 0x4c, 0x24, 0x30, 0xe8, 0x09,
  0x00, 0x00, 0x00, 0x48, 0x83, 0xc4, 0x38, 0xc3, 0xcc, 0xcc, 0xcc, 0xcc,
  0x48, 0x81, 0xec, 0xb8, 0x00, 0x00, 0x00, 0x48, 0x89, 0x4c, 0x24, 0x20,
  0x48, 0x89, 0x8c, 0x24, 0x98, 0x00, 0x00, 0x00, 0x88, 0x94, 0x24, 0xa7,
  0x00, 0x00, 0x00, 0x48, 0x8d, 0x05, 0x66, 0x61, 0x00, 0x00, 0x48, 0x89,
  0x84, 0x24, 0xa8, 0x00, 0x00, 0x00, 0x48, 0x8d, 0x05, 0x8f, 0x61, 0x00,
  0x00, 0x48, 0x89, 0x84, 0x24, 0xb0, 0x00, 0x00, 0x00, 0x0f, 0xb6, 0xc2,
  0x48, 0x89, 0x44, 0x24, 0x28, 0x48, 0x8b, 0x44, 0x24, 0x28, 0x48, 0x8d,
  0x0d, 0x5b, 0x62, 0x00, 0x00, 0x48, 0x63, 0x04, 0x81, 0x48, 0x01, 0xc8,
  0xff, 0xe0, 0x0f, 0x0b, 0x48, 0x8b, 0x44, 0x24, 0x20, 0x48, 0x8b, 0x00,
  0x48, 0x89, 0x44, 0x24, 0x30, 0xe9, 0xc7, 0x00, 0x00, 0x00, 0x48, 0x8d,
  0x05, 0x4f, 0x61, 0x00, 0x00, 0x48, 0x89, 0x44, 0x24, 0x38, 0x48, 0xc7,
  0x44, 0x24, 0x40, 0x01, 0x00, 0x00, 0x00, 0x48, 0x8b, 0x0d, 0xba, 0x60,
  0x00, 0x00, 0x48, 0x8b, 0x05, 0xbb, 0x60, 0x00, 0x00, 0x48, 0x89, 0x4c,
  0x24, 0x58, 0x48, 0x89, 0x44, 0x24, 0x60, 0xb8, 0x08, 0x00, 0x00, 0x00,
  0x48, 0x89, 0x44, 0x24, 0x48, 0x48, 0xc7, 0x44, 0x24, 0x50, 0x00, 0x00,
  0x00, 0x00, 0x48, 0x8d, 0x4c, 0x24, 0x38, 0x48, 0x8d, 0x15, 0x92, 0x61,
  0x00, 0x00, 0xe8, 0x65, 0x42, 0x00, 0x00, 0x48, 0x8b, 0x44, 0x24, 0x20,
  0x48, 0x8b, 0x00, 0x48, 0x89, 0x44, 0x24, 0x30, 0xeb, 0x67, 0x48, 0x8d,
  0x05, 0xb7, 0x60, 0x00, 0x00, 0x48, 0x89, 0x44, 0x24, 0x68, 0x48, 0xc7,
  0x44, 0x24, 0x70, 0x01, 0x00, 0x00, 0x00, 0x48, 0x8b, 0x0d, 0x5a, 0x60,
  0x00, 0x00, 0x48, 0x8b, 0x05, 0x5b, 0x60, 0x00, 0x00, 0x48, 0x89, 0x8c,
  0x24, 0x88, 0x00, 0x00, 0x00, 0x48, 0x89, 0x84, 0x24, 0x90, 0x00, 0x00,
  0x00, 0xb8, 0x08, 0x00, 0x00, 0x00, 0x48, 0x89, 0x44, 0x24, 0x78, 0x48,
  0xc7, 0x84, 0x24, 0x80, 0x00, 0x00, 0x00, 0x00, 0x00, 0x00, 0x00, 0x48,
  0x8d, 0x4c, 0x24, 0x68, 0x48, 0x8d, 0x15, 0x41, 0x61, 0x00, 0x00, 0xe8,
  0xfc, 0x41, 0x00, 0x00, 0x48, 0x8b, 0x44, 0x24, 0x20, 0x48, 0x8b, 0x00,
  0x48, 0x89, 0x44, 0x24, 0x30, 0x48, 0x8b, 0x44, 0x24, 0x30, 0x48, 0x81,
  0xc4, 0xb8, 0x00, 0x00, 0x00, 0xc3, 0xcc, 0xcc, 0x50, 0x48, 0x89, 0x0c,
  0x24, 0x48, 0x8b, 0x04, 0x24, 0x59, 0xc3, 0xcc, 0xcc, 0xcc, 0xcc, 0xcc,
  0x48, 0x83, 0xec, 0x10, 0x48, 0x89, 0x0c, 0x24, 0x48, 0x89, 0x54, 0x24,
  0x08, 0x31, 0xc0, 0x24, 0x01, 0x48, 0x83, 0xc4, 0x10, 0xc3, 0xcc, 0xcc,
  0xcc, 0xcc, 0xcc, 0xcc, 0xcc, 0xcc, 0xcc, 0xcc, 0x48, 0x83, 0xec, 0x10,
  0x48, 0x89, 0x0c, 0x24, 0x48, 0x89, 0x54, 0x24, 0x08, 0x48, 0x83, 0xc4,
  0x10, 0xc3, 0xcc, 0xcc, 0xcc, 0xcc, 0xcc, 0xcc, 0xcc, 0xcc, 0xcc, 0xcc,
  0xcc, 0xcc, 0xcc, 0xcc, 0x50, 0x48, 0x89, 0x0c, 0x24, 0x58, 0xc3, 0xcc,
  0xcc, 0xcc, 0xcc, 0xcc, 0xcc, 0xcc, 0xcc, 0xcc, 0x48, 0x83, 0xec, 0x38,
  0xc6, 0x44, 0x24, 0x37, 0x02, 0x8a, 0x54, 0x24, 0x37, 0x48, 0x8d, 0x0d,
  0x74, 0x74, 0x00, 0x00, 0xe8, 0x27, 0xfe, 0xff, 0xff, 0x48, 0x83, 0xf8,
  0x02, 0x75, 0x1a, 0x48, 0x8b, 0x0d, 0x3a, 0x74, 0x00, 0x00, 0x48, 0x8b,
  0x05, 0x3b, 0x74, 0x00, 0x00, 0x48, 0x89, 0x4c, 0x24, 0x20, 0x48, 0x89,
  0x44, 0x24, 0x28, 0xeb, 0x18, 0x48, 0x8d, 0x05, 0xc8, 0x60, 0x00, 0x00,
  0x48, 0x89, 0x44, 0x24, 0x20, 0x48, 0x8d, 0x05, 0x8c, 0x60, 0x00, 0x00,
  0x48, 0x89, 0x44, 0x24, 0x28, 0x48, 0x8b, 0x44, 0x24, 0x20, 0x48, 0x8b,
  0x54, 0x24, 0x28, 0x48, 0x83, 0xc4, 0x38, 0xc3, 0x48, 0x83, 0xec, 0x38,
  0x48, 0x89, 0x54, 0x24, 0x20, 0x48, 0x89, 0x4c, 0x24, 0x28, 0x48, 0x89,
  0x54, 0x24, 0x30, 0xe8, 0x88, 0xff, 0xff, 0xff, 0x48, 0x89, 0xc1, 0x48,
  0x89, 0xd0, 0x48, 0x8b, 0x54, 0x24, 0x20, 0xff, 0x50, 0x20, 0x48, 0x83,
  0xc4, 0x38, 0xc3, 0xcc, 0xcc, 0xcc, 0xcc, 0xcc, 0x48, 0x83, 0xec, 0x28,
  0xe8, 0x07, 0xff, 0xff, 0xff, 0x48, 0x83, 0xc4, 0x28, 0xc3, 0xcc, 0xcc,
  0x55, 0x41, 0x57, 0x41, 0x56, 0x41, 0x55, 0x41, 0x54, 0x56, 0x57, 0x53,
  0x48, 0x83, 0xec, 0x58, 0x48, 0x8d, 0x6c, 0x24, 0x50, 0x48, 0x89, 0x55,
  0x00, 0x49, 0xbc, 0x80, 0x80, 0x80, 0x80, 0x80, 0x80, 0x80, 0x80, 0x49,
  0xbe, 0x0a, 0x0a, 0x0a, 0x0a, 0x0a, 0x0a, 0x0a, 0x0a, 0x48, 0xbb, 0x00,
  0x01, 0x01, 0x01, 0x01, 0x01, 0x01, 0x01, 0x48, 0x8b, 0x41, 0x10, 0x48,
  0x89, 0x45, 0xe0, 0x48, 0x8b, 0x01, 0x48, 0x89, 0x45, 0xe8, 0x48, 0x8b,
  0x41, 0x08, 0x48, 0x89, 0x45, 0xf0, 0x31, 0xff, 0x45, 0x31, 0xed, 0x48,
  0xc7, 0x45, 0xd8, 0x00, 0x00, 0x00, 0x00, 0x4c, 0x89, 0x45, 0xf8, 0xeb,
  0x4d, 0x66, 0x66, 0x66, 0x66, 0x66, 0x66, 0x2e, 0x0f, 0x1f, 0x84, 0x00,
  0x00, 0x00, 0x00, 0x00, 0x43, 0x80, 0x7c, 0x22, 0xff, 0x0a, 0x0f, 0x94,
  0xc0, 0x4d, 0x29, 0xec, 0x4d, 0x01, 0xd5, 0x48, 0x8b, 0x4d, 0xe0, 0x88,
  0x01, 0x48, 0x8b, 0x4d, 0xe8, 0x4c, 0x89, 0xea, 0x4d, 0x89, 0xe0, 0x48,
  0x8b, 0x45, 0xf0, 0xff, 0x50, 0x18, 0x4d, 0x89, 0xfd, 0x84, 0xc0, 0x4d,
  0x89, 0xf4, 0x49, 0x89, 0xde, 0x48, 0x89, 0xf3, 0x4c, 0x8b, 0x45, 0xf8,
  0x0f, 0x85, 0xcf, 0x01, 0x00, 0x00, 0xf6, 0x45, 0xd8, 0x01, 0x0f, 0x85,
  0xc1, 0x01, 0x00, 0x00, 0x49, 0x39, 0xf8, 0x73, 0x13, 0x49, 0x89, 0xff,
  0x4c, 0x8b, 0x55, 0x00, 0xe9, 0x5a, 0x01, 0x00, 0x00, 0x0f, 0x1f, 0x80,
  0x00, 0x00, 0x00, 0x00, 0x4c, 0x8b, 0x55, 0x00, 0xeb, 0x16, 0x66, 0x2e,
  0x0f, 0x1f, 0x84, 0x00, 0x00, 0x00, 0x00, 0x00, 0x4c, 0x89, 0xff, 0x4d,
  0x39, 0xc7, 0x0f, 0x87, 0x37, 0x01, 0x00, 0x00, 0x4c, 0x89, 0xc1, 0x48,
  0x29, 0xf9, 0x49, 0x8d, 0x04, 0x3a, 0x48, 0x83, 0xf9, 0x0f, 0x77, 0x34,
  0x49, 0x39, 0xf8, 0x0f, 0x84, 0x1b, 0x01, 0x00, 0x00, 0x45, 0x31, 0xc9,
  0x0f, 0x1f, 0x84, 0x00, 0x00, 0x00, 0x00, 0x00, 0x42, 0x80, 0x3c, 0x08,
  0x0a, 0x0f, 0x84, 0xd5, 0x00, 0x00, 0x00, 0x49, 0xff, 0xc1, 0x4c, 0x39,
  0xc9, 0x75, 0xed, 0xe9, 0xf8, 0x00, 0x00, 0x00, 0x0f, 0x1f, 0x84, 0x00,
  0x00, 0x00, 0x00, 0x00, 0x48, 0x8d, 0x70, 0x07, 0x48, 0x83, 0xe6, 0xf8,
  0x48, 0x89, 0xf2, 0x48, 0x29, 0xc2, 0x74, 0x2e, 0x45, 0x31, 0xc9, 0x66,
  0x66, 0x66, 0x66, 0x2e, 0x0f, 0x1f, 0x84, 0x00, 0x00, 0x00, 0x00, 0x00,
  0x42, 0x80, 0x3c, 0x08, 0x0a, 0x0f, 0x84, 0x95, 0x00, 0x00, 0x00, 0x49,
  0xff, 0xc1, 0x4c, 0x39, 0xca, 0x75, 0xed, 0x4c, 0x8d, 0x49, 0xf0, 0x4c,
  0x39, 0xca, 0x76, 0x06, 0xeb, 0x4c, 0x4c, 0x8d, 0x49, 0xf0, 0x41, 0xb8,
  0x08, 0x00, 0x00, 0x00, 0x4c, 0x01, 0xc6, 0x0f, 0x1f, 0x44, 0x00, 0x00,
  0x4c, 0x8b, 0x56, 0xf8, 0x4d, 0x89, 0xd3, 0x4d, 0x31, 0xf3, 0x49, 0x89,
  0xdf, 0x4d, 0x29, 0xdf, 0x4d, 0x09, 0xd7, 0x4c, 0x8b, 0x16, 0x4d, 0x31,
  0xf2, 0x49, 0x89, 0xdb, 0x4d, 0x29, 0xd3, 0x4d, 0x09, 0xd3, 0x4d, 0x21,
  0xe7, 0x4d, 0x21, 0xdf, 0x4d, 0x39, 0xe7, 0x75, 0x0d, 0x48, 0x83, 0xc2,
  0x10, 0x48, 0x83, 0xc6, 0x10, 0x4c, 0x39, 0xca, 0x76, 0xc6, 0x49, 0x89,
  0xd1, 0x48, 0x39, 0xd1, 0x4c, 0x8b, 0x55, 0x00, 0x4c, 0x8b, 0x45, 0xf8,
  0x74, 0x56, 0x66, 0x0f, 0x1f, 0x44, 0x00, 0x00, 0x42, 0x80, 0x3c, 0x08,
  0x0a, 0x74, 0x19, 0x49, 0xff, 0xc1, 0x4c, 0x39, 0xc9, 0x75, 0xf1, 0xeb,
  0x3f, 0x66, 0x66, 0x66, 0x66, 0x66, 0x66, 0x2e, 0x0f, 0x1f, 0x84, 0x00,
  0x00, 0x00, 0x00, 0x00, 0x4e, 0x8d, 0x3c, 0x0f, 0x49, 0xff, 0xc7, 0x4c,
  0x01, 0xcf, 0x4c, 0x39, 0xc7, 0x0f, 0x83, 0xdd, 0xfe, 0xff, 0xff, 0x41,
  0x80, 0x3c, 0x01, 0x0a, 0x0f, 0x85, 0xd2, 0xfe, 0xff, 0xff, 0x48, 0x89,
  0xde, 0x4c, 0x89, 0xf3, 0x4d, 0x89, 0xe6, 0x4c, 0x89, 0xff, 0x4d, 0x89,
  0xfc, 0xeb, 0x21, 0x90, 0x4d, 0x89, 0xc7, 0x48, 0x89, 0xde, 0x4c, 0x89,
  0xf3, 0x4d, 0x89, 0xe6, 0xb0, 0x01, 0x48, 0x89, 0x45, 0xd8, 0x4c, 0x89,
  0xff, 0x4d, 0x89, 0xef, 0x4d, 0x89, 0xc4, 0x4d, 0x39, 0xe8, 0x74, 0x39,
  0x48, 0x8b, 0x45, 0xe0, 0x80, 0x38, 0x00, 0x74, 0x20, 0x41, 0xb8, 0x04,
  0x00, 0x00, 0x00, 0x48, 0x8b, 0x4d, 0xe8, 0x48, 0x8d, 0x15, 0x7e, 0x5f,
  0x00, 0x00, 0x48, 0x8b, 0x45, 0xf0, 0xff, 0x50, 0x18, 0x4c, 0x8b, 0x55,
  0x00, 0x84, 0xc0, 0x75, 0x14, 0x4d, 0x39, 0xec, 0x0f, 0x85, 0xfe, 0xfd,
  0xff, 0xff, 0x31, 0xc0, 0xe9, 0x00, 0xfe, 0xff, 0xff, 0x31, 0xc0, 0xeb,
  0x02, 0xb0, 0x01, 0x48, 0x83, 0xc4, 0x58, 0x5b, 0x5f, 0x5e, 0x41, 0x5c,
  0x41, 0x5d, 0x41, 0x5e, 0x41, 0x5f, 0x5d, 0xc3, 0x55, 0x41, 0x56, 0x56,
  0x57, 0x53, 0x48, 0x83, 0xec, 0x20, 0x48, 0x8d, 0x6c, 0x24, 0x20, 0x48,
  0x8b, 0x79, 0x10, 0x48, 0x8b, 0x31, 0x48, 0x8b, 0x59, 0x08, 0x80, 0x3f,
  0x00, 0x74, 0x2d, 0x48, 0x8d, 0x05, 0x22, 0x5f, 0x00, 0x00, 0x41, 0xb8,
  0x04, 0x00, 0x00, 0x00, 0x48, 0x89, 0xf1, 0x41, 0x89, 0xd6, 0x48, 0x89,
  0xc2, 0xff, 0x53, 0x18, 0x44, 0x89, 0xf2, 0x84, 0xc0, 0x74, 0x0d, 0xb0,
  0x01, 0x48, 0x83, 0xc4, 0x20, 0x5b, 0x5f, 0x5e, 0x41, 0x5e, 0x5d, 0xc3,
  0x83, 0xfa, 0x0a, 0x0f, 0x94, 0x07, 0x48, 0x8b, 0x43, 0x20, 0x48, 0x89,
  0xf1, 0x48, 0x83, 0xc4, 0x20, 0x5b, 0x5f, 0x5e, 0x41, 0x5e, 0x5d, 0x48,
  0xff, 0xe0, 0xcc, 0xcc, 0xcc, 0xcc, 0xcc, 0xcc, 0xcc, 0xcc, 0xcc, 0xcc,
  0x55, 0x41, 0x57, 0x41, 0x56, 0x41, 0x55, 0x41, 0x54, 0x56, 0x57, 0x53,
  0x48, 0x83, 0xec, 0x58, 0x48, 0x8d, 0x6c, 0x24, 0x50, 0x48, 0x89, 0xce,
  0x41, 0xb6, 0x01, 0x80, 0x79, 0x08, 0x00, 0x74, 0x1c, 0x44, 0x88, 0x76,
  0x08, 0xc6, 0x46, 0x09, 0x01, 0x48, 0x89, 0xf0, 0x48, 0x83, 0xc4, 0x58,
  0x5b, 0x5f, 0x5e, 0x41, 0x5c, 0x41, 0x5d, 0x41, 0x5e, 0x41, 0x5f, 0x5d,
  0xc3, 0x4c, 0x89, 0xcf, 0x4c, 0x8b, 0x6d, 0x70, 0x48, 0x8b, 0x1e, 0xf6,
  0x43, 0x12, 0x80, 0x0f, 0xb6, 0x46, 0x09, 0x75, 0x72, 0x49, 0x89, 0xd4,
  0x4d, 0x89, 0xc7, 0x44, 0x0f, 0xb6, 0xc0, 0x49, 0x83, 0xf0, 0x03, 0x48,
  0x8d, 0x0d, 0x79, 0x5e, 0x00, 0x00, 0x48, 0x8d, 0x15, 0x6f, 0x5e, 0x00,
  0x00, 0x84, 0xc0, 0x48, 0x0f, 0x45, 0xd1, 0x48, 0x8b, 0x0b, 0x48, 0x8b,
  0x43, 0x08, 0xff, 0x50, 0x18, 0x84, 0xc0, 0x75, 0xa0, 0x48, 0x8b, 0x0b,
  0x48, 0x8b, 0x43, 0x08, 0x4c, 0x89, 0xe2, 0x4d, 0x89, 0xf8, 0xff, 0x50,
  0x18, 0x84, 0xc0, 0x75, 0x8c, 0x48, 0x8b, 0x0b, 0x48, 0x8b, 0x43, 0x08,
  0x48, 0x8d, 0x15, 0xdd, 0x5d, 0x00, 0x00, 0x41, 0xb8, 0x02, 0x00, 0x00,
  0x00, 0xff, 0x50, 0x18, 0x84, 0xc0, 0x0f, 0x85, 0x6d, 0xff, 0xff, 0xff,
  0x48, 0x89, 0xf9, 0x48, 0x89, 0xda, 0x41, 0xff, 0x55, 0x18, 0xe9, 0xc2,
  0x00, 0x00, 0x00, 0x84, 0xc0, 0x75, 0x32, 0x48, 0x8b, 0x0b, 0x4c, 0x8b,
  0x4b, 0x08, 0x48, 0x8d, 0x05, 0x0c, 0x5e, 0x00, 0x00, 0x4d, 0x89, 0xc6,
  0x41, 0xb8, 0x03, 0x00, 0x00, 0x00, 0x49, 0x89, 0xd7, 0x48, 0x89, 0xc2,
  0x41, 0xff, 0x51, 0x18, 0x4c, 0x89, 0xfa, 0x4d, 0x89, 0xf0, 0x41, 0xb6,
  0x01, 0x84, 0xc0, 0x0f, 0x85, 0x28, 0xff, 0xff, 0xff, 0xc6, 0x45, 0x07,
  0x01, 0x48, 0x8b, 0x03, 0x48, 0x8b, 0x4b, 0x08, 0x48, 0x89, 0x45, 0xd0,
  0x48, 0x89, 0x4d, 0xd8, 0x48, 0x8d, 0x45, 0x07, 0x48, 0x89, 0x45, 0xe0,
  0x48, 0x8b, 0x43, 0x10, 0x48, 0x89, 0x45, 0xf8, 0x48, 0x8d, 0x4d, 0xd0,
  0x48, 0x89, 0x4d, 0xe8, 0x48, 0x8d, 0x05, 0x7d, 0x5d, 0x00, 0x00, 0x48,
  0x89, 0x45, 0xf0, 0xe8, 0xcc, 0xfb, 0xff, 0xff, 0x84, 0xc0, 0x0f, 0x85,
  0xe5, 0xfe, 0xff, 0xff, 0x48, 0x8d, 0x15, 0x3d, 0x5d, 0x00, 0x00, 0x48,
  0x8d, 0x4d, 0xd0, 0x41, 0xb8, 0x02, 0x00, 0x00, 0x00, 0xe8, 0xae, 0xfb,
  0xff, 0xff, 0x84, 0xc0, 0x0f, 0x85, 0xc7, 0xfe, 0xff, 0xff, 0x48, 0x8d,
  0x55, 0xe8, 0x48, 0x89, 0xf9, 0x41, 0xff, 0x55, 0x18, 0x84, 0xc0, 0x0f,
  0x85, 0xb4, 0xfe, 0xff, 0xff, 0x48, 0x8b, 0x4d, 0xe8, 0x48, 0x8b, 0x45,
  0xf0, 0x48, 0x8d, 0x15, 0x68, 0x5d, 0x00, 0x00, 0x41, 0xb8, 0x02, 0x00,
  0x00, 0x00, 0xff, 0x50, 0x18, 0x41, 0x89, 0xc6, 0xe9, 0x94, 0xfe, 0xff,
  0xff, 0xcc, 0xcc, 0xcc, 0x55, 0x48, 0x89, 0xe5, 0x49, 0x89, 0xd0, 0x48,
  0x8d, 0x15, 0x0a, 0x5d, 0x00, 0x00, 0x5d, 0xe9, 0x0c, 0x00, 0x00, 0x00,
  0xcc, 0xcc, 0xcc, 0xcc, 0xcc, 0xcc, 0xcc, 0xcc, 0xcc, 0xcc, 0xcc, 0xcc,
  0x55, 0x41, 0x57, 0x41, 0x56, 0x41, 0x55, 0x41, 0x54, 0x56, 0x57, 0x53,
  0x48, 0x83, 0xec, 0x38, 0x48, 0x8d, 0x6c, 0x24, 0x30, 0x4c, 0x89, 0xc6,
  0xb8, 0x20, 0x00, 0x00, 0xe0, 0x48, 0x89, 0x45, 0x00, 0x48, 0x89, 0x4d,
  0xf0, 0x48, 0x89, 0x55, 0xf8, 0x4d, 0x8b, 0x70, 0x20, 0x4d, 0x85, 0xf6,
  0x0f, 0x84, 0x04, 0x01, 0x00, 0x00, 0x48, 0x8b, 0x46, 0x28, 0x48, 0x85,
  0xc0, 0x0f, 0x84, 0x68, 0x01, 0x00, 0x00, 0x4c, 0x8b, 0x3e, 0x4c, 0x8b,
  0x66, 0x10, 0x49, 0x83, 0xc7, 0x08, 0x48, 0xc1, 0xe0, 0x04, 0x4c, 0x8d,
  0x2c, 0x40, 0x31, 0xff, 0x31, 0xdb, 0x66, 0x0f, 0x1f, 0x44, 0x00, 0x00,
  0x4d, 0x8b, 0x07, 0x4d, 0x85, 0xc0, 0x74, 0x17, 0x48, 0x8b, 0x4d, 0xf0,
  0x48, 0x8b, 0x45, 0xf8, 0x49, 0x8b, 0x57, 0xf8, 0xff, 0x50, 0x18, 0x84,
  0xc0, 0x0f, 0x85, 0x28, 0x01, 0x00, 0x00, 0x41, 0x0f, 0xb7, 0x44, 0x3e,
  0x10, 0x85, 0xc0, 0x74, 0x37, 0x83, 0xf8, 0x01, 0x75, 0x52, 0x49, 0x8b,
  0x44, 0x3e, 0x18, 0x48, 0xc1, 0xe0, 0x04, 0x41, 0x0f, 0xb7, 0x44, 0x04,
  0x08, 0x41, 0x0f, 0xb7, 0x0c, 0x3e, 0x83, 0xf9, 0x02, 0x74, 0x29, 0x83,
  0xf9, 0x01, 0x75, 0x44, 0x49, 0x8b, 0x4c, 0x3e, 0x08, 0x48, 0xc1, 0xe1,
  0x04, 0x41, 0x0f, 0xb7, 0x4c, 0x0c, 0x08, 0xeb, 0x39, 0x0f, 0x1f, 0x00,
  0x41, 0x0f, 0xb7, 0x44, 0x3e, 0x12, 0x41, 0x0f, 0xb7, 0x0c, 0x3e, 0x83,
  0xf9, 0x02, 0x75, 0xd7, 0x31, 0xc9, 0xeb, 0x22, 0x66, 0x66, 0x66, 0x2e,
  0x0f, 0x1f, 0x84, 0x00, 0x00, 0x00, 0x00, 0x00, 0x31, 0xc0, 0x41, 0x0f,
  0xb7, 0x0c, 0x3e, 0x83, 0xf9, 0x02, 0x75, 0xbb, 0xeb, 0xe2, 0x66, 0x90,
  0x41, 0x0f, 0xb7, 0x4c, 0x3e, 0x02, 0x41, 0x8b, 0x54, 0x3e, 0x28, 0x4d,
  0x8b, 0x44, 0x3e, 0x20, 0x49, 0xc1, 0xe0, 0x04, 0x89, 0x55, 0x00, 0x66,
  0x89, 0x45, 0x04, 0x66, 0x89, 0x4d, 0x06, 0x4b, 0x8b, 0x0c, 0x04, 0x48,
  0x8d, 0x55, 0xf0, 0x43, 0xff, 0x54, 0x04, 0x08, 0x84, 0xc0, 0x0f, 0x85,
  0x83, 0x00, 0x00, 0x00, 0x49, 0x83, 0xc7, 0x10, 0x48, 0x83, 0xc7, 0x30,
  0x48, 0xff, 0xc3, 0x49, 0x39, 0xfd, 0x0f, 0x85, 0x28, 0xff, 0xff, 0xff,
  0xeb, 0x65, 0x4c, 0x8b, 0x76, 0x18, 0x4d, 0x85, 0xf6, 0x74, 0x72, 0x4c,
  0x8b, 0x7e, 0x10, 0x49, 0xc1, 0xe6, 0x04, 0x4d, 0x01, 0xfe, 0x4c, 0x8b,
  0x26, 0x45, 0x31, 0xed, 0x31, 0xdb, 0x66, 0x2e, 0x0f, 0x1f, 0x84, 0x00,
  0x00, 0x00, 0x00, 0x00, 0x4f, 0x8b, 0x44, 0x2c, 0x08, 0x4d, 0x85, 0xc0,
  0x74, 0x13, 0x48, 0x8b, 0x4d, 0xf0, 0x48, 0x8b, 0x45, 0xf8, 0x4b, 0x8b,
  0x14, 0x2c, 0xff, 0x50, 0x18, 0x84, 0xc0, 0x75, 0x2a, 0x4b, 0x8d, 0x3c,
  0x2f, 0x48, 0x8b, 0x0f, 0x48, 0x8d, 0x55, 0xf0, 0xff, 0x57, 0x08, 0x84,
  0xc0, 0x75, 0x18, 0x49, 0x83, 0xc5, 0x10, 0x48, 0x83, 0xc7, 0x10, 0x48,
  0xff, 0xc3, 0x4c, 0x39, 0xf7, 0x75, 0xc1, 0x48, 0x3b, 0x5e, 0x08, 0x73,
  0x3c, 0xeb, 0x16, 0xb0, 0x01, 0xeb, 0x38, 0x31, 0xdb, 0x48, 0x3b, 0x5e,
  0x08, 0x73, 0x2e, 0xeb, 0x08, 0x31, 0xdb, 0x48, 0x3b, 0x5e, 0x08, 0x73,
  0x24, 0x48, 0x8b, 0x06, 0x48, 0xc1, 0xe3, 0x04, 0x48, 0x8b, 0x4d, 0xf0,
  0x4c, 0x8b, 0x4d, 0xf8, 0x48, 0x8b, 0x14, 0x18, 0x4c, 0x8b, 0x44, 0x18,
  0x08, 0x41, 0xff, 0x51, 0x18, 0x89, 0xc1, 0xb0, 0x01, 0x84, 0xc9, 0x75,
  0x02, 0x31, 0xc0, 0x48, 0x83, 0xc4, 0x38, 0x5b, 0x5f, 0x5e, 0x41, 0x5c,
  0x41, 0x5d, 0x41, 0x5e, 0x41, 0x5f, 0x5d, 0xc3, 0xcc, 0xcc, 0xcc, 0xcc,
  0xcc, 0xcc, 0xcc, 0xcc, 0xcc, 0xcc, 0xcc, 0xcc, 0x55, 0x41, 0x57, 0x41,
  0x56, 0x41, 0x55, 0x41, 0x54, 0x56, 0x57, 0x53, 0x48, 0x83, 0xec, 0x58,
  0x48, 0x8d, 0x6c, 0x24, 0x50, 0x4c, 0x89, 0xcb, 0x4d, 0x89, 0xc7, 0x49,
  0x89, 0xce, 0x4c, 0x8b, 0x65, 0x78, 0x84, 0xd2, 0x74, 0x5d, 0x41, 0x8b,
  0x7e, 0x10, 0x89, 0xfe, 0x81, 0xe6, 0x00, 0x00, 0x20, 0x00, 0xb8, 0x00,
  0x00, 0x11, 0x00, 0xb9, 0x2b, 0x00, 0x00, 0x00, 0x0f, 0x44, 0xc8, 0x89,
  0x4d, 0x04, 0xc1, 0xee, 0x15, 0x4c, 0x01, 0xe6, 0x48, 0x8b, 0x45, 0x70,
  0x48, 0x89, 0x45, 0xf0, 0xf7, 0xc7, 0x00, 0x00, 0x80, 0x00, 0x74, 0x4b,
  0x48, 0x83, 0xfb, 0x20, 0x0f, 0x83, 0x9f, 0x00, 0x00, 0x00, 0x48, 0x85,
  0xdb, 0x0f, 0x84, 0xa6, 0x00, 0x00, 0x00, 0x89, 0xd9, 0x83, 0xe1, 0x03,
  0x48, 0x83, 0xfb, 0x04, 0x0f, 0x83, 0x9b, 0x00, 0x00, 0x00, 0x31, 0xc0,
  0x31, 0xd2, 0xe9, 0xe1, 0x00, 0x00, 0x00, 0x49, 0x8d, 0x74, 0x24, 0x01,
  0x41, 0x8b, 0x7e, 0x10, 0xc7, 0x45, 0x04, 0x2d, 0x00, 0x00, 0x00, 0x48,
  0x8b, 0x45, 0x70, 0x48, 0x89, 0x45, 0xf0, 0xf7, 0xc7, 0x00, 0x00, 0x80,
  0x00, 0x75, 0xb5, 0x45, 0x31, 0xff, 0x45, 0x0f, 0xb7, 0x6e, 0x14, 0x4c,
  0x39, 0xee, 0x0f, 0x82, 0xe4, 0x00, 0x00, 0x00, 0x49, 0x8b, 0x3e, 0x48,
  0x89, 0xd8, 0x49, 0x8b, 0x5e, 0x08, 0x48, 0x89, 0x44, 0x24, 0x20, 0x48,
  0x89, 0xf9, 0x48, 0x89, 0xda, 0x44, 0x8b, 0x45, 0x04, 0x4d, 0x89, 0xf9,
  0xe8, 0x5b, 0x02, 0x00, 0x00, 0x41, 0xb7, 0x01, 0x84, 0xc0, 0x0f, 0x85,
  0x36, 0x02, 0x00, 0x00, 0x48, 0x8b, 0x43, 0x18, 0x48, 0x89, 0xf9, 0x48,
  0x8b, 0x55, 0xf0, 0x4d, 0x89, 0xe0, 0x48, 0x83, 0xc4, 0x58, 0x5b, 0x5f,
  0x5e, 0x41, 0x5c, 0x41, 0x5d, 0x41, 0x5e, 0x41, 0x5f, 0x5d, 0x48, 0xff,
  0xe0, 0x4c, 0x89, 0xf9, 0x48, 0x89, 0xda, 0xe8, 0x34, 0x06, 0x00, 0x00,
  0xe9, 0x76, 0x00, 0x00, 0x00, 0x31, 0xc0, 0xeb, 0x72, 0x41, 0x89, 0xd8,
  0x41, 0x83, 0xe0, 0x1c, 0x31, 0xc0, 0x31, 0xd2, 0x45, 0x31, 0xc9, 0x41,
  0x80, 0x3c, 0x17, 0xc0, 0x41, 0x0f, 0x9d, 0xc1, 0x49, 0x01, 0xc1, 0x31,
  0xc0, 0x41, 0x80, 0x7c, 0x17, 0x01, 0xc0, 0x0f, 0x9d, 0xc0, 0x45, 0x31,
  0xd2, 0x41, 0x80, 0x7c, 0x17, 0x02, 0xc0, 0x41, 0x0f, 0x9d, 0xc2, 0x49,
  0x01, 0xc2, 0x4d, 0x01, 0xca, 0x31, 0xc0, 0x41, 0x80, 0x7c, 0x17, 0x03,
  0xc0, 0x0f, 0x9d, 0xc0, 0x4c, 0x01, 0xd0, 0x48, 0x83, 0xc2, 0x04, 0x49,
  0x39, 0xd0, 0x75, 0xbc, 0x48, 0x85, 0xc9, 0x74, 0x1e, 0x4c, 0x01, 0xfa,
  0x45, 0x31, 0xc0, 0x90, 0x45, 0x31, 0xc9, 0x42, 0x80, 0x3c, 0x02, 0xc0,
  0x41, 0x0f, 0x9d, 0xc1, 0x4c, 0x01, 0xc8, 0x49, 0xff, 0xc0, 0x4c, 0x39,
  0xc1, 0x75, 0xe9, 0x48, 0x01, 0xc6, 0x45, 0x0f, 0xb7, 0x6e, 0x14, 0x4c,
  0x39, 0xee, 0x0f, 0x83, 0x1c, 0xff, 0xff, 0xff, 0xf7, 0xc7, 0x00, 0x00,
  0x00, 0x01, 0x75, 0x2f, 0x44, 0x89, 0xea, 0x29, 0xf2, 0x89, 0xf8, 0xc1,
  0xe8, 0x1d, 0x83, 0xe0, 0x03, 0x48, 0x8d, 0x0d, 0x5c, 0x5c, 0x00, 0x00,
  0x48, 0x63, 0x04, 0x81, 0x48, 0x01, 0xc8, 0x4c, 0x89, 0x65, 0xe0, 0x48,
  0x89, 0x5d, 0xd8, 0x89, 0x55, 0xf8, 0xff, 0xe0, 0x89, 0xd0, 0xe9, 0x99,
  0x00, 0x00, 0x00, 0x49, 0x8b, 0x46, 0x10, 0x48, 0x89, 0x45, 0xf8, 0x25,
  0x00, 0x00, 0xe0, 0x9f, 0x0d, 0x30, 0x00, 0x00, 0x20, 0x41, 0x89, 0x46,
  0x10, 0x48, 0x89, 0xd8, 0x49, 0x8b, 0x1e, 0x49, 0x8b, 0x7e, 0x08, 0x48,
  0x89, 0x44, 0x24, 0x20, 0x48, 0x89, 0xd9, 0x48, 0x89, 0xfa, 0x44, 0x8b,
  0x45, 0x04, 0x4d, 0x89, 0xf9, 0xe8, 0x2a, 0x01, 0x00, 0x00, 0x41, 0xb7,
  0x01, 0x84, 0xc0, 0x0f, 0x85, 0x05, 0x01, 0x00, 0x00, 0x41, 0x29, 0xf5,
  0x41, 0xff, 0xc5, 0x66, 0x0f, 0x1f, 0x84, 0x00, 0x00, 0x00, 0x00, 0x00,
  0x66, 0x41, 0xff, 0xcd, 0x74, 0x14, 0x48, 0x89, 0xd9, 0xba, 0x30, 0x00,
  0x00, 0x00, 0xff, 0x57, 0x20, 0x84, 0xc0, 0x74, 0xeb, 0xe9, 0xdc, 0x00,
  0x00, 0x00, 0x48, 0x89, 0xd9, 0x48, 0x8b, 0x55, 0xf0, 0x4d, 0x89, 0xe0,
  0xff, 0x57, 0x18, 0x84, 0xc0, 0x0f, 0x85, 0xc7, 0x00, 0x00, 0x00, 0x48,
  0x8b, 0x45, 0xf8, 0x49, 0x89, 0x46, 0x10, 0x45, 0x31, 0xff, 0xe9, 0xb7,
  0x00, 0x00, 0x00, 0x31, 0xc0, 0xeb, 0x05, 0x0f, 0xb7, 0xc2, 0xd1, 0xe8,
  0x81, 0xe7, 0xff, 0xff, 0x1f, 0x00, 0x49, 0x8b, 0x1e, 0x4d, 0x8b, 0x76,
  0x08, 0x48, 0x89, 0x45, 0xe8, 0x44, 0x8d, 0x60, 0x01, 0x0f, 0x1f, 0x00,
  0x66, 0x41, 0xff, 0xcc, 0x74, 0x12, 0x48, 0x89, 0xd9, 0x89, 0xfa, 0x41,
  0xff, 0x56, 0x20, 0x84, 0xc0, 0x74, 0xed, 0x41, 0xb7, 0x01, 0xeb, 0x7e,
  0x48, 0x8b, 0x45, 0xd8, 0x48, 0x89, 0x44, 0x24, 0x20, 0x48, 0x89, 0xd9,
  0x4c, 0x89, 0xf2, 0x44, 0x8b, 0x45, 0x04, 0x4d, 0x89, 0xf9, 0xe8, 0x7d,
  0x00, 0x00, 0x00, 0x41, 0xb7, 0x01, 0x84, 0xc0, 0x75, 0x5c, 0x48, 0x89,
  0xd9, 0x48, 0x8b, 0x55, 0xf0, 0x4c, 0x8b, 0x45, 0xe0, 0x41, 0xff, 0x56,
  0x18, 0x84, 0xc0, 0x75, 0x49, 0x44, 0x8b, 0x7d, 0xf8, 0x4c, 0x8b, 0x65,
  0xe8, 0x45, 0x29, 0xe7, 0x41, 0x01, 0xf4, 0x45, 0x29, 0xec, 0x66, 0xbe,
  0xff, 0xff, 0x66, 0x66, 0x66, 0x66, 0x66, 0x2e, 0x0f, 0x1f, 0x84, 0x00,
  0x00, 0x00, 0x00, 0x00, 0x41, 0x8d, 0x04, 0x34, 0x66, 0x83, 0xf8, 0xff,
  0x74, 0x11, 0x48, 0x89, 0xd9, 0x89, 0xfa, 0x41, 0xff, 0x56, 0x20, 0xff,
  0xc6, 0x84, 0xc0, 0x74, 0xe7, 0xeb, 0x03, 0x44, 0x89, 0xfe, 0x66, 0x44,
  0x39, 0xfe, 0x41, 0x0f, 0x92, 0xc7, 0x44, 0x89, 0xf8, 0x48, 0x83, 0xc4,
  0x58, 0x5b, 0x5f, 0x5e, 0x41, 0x5c, 0x41, 0x5d, 0x41, 0x5e, 0x41, 0x5f,
  0x5d, 0xc3, 0xcc, 0xcc, 0xcc, 0xcc, 0xcc, 0xcc, 0x55, 0x41, 0x56, 0x56,
  0x57, 0x53, 0x48, 0x83, 0xec, 0x20, 0x48, 0x8d, 0x6c, 0x24, 0x20, 0x4c,
  0x89, 0xce, 0x48, 0x89, 0xd3, 0x48, 0x8b, 0x7d, 0x50, 0x41, 0x81, 0xf8,
  0x00, 0x00, 0x11, 0x00, 0x74, 0x14, 0x49, 0x89, 0xce, 0x44, 0x89, 0xc2,
  0xff, 0x53, 0x20, 0x4c, 0x89, 0xf1, 0x89, 0xc2, 0xb0, 0x01, 0x84, 0xd2,
  0x75, 0x1e, 0x48, 0x85, 0xf6, 0x74, 0x17, 0x48, 0x8b, 0x43, 0x18, 0x48,
  0x89, 0xf2, 0x49, 0x89, 0xf8, 0x48, 0x83, 0xc4, 0x20, 0x5b, 0x5f, 0x5e,
  0x41, 0x5e, 0x5d, 0x48, 0xff, 0xe0, 0x31, 0xc0, 0x48, 0x83, 0xc4, 0x20,
  0x5b, 0x5f, 0x5e, 0x41, 0x5e, 0x5d, 0xc3, 0xcc, 0x55, 0x41, 0x57, 0x41,
  0x56, 0x41, 0x55, 0x41, 0x54, 0x56, 0x57, 0x53, 0x48, 0x83, 0xec, 0x38,
  0x48, 0x8d, 0x6c, 0x24, 0x30, 0x4c, 0x89, 0xc3, 0x48, 0x89, 0xd7, 0x8b,
  0x71, 0x10, 0xf7, 0xc6, 0x00, 0x00, 0x00, 0x18, 0x0f, 0x84, 0xf3, 0x00,
  0x00, 0x00, 0xf7, 0xc6, 0x00, 0x00, 0x00, 0x10, 0x75, 0x2c, 0x48, 0x83,
  0xfb, 0x20, 0x0f, 0x83, 0x88, 0x00, 0x00, 0x00, 0x48, 0x85, 0xdb, 0x0f,
  0x84, 0x9e, 0x01, 0x00, 0x00, 0x89, 0xd8, 0x83, 0xe0, 0x03, 0x48, 0x83,
  0xfb, 0x04, 0x0f, 0x83, 0x99, 0x01, 0x00, 0x00, 0x45, 0x31, 0xf6, 0x31,
  0xd2, 0xe9, 0xe6, 0x01, 0x00, 0x00, 0x44, 0x0f, 0xb7, 0x71, 0x16, 0x4d,
  0x85, 0xf6, 0x74, 0x72, 0x48, 0x01, 0xfb, 0x4c, 0x89, 0xf0, 0x45, 0x31,
  0xc9, 0x48, 0x89, 0xfa, 0xeb, 0x1f, 0x66, 0x2e, 0x0f, 0x1f, 0x84, 0x00,
  0x00, 0x00, 0x00, 0x00, 0x4c, 0x8d, 0x52, 0x01, 0x4d, 0x89, 0xd1, 0x49,
  0x29, 0xd1, 0x4d, 0x01, 0xc1, 0x4c, 0x89, 0xd2, 0x48, 0xff, 0xc8, 0x74,
  0x48, 0x4d, 0x89, 0xc8, 0x48, 0x39, 0xda, 0x74, 0x44, 0x44, 0x0f, 0xb6,
  0x0a, 0x45, 0x84, 0xc9, 0x79, 0xda, 0x41, 0x80, 0xf9, 0xe0, 0x72, 0x0c,
  0x41, 0x80, 0xf9, 0xf0, 0x72, 0x0c, 0x4c, 0x8d, 0x52, 0x04, 0xeb, 0xcc,
  0x4c, 0x8d, 0x52, 0x02, 0xeb, 0xc6, 0x4c, 0x8d, 0x52, 0x03, 0xeb, 0xc0,
  0x49, 0x89, 0xce, 0x48, 0x89, 0xf9, 0x48, 0x89, 0xda, 0xe8, 0xde, 0x02,
  0x00, 0x00, 0x4c, 0x89, 0xf1, 0x49, 0x89, 0xc6, 0xeb, 0x10, 0x45, 0x31,
  0xc9, 0x31, 0xc0, 0xeb, 0x03, 0x4d, 0x89, 0xc1, 0x49, 0x29, 0xc6, 0x4c,
  0x89, 0xcb, 0x0f, 0xb7, 0x41, 0x14, 0x49, 0x39, 0xc6, 0x73, 0x2a, 0x48,
  0x89, 0x45, 0xf8, 0x41, 0x89, 0xc0, 0x45, 0x29, 0xf0, 0x89, 0xf0, 0xc1,
  0xe8, 0x1d, 0x83, 0xe0, 0x03, 0x48, 0x8d, 0x15, 0x84, 0x59, 0x00, 0x00,
  0x48, 0x63, 0x04, 0x82, 0x48, 0x01, 0xd0, 0x44, 0x89, 0x45, 0x04, 0xff,
  0xe0, 0x31, 0xc0, 0xeb, 0x32, 0x48, 0x8b, 0x01, 0x48, 0x8b, 0x49, 0x08,
  0x4c, 0x8b, 0x49, 0x18, 0x48, 0x89, 0xc1, 0x48, 0x89, 0xfa, 0x49, 0x89,
  0xd8, 0x48, 0x83, 0xc4, 0x38, 0x5b, 0x5f, 0x5e, 0x41, 0x5c, 0x41, 0x5d,
  0x41, 0x5e, 0x41, 0x5f, 0x5d, 0x49, 0xff, 0xe1, 0x44, 0x89, 0xc0, 0xeb,
  0x06, 0x41, 0x0f, 0xb7, 0xc0, 0xd1, 0xe8, 0x81, 0xe6, 0xff, 0xff, 0x1f,
  0x00, 0x4c, 0x8b, 0x39, 0x4c, 0x8b, 0x61, 0x08, 0x48, 0x89, 0x45, 0xf0,
  0x44, 0x8d, 0x68, 0x01, 0x66, 0x66, 0x66, 0x2e, 0x0f, 0x1f, 0x84, 0x00,
  0x00, 0x00, 0x00, 0x00, 0x4c, 0x89, 0xf9, 0x66, 0x41, 0xff, 0xcd, 0x74,
  0x12, 0x89, 0xf2, 0x41, 0xff, 0x54, 0x24, 0x20, 0x84, 0xc0, 0x74, 0xec,
  0xb0, 0x01, 0xe9, 0xf9, 0x00, 0x00, 0x00, 0x48, 0x89, 0xfa, 0x49, 0x89,
  0xd8, 0x41, 0xff, 0x54, 0x24, 0x18, 0x89, 0xc1, 0xb0, 0x01, 0x84, 0xc9,
  0x0f, 0x85, 0xe2, 0x00, 0x00, 0x00, 0x8b, 0x5d, 0x04, 0x4c, 0x8b, 0x6d,
  0xf0, 0x44, 0x29, 0xeb, 0x45, 0x01, 0xf5, 0x44, 0x2b, 0x6d, 0xf8, 0x66,
  0xbf, 0xff, 0xff, 0x66, 0x0f, 0x1f, 0x84, 0x00, 0x00, 0x00, 0x00, 0x00,
  0x42, 0x8d, 0x04, 0x2f, 0x66, 0x83, 0xf8, 0xff, 0x0f, 0x84, 0xae, 0x00,
  0x00, 0x00, 0x4c, 0x89, 0xf9, 0x89, 0xf2, 0x41, 0xff, 0x54, 0x24, 0x20,
  0xff, 0xc7, 0x84, 0xc0, 0x74, 0xe2, 0xe9, 0x9b, 0x00, 0x00, 0x00, 0x31,
  0xdb, 0x45, 0x31, 0xf6, 0xe9, 0xfd, 0xfe, 0xff, 0xff, 0x41, 0x89, 0xd8,
  0x41, 0x83, 0xe0, 0x1c, 0x45, 0x31, 0xf6, 0x31, 0xd2, 0x0f, 0x1f, 0x80,
  0x00, 0x00, 0x00, 0x00, 0x45, 0x31, 0xc9, 0x80, 0x3c, 0x17, 0xc0, 0x41,
  0x0f, 0x9d, 0xc1, 0x4d, 0x01, 0xf1, 0x45, 0x31, 0xd2, 0x80, 0x7c, 0x17,
  0x01, 0xc0, 0x41, 0x0f, 0x9d, 0xc2, 0x45, 0x31, 0xdb, 0x80, 0x7c, 0x17,
  0x02, 0xc0, 0x41, 0x0f, 0x9d, 0xc3, 0x4d, 0x01, 0xd3, 0x4d, 0x01, 0xcb,
  0x45, 0x31, 0xf6, 0x80, 0x7c, 0x17, 0x03, 0xc0, 0x41, 0x0f, 0x9d, 0xc6,
  0x4d, 0x01, 0xde, 0x48, 0x83, 0xc2, 0x04, 0x49, 0x39, 0xd0, 0x75, 0xbc,
  0x48, 0x85, 0xc0, 0x0f, 0x84, 0x9d, 0xfe, 0xff, 0xff, 0x48, 0x01, 0xfa,
  0x45, 0x31, 0xc0, 0x66, 0x66, 0x66, 0x66, 0x2e, 0x0f, 0x1f, 0x84, 0x00,
  0x00, 0x00, 0x00, 0x00, 0x45, 0x31, 0xc9, 0x42, 0x80, 0x3c, 0x02, 0xc0,
  0x41, 0x0f, 0x9d, 0xc1, 0x4d, 0x01, 0xce, 0x49, 0xff, 0xc0, 0x4c, 0x39,
  0xc0, 0x75, 0xe9, 0xe9, 0x6e, 0xfe, 0xff, 0xff, 0x89, 0xdf, 0x66, 0x39,
  0xdf, 0x0f, 0x92, 0xc0, 0x48, 0x83, 0xc4, 0x38, 0x5b, 0x5f, 0x5e, 0x41,
  0x5c, 0x41, 0x5d, 0x41, 0x5e, 0x41, 0x5f, 0x5d, 0xc3, 0xcc, 0xcc, 0xcc,
  0xcc, 0xcc, 0xcc, 0xcc, 0xcc, 0xcc, 0xcc, 0xcc, 0x55, 0x48, 0x89, 0xe5,
  0x48, 0x8b, 0x01, 0x48, 0x8b, 0x49, 0x08, 0x4c, 0x8b, 0x49, 0x18, 0x48,
  0x89, 0xc1, 0x5d, 0x49, 0xff, 0xe1, 0xcc, 0xcc, 0xcc, 0xcc, 0xcc, 0xcc,
  0xcc, 0xcc, 0xcc, 0xcc, 0x55, 0x41, 0x57, 0x41, 0x56, 0x41, 0x55, 0x41,
  0x54, 0x56, 0x57, 0x53, 0x48, 0x83, 0xec, 0x38, 0x48, 0x8d, 0x6c, 0x24,
  0x30, 0x4d, 0x89, 0xce, 0x49, 0x89, 0xcf, 0x48, 0x8b, 0x9d, 0x98, 0x00,
  0x00, 0x00, 0x48, 0x8b, 0xb5, 0xa0, 0x00, 0x00, 0x00, 0x4c, 0x8b, 0x65,
  0x70, 0x4c, 0x8b, 0x6d, 0x78, 0x48, 0x8b, 0xbd, 0x80, 0x00, 0x00, 0x00,
  0x48, 0x8b, 0x09, 0x49, 0x8b, 0x47, 0x08, 0xff, 0x50, 0x18, 0x4c, 0x89,
  0x7d, 0xf8, 0x88, 0x45, 0x00, 0xc6, 0x45, 0x01, 0x00, 0x48, 0x89, 0x7c,
  0x24, 0x20, 0x4c, 0x8d, 0x7d, 0xf8, 0x4c, 0x89, 0xf9, 0x4c, 0x89, 0xf2,
  0x4d, 0x89, 0xe0, 0x4d, 0x89, 0xe9, 0xe8, 0x99, 0xf5, 0xff, 0xff, 0x48,
  0x89, 0x74, 0x24, 0x20, 0x4c, 0x89, 0xf9, 0x48, 0x8b, 0x95, 0x88, 0x00,
  0x00, 0x00, 0x4c, 0x8b, 0x85, 0x90, 0x00, 0x00, 0x00, 0x49, 0x89, 0xd9,
  0xe8, 0x7b, 0xf5, 0xff, 0xff, 0x0f, 0xb6, 0x4d, 0x00, 0x0f, 0xb6, 0x45,
  0x01, 0x89, 0xc2, 0xf6, 0xd2, 0x08, 0xca, 0xf6, 0xc2, 0x01, 0x74, 0x04,
  0x08, 0xc8, 0xeb, 0x37, 0x48, 0x8b, 0x45, 0xf8, 0xf6, 0x40, 0x12, 0x80,
  0x75, 0x16, 0x48, 0x8b, 0x08, 0x48, 0x8b, 0x40, 0x08, 0x48, 0x8d, 0x15,
  0x33, 0x54, 0x00, 0x00, 0x41, 0xb8, 0x02, 0x00, 0x00, 0x00, 0xeb, 0x14,
  0x48, 0x8b, 0x08, 0x48, 0x8b, 0x40, 0x08, 0x48, 0x8d, 0x15, 0x1c, 0x54,
  0x00, 0x00, 0x41, 0xb8, 0x01, 0x00, 0x00, 0x00, 0xff, 0x50, 0x18, 0x24,
  0x01, 0x48, 0x83, 0xc4, 0x38, 0x5b, 0x5f, 0x5e, 0x41, 0x5c, 0x41, 0x5d,
  0x41, 0x5e, 0x41, 0x5f, 0x5d, 0xc3, 0xcc, 0xcc, 0xcc, 0xcc, 0xcc, 0xcc,
  0xcc, 0xcc, 0xcc, 0xcc, 0x55, 0x41, 0x57, 0x41, 0x56, 0x41, 0x55, 0x41,
  0x54, 0x56, 0x57, 0x53, 0x48, 0x89, 0xe5, 0x4c, 0x8d, 0x49, 0x07, 0x49,
  0x83, 0xe1, 0xf8, 0x4c, 0x89, 0xc8, 0x48, 0x29, 0xc8, 0x49, 0x89, 0xd0,
  0x49, 0x29, 0xc0, 0x73, 0x1c, 0x48, 0x85, 0xd2, 0x74, 0x52, 0x41, 0x89,
  0xd0, 0x41, 0x83, 0xe0, 0x03, 0x48, 0x83, 0xfa, 0x04, 0x73, 0x4c, 0x31,
  0xc0, 0x45, 0x31, 0xc9, 0xe9, 0x93, 0x00, 0x00, 0x00, 0x49, 0x83, 0xf8,
  0x08, 0x72, 0xde, 0x44, 0x89, 0xc2, 0x83, 0xe2, 0x07, 0x49, 0x39, 0xc9,
  0x75, 0x08, 0x45, 0x31, 0xc9, 0xe9, 0x2c, 0x01, 0x00, 0x00, 0x41, 0x89,
  0xc2, 0x41, 0x83, 0xe2, 0x03, 0x49, 0x89, 0xcb, 0x4d, 0x29, 0xcb, 0x49,
  0x83, 0xfb, 0xfc, 0x0f, 0x86, 0x9a, 0x00, 0x00, 0x00, 0x45, 0x31, 0xc9,
  0x45, 0x31, 0xdb, 0xe9, 0xe9, 0x00, 0x00, 0x00, 0x31, 0xc0, 0xe9, 0x33,
  0x03, 0x00, 0x00, 0x48, 0x83, 0xe2, 0xfc, 0x31, 0xc0, 0x45, 0x31, 0xc9,
  0x0f, 0x1f, 0x40, 0x00, 0x45, 0x31, 0xd2, 0x42, 0x80, 0x3c, 0x09, 0xc0,
  0x41, 0x0f, 0x9d, 0xc2, 0x49, 0x01, 0xc2, 0x31, 0xc0, 0x42, 0x80, 0x7c,
  0x09, 0x01, 0xc0, 0x0f, 0x9d, 0xc0, 0x45, 0x31, 0xdb, 0x42, 0x80, 0x7c,
  0x09, 0x02, 0xc0, 0x41, 0x0f, 0x9d, 0xc3, 0x49, 0x01, 0xc3, 0x4d, 0x01,
  0xd3, 0x31, 0xc0, 0x42, 0x80, 0x7c, 0x09, 0x03, 0xc0, 0x0f, 0x9d, 0xc0,
  0x4c, 0x01, 0xd8, 0x49, 0x83, 0xc1, 0x04, 0x4c, 0x39, 0xca, 0x75, 0xbc,
  0x4d, 0x85, 0xc0, 0x0f, 0x84, 0xd9, 0x02, 0x00, 0x00, 0x4c, 0x01, 0xc9,
  0x31, 0xd2, 0x66, 0x66, 0x66, 0x66, 0x66, 0x2e, 0x0f, 0x1f, 0x84, 0x00,
  0x00, 0x00, 0x00, 0x00, 0x45, 0x31, 0xc9, 0x80, 0x3c, 0x11, 0xc0, 0x41,
  0x0f, 0x9d, 0xc1, 0x4c, 0x01, 0xc8, 0x48, 0xff, 0xc2, 0x49, 0x39, 0xd0,
  0x75, 0xea, 0xe9, 0xab, 0x02, 0x00, 0x00, 0x89, 0xc6, 0x83, 0xe6, 0x04,
  0x45, 0x31, 0xc9, 0x45, 0x31, 0xdb, 0x66, 0x2e, 0x0f, 0x1f, 0x84, 0x00,
  0x00, 0x00, 0x00, 0x00, 0x31, 0xff, 0x42, 0x80, 0x3c, 0x19, 0xc0, 0x40,
  0x0f, 0x9d, 0xc7, 0x4c, 0x01, 0xcf, 0x45, 0x31, 0xc9, 0x42, 0x80, 0x7c,
  0x19, 0x01, 0xc0, 0x41, 0x0f, 0x9d, 0xc1, 0x31, 0xdb, 0x42, 0x80, 0x7c,
  0x19, 0x02, 0xc0, 0x0f, 0x9d, 0xc3, 0x4c, 0x01, 0xcb, 0x48, 0x01, 0xfb,
  0x45, 0x31, 0xc9, 0x42, 0x80, 0x7c, 0x19, 0x03, 0xc0, 0x41, 0x0f, 0x9d,
  0xc1, 0x49, 0x01, 0xd9, 0x49, 0x83, 0xc3, 0x04, 0x4c, 0x39, 0xde, 0x75,
  0xbb, 0x4d, 0x85, 0xd2, 0x74, 0x1c, 0x49, 0x01, 0xcb, 0x31, 0xf6, 0x90,
  0x31, 0xff, 0x41, 0x80, 0x3c, 0x33, 0xc0, 0x40, 0x0f, 0x9d, 0xc7, 0x49,
  0x01, 0xf9, 0x48, 0xff, 0xc6, 0x49, 0x39, 0xf2, 0x75, 0xea, 0x48, 0x01,
  0xc1, 0x48, 0x85, 0xd2, 0x0f, 0x84, 0x8f, 0x00, 0x00, 0x00, 0x4d, 0x89,
  0xc2, 0x49, 0x83, 0xe2, 0xf8, 0x31, 0xc0, 0x42, 0x80, 0x3c, 0x11, 0xc0,
  0x0f, 0x9d, 0xc0, 0x83, 0xfa, 0x01, 0x74, 0x7b, 0x45, 0x31, 0xdb, 0x42,
  0x80, 0x7c, 0x11, 0x01, 0xc0, 0x41, 0x0f, 0x9d, 0xc3, 0x4c, 0x01, 0xd8,
  0x83, 0xfa, 0x02, 0x74, 0x66, 0x45, 0x31, 0xdb, 0x42, 0x80, 0x7c, 0x11,
  0x02, 0xc0, 0x41, 0x0f, 0x9d, 0xc3, 0x4c, 0x01, 0xd8, 0x83, 0xfa, 0x03,
  0x74, 0x51, 0x45, 0x31, 0xdb, 0x42, 0x80, 0x7c, 0x11, 0x03, 0xc0, 0x41,
  0x0f, 0x9d, 0xc3, 0x4c, 0x01, 0xd8, 0x83, 0xfa, 0x04, 0x74, 0x3c, 0x45,
  0x31, 0xdb, 0x42, 0x80, 0x7c, 0x11, 0x04, 0xc0, 0x41, 0x0f, 0x9d, 0xc3,
  0x4c, 0x01, 0xd8, 0x83, 0xfa, 0x05, 0x74, 0x27, 0x45, 0x31, 0xdb, 0x42,
  0x80, 0x7c, 0x11, 0x05, 0xc0, 0x41, 0x0f, 0x9d, 0xc3, 0x4c, 0x01, 0xd8,
  0x83, 0xfa, 0x06, 0x74, 0x12, 0x31, 0xd2, 0x42, 0x80, 0x7c, 0x11, 0x06,
  0xc0, 0x0f, 0x9d, 0xc2, 0x48, 0x01, 0xd0, 0xeb, 0x02, 0x31, 0xc0, 0x4c,
  0x01, 0xc8, 0x49, 0xc1, 0xe8, 0x03, 0x49, 0xba, 0x01, 0x01, 0x01, 0x01,
  0x01, 0x01, 0x01, 0x01, 0x49, 0xb9, 0xff, 0x00, 0xff, 0x00, 0xff, 0x00,
  0xff, 0x00, 0x48, 0xba, 0x01, 0x00, 0x01, 0x00, 0x01, 0x00, 0x01, 0x00,
  0xeb, 0x37, 0x66, 0x0f, 0x1f, 0x44, 0x00, 0x00, 0x31, 0xdb, 0x4c, 0x01,
  0xd9, 0x49, 0x29, 0xf0, 0x89, 0xf7, 0x83, 0xe7, 0x03, 0x49, 0x89, 0xde,
  0x4d, 0x21, 0xce, 0x48, 0xc1, 0xeb, 0x08, 0x4c, 0x21, 0xcb, 0x4c, 0x01,
  0xf3, 0x48, 0x0f, 0xaf, 0xda, 0x48, 0xc1, 0xeb, 0x30, 0x48, 0x01, 0xd8,
  0x48, 0x85, 0xff, 0x0f, 0x85, 0xb8, 0x00, 0x00, 0x00, 0x4d, 0x85, 0xc0,
  0x0f, 0x84, 0x2c, 0x01, 0x00, 0x00, 0x49, 0x89, 0xcb, 0x49, 0x81, 0xf8,
  0xc0, 0x00, 0x00, 0x00, 0xbe, 0xc0, 0x00, 0x00, 0x00, 0x49, 0x0f, 0x42,
  0xf0, 0x8d, 0x0c, 0xf5, 0x00, 0x00, 0x00, 0x00, 0x49, 0x83, 0xf8, 0x04,
  0x72, 0xa6, 0x89, 0xcf, 0x81, 0xe7, 0xe0, 0x07, 0x00, 0x00, 0x4c, 0x01,
  0xdf, 0x31, 0xdb, 0x4d, 0x89, 0xde, 0x66, 0x0f, 0x1f, 0x44, 0x00, 0x00,
  0x4d, 0x8b, 0x3e, 0x4d, 0x8b, 0x66, 0x08, 0x4d, 0x89, 0xfd, 0x49, 0xf7,
  0xd5, 0x49, 0xc1, 0xed, 0x07, 0x49, 0xc1, 0xef, 0x06, 0x4d, 0x09, 0xef,
  0x4d, 0x21, 0xd7, 0x49, 0x01, 0xdf, 0x4c, 0x89, 0xe3, 0x48, 0xf7, 0xd3,
  0x48, 0xc1, 0xeb, 0x07, 0x49, 0xc1, 0xec, 0x06, 0x49, 0x09, 0xdc, 0x4d,
  0x21, 0xd4, 0x4d, 0x8b, 0x6e, 0x10, 0x4c, 0x89, 0xeb, 0x48, 0xf7, 0xd3,
  0x48, 0xc1, 0xeb, 0x07, 0x49, 0xc1, 0xed, 0x06, 0x49, 0x09, 0xdd, 0x4d,
  0x21, 0xd5, 0x4d, 0x01, 0xe5, 0x4d, 0x01, 0xfd, 0x49, 0x8b, 0x5e, 0x18,
  0x49, 0x89, 0xdf, 0x49, 0xf7, 0xd7, 0x49, 0xc1, 0xef, 0x07, 0x48, 0xc1,
  0xeb, 0x06, 0x4c, 0x09, 0xfb, 0x4c, 0x21, 0xd3, 0x4c, 0x01, 0xeb, 0x49,
  0x83, 0xc6, 0x20, 0x49, 0x39, 0xfe, 0x75, 0x8c, 0xe9, 0x19, 0xff, 0xff,
  0xff, 0x81, 0xe6, 0xfc, 0x00, 0x00, 0x00, 0x89, 0xf1, 0x49, 0x8b, 0x0c,
  0xcb, 0x49, 0x89, 0xc8, 0x49, 0xf7, 0xd0, 0x49, 0xc1, 0xe8, 0x07, 0x48,
  0xc1, 0xe9, 0x06, 0x4c, 0x09, 0xc1, 0x4c, 0x21, 0xd1, 0x83, 0xff, 0x01,
  0x74, 0x3d, 0x4d, 0x8b, 0x44, 0xf3, 0x08, 0x4c, 0x89, 0xc3, 0x48, 0xf7,
  0xd3, 0x48, 0xc1, 0xeb, 0x07, 0x49, 0xc1, 0xe8, 0x06, 0x49, 0x09, 0xd8,
  0x4d, 0x21, 0xd0, 0x4c, 0x01, 0xc1, 0x83, 0xff, 0x02, 0x74, 0x1c, 0x4d,
  0x8b, 0x44, 0xf3, 0x10, 0x4d, 0x89, 0xc3, 0x49, 0xf7, 0xd3, 0x49, 0xc1,
  0xeb, 0x07, 0x49, 0xc1, 0xe8, 0x06, 0x4d, 0x09, 0xd8, 0x4d, 0x21, 0xd0,
  0x4c, 0x01, 0xc1, 0x49, 0x89, 0xc8, 0x4d, 0x21, 0xc8, 0x48, 0xc1, 0xe9,
  0x08, 0x4c, 0x21, 0xc9, 0x4c, 0x01, 0xc1, 0x48, 0x0f, 0xaf, 0xca, 0x48,
  0xc1, 0xe9, 0x30, 0x48, 0x01, 0xc8, 0x5b, 0x5f, 0x5e, 0x41, 0x5c, 0x41,
  0x5d, 0x41, 0x5e, 0x41, 0x5f, 0x5d, 0xc3, 0xcc, 0xcc, 0xcc, 0xcc, 0xcc,
  0xcc, 0xcc, 0xcc, 0xcc, 0xcc, 0xcc, 0xcc, 0xcc, 0x55, 0x48, 0x81, 0xec,
  0xb0, 0x00, 0x00, 0x00, 0x48, 0x8d, 0xac, 0x24, 0x80, 0x00, 0x00, 0x00,
  0x8b, 0x09, 0x31, 0xc0, 0x41, 0x89, 0xc8, 0x66, 0x0f, 0x1f, 0x84, 0x00,
  0x00, 0x00, 0x00, 0x00, 0x41, 0xc1, 0xe8, 0x04, 0x41, 0x89, 0xc9, 0x41,
  0x80, 0xe1, 0x0f, 0x45, 0x8d, 0x51, 0x30, 0x45, 0x8d, 0x59, 0x37, 0x41,
  0x80, 0xf9, 0x0a, 0x45, 0x0f, 0xb6, 0xca, 0x45, 0x0f, 0xb6, 0xd3, 0x45,
  0x0f, 0x42, 0xd1, 0x44, 0x88, 0x54, 0x05, 0x2f, 0x48, 0xff, 0xc8, 0x83,
  0xf9, 0x0f, 0x44, 0x89, 0xc1, 0x77, 0xcd, 0x48, 0x8d, 0x0c, 0x28, 0x48,
  0x83, 0xc1, 0x30, 0x48, 0xf7, 0xd8, 0x48, 0x89, 0x44, 0x24, 0x28, 0x48,
  0x89, 0x4c, 0x24, 0x20, 0x4c, 0x8d, 0x05, 0xba, 0x4f, 0x00, 0x00, 0x41,
  0xb9, 0x02, 0x00, 0x00, 0x00, 0x48, 0x89, 0xd1, 0xb2, 0x01, 0xe8, 0x71,
  0xf4, 0xff, 0xff, 0x48, 0x81, 0xc4, 0xb0, 0x00, 0x00, 0x00, 0x5d, 0xc3,
  0xcc, 0xcc, 0xcc, 0xcc, 0xcc, 0xcc, 0xcc, 0xcc, 0x55, 0x48, 0x89, 0xe5,
  0x49, 0x89, 0xd0, 0x48, 0x8b, 0x09, 0xb2, 0x01, 0x5d, 0xe9, 0x0e, 0x00,
  0x00, 0x00, 0xcc, 0xcc, 0xcc, 0xcc, 0xcc, 0xcc, 0xcc, 0xcc, 0xcc, 0xcc,
  0xcc, 0xcc, 0xcc, 0xcc, 0x55, 0x41, 0x57, 0x41, 0x56, 0x56, 0x57, 0x53,
  0x48, 0x83, 0xec, 0x48, 0x48, 0x8d, 0x6c, 0x24, 0x40, 0x4d, 0x89, 0xc1,
  0x41, 0x89, 0xd2, 0x41, 0xbb, 0x14, 0x00, 0x00, 0x00, 0x48, 0x8d, 0x35,
  0x57, 0x4f, 0x00, 0x00, 0x48, 0x89, 0xca, 0x48, 0x81, 0xf9, 0xe8, 0x03,
  0x00, 0x00, 0x72, 0x70, 0xbb, 0x14, 0x00, 0x00, 0x00, 0x48, 0xbf, 0x4b,
  0x59, 0x86, 0x38, 0xd6, 0xc5, 0x6d, 0x34, 0x49, 0x89, 0xc8, 0x66, 0x66,
  0x66, 0x66, 0x66, 0x2e, 0x0f, 0x1f, 0x84, 0x00, 0x00, 0x00, 0x00, 0x00,
  0x4c, 0x8d, 0x5b, 0xfc, 0x4c, 0x89, 0xc0, 0x48, 0xf7, 0xe7, 0x48, 0xc1,
  0xea, 0x0b, 0x69, 0xc2, 0x10, 0x27, 0x00, 0x00, 0x45, 0x89, 0xc6, 0x41,
  0x29, 0xc6, 0x41, 0x69, 0xc6, 0x7b, 0x14, 0x00, 0x00, 0xc1, 0xe8, 0x13,
  0x44, 0x6b, 0xf8, 0x64, 0x45, 0x29, 0xfe, 0x0f, 0xb7, 0x04, 0x46, 0x66,
  0x89, 0x44, 0x1d, 0xf0, 0x41, 0x0f, 0xb7, 0xc6, 0x0f, 0xb7, 0x04, 0x46,
  0x66, 0x89, 0x44, 0x1d, 0xf2, 0x4c, 0x89, 0xdb, 0x49, 0x81, 0xf8, 0x7f,
  0x96, 0x98, 0x00, 0x49, 0x89, 0xd0, 0x77, 0xb0, 0x48, 0x83, 0xfa, 0x09,
  0x76, 0x2c, 0x89, 0xd0, 0xc1, 0xe8, 0x02, 0x0f, 0xb7, 0xc0, 0x69, 0xc0,
  0x7b, 0x14, 0x00, 0x00, 0xc1, 0xe8, 0x11, 0x44, 0x6b, 0xc0, 0x64, 0x44,
  0x29, 0xc2, 0x0f, 0xb7, 0xd2, 0x0f, 0xb7, 0x14, 0x56, 0x66, 0x42, 0x89,
  0x54, 0x1d, 0xf2, 0x49, 0x83, 0xc3, 0xfe, 0x48, 0x89, 0xc2, 0x48, 0x85,
  0xc9, 0x74, 0x05, 0x48, 0x85, 0xd2, 0x74, 0x10, 0x83, 0xe2, 0x0f, 0x0f,
  0xb6, 0x44, 0x56, 0x01, 0x42, 0x88, 0x44, 0x1d, 0xf3, 0x49, 0xff, 0xcb,
  0xb8, 0x14, 0x00, 0x00, 0x00, 0x4c, 0x29, 0xd8, 0x49, 0x8d, 0x0c, 0x2b,
  0x48, 0x83, 0xc1, 0xf4, 0x48, 0x89, 0x44, 0x24, 0x28, 0x48, 0x89, 0x4c,
  0x24, 0x20, 0x41, 0xb8, 0x01, 0x00, 0x00, 0x00, 0x4c, 0x89, 0xc9, 0x44,
  0x89, 0xd2, 0x45, 0x31, 0xc9, 0xe8, 0x26, 0xf3, 0xff, 0xff, 0x48, 0x83,
  0xc4, 0x48, 0x5b, 0x5f, 0x5e, 0x41, 0x5e, 0x41, 0x5f, 0x5d, 0xc3, 0xcc,
  0xcc, 0xcc, 0xcc, 0xcc, 0xcc, 0xcc, 0xcc, 0xcc, 0x55, 0x48, 0x89, 0xe5,
  0x48, 0x8b, 0x01, 0x48, 0x8b, 0x49, 0x08, 0x4c, 0x8b, 0x41, 0x18, 0x48,
  0x89, 0xc1, 0x5d, 0x49, 0xff, 0xe0, 0xcc, 0xcc, 0xcc, 0xcc, 0xcc, 0xcc,
  0xcc, 0xcc, 0xcc, 0xcc, 0x55, 0x48, 0x89, 0xe5, 0x48, 0x89, 0xd0, 0x48,
  0x8b, 0x11, 0x4c, 0x8b, 0x41, 0x08, 0x48, 0x89, 0xc1, 0x5d, 0xe9, 0x69,
  0xf6, 0xff, 0xff, 0xcc, 0xcc, 0xcc, 0xcc, 0xcc, 0xcc, 0xcc, 0xcc, 0xcc,
  0x50, 0x48, 0x89, 0x0c, 0x24, 0x48, 0x8b, 0x01, 0x48, 0x8b, 0x51, 0x08,
  0x59, 0xc3, 0xcc, 0xcc, 0x50, 0x48, 0x89, 0x0c, 0x24, 0x8b, 0x41, 0x10,
  0x59, 0xc3, 0xcc, 0xcc, 0xcc, 0xcc, 0xcc, 0xcc, 0x48, 0x83, 0xec, 0x38,
  0x48, 0x89, 0x54, 0x24, 0x20, 0x48, 0x89, 0xc8, 0x48, 0x8b, 0x4c, 0x24,
  0x20, 0x48, 0x89, 0x44, 0x24, 0x28, 0x48, 0x89, 0x4c, 0x24, 0x30, 0x48,
  0x8d, 0x15, 0xc2, 0x50, 0x00, 0x00, 0x41, 0xb8, 0x05, 0x00, 0x00, 0x00,
  0xe8, 0xb3, 0xf8, 0xff, 0xff, 0x24, 0x01, 0x48, 0x83, 0xc4, 0x38, 0xc3,
  0xcc, 0xcc, 0xcc, 0xcc, 0xcc, 0xcc, 0xcc, 0xcc, 0xcc, 0xcc, 0xcc, 0xcc,
  0x48, 0x83, 0xec, 0x38, 0x48, 0x89, 0xc8, 0x48, 0x89, 0x44, 0x24, 0x28,
  0x48, 0x89, 0x54, 0x24, 0x30, 0x41, 0xb8, 0x30, 0x00, 0x00, 0x00, 0xe8,
  0x14, 0x08, 0x00, 0x00, 0x48, 0x8b, 0x44, 0x24, 0x28, 0x48, 0x83, 0xc4,
  0x38, 0xc3, 0xcc, 0xcc, 0xcc, 0xcc, 0xcc, 0xcc, 0xcc, 0xcc, 0xcc, 0xcc,
  0x48, 0x81, 0xec, 0xc8, 0x00, 0x00, 0x00, 0x48, 0x89, 0x4c, 0x24, 0x30,
  0x48, 0x8d, 0x0d, 0xc5, 0x50, 0x00, 0x00, 0xe8, 0x08, 0xdc, 0xff, 0xff,
  0x48, 0x89, 0x44, 0x24, 0x38, 0x48, 0x8d, 0x44, 0x24, 0x38, 0x48, 0x89,
  0x84, 0x24, 0xc0, 0x00, 0x00, 0x00, 0x48, 0x8b, 0x44, 0x24, 0x38, 0x48,
  0x89, 0x44, 0x24, 0x28, 0x48, 0x89, 0x84, 0x24, 0xa0, 0x00, 0x00, 0x00,
  0x48, 0x8b, 0x48, 0x60, 0xe8, 0x1b, 0xe2, 0xff, 0xff, 0xa8, 0x01, 0x75,
  0x14, 0x48, 0x8b, 0x44, 0x24, 0x28, 0x48, 0x8b, 0x48, 0x40, 0xe8, 0xf9,
  0xcf, 0xff, 0xff, 0xa8, 0x01, 0x75, 0x57, 0xeb, 0x22, 0x48, 0x8d, 0x4c,
  0x24, 0x40, 0x48, 0x8d, 0x15, 0xe7, 0x50, 0x00, 0x00, 0xe8, 0x52, 0x07,
  0x00, 0x00, 0x48, 0x8d, 0x4c, 0x24, 0x40, 0x48, 0x8d, 0x15, 0xe6, 0x50,
  0x00, 0x00, 0xe8, 0xf1, 0x2b, 0x00, 0x00, 0x48, 0x8b, 0x44, 0x24, 0x28,
  0x48, 0x8b, 0x50, 0x40, 0x48, 0x89, 0x94, 0x24, 0xb8, 0x00, 0x00, 0x00,
  0x48, 0x89, 0x94, 0x24, 0xa8, 0x00, 0x00, 0x00, 0x48, 0x89, 0x94, 0x24,
  0xb0, 0x00, 0x00, 0x00, 0x48, 0x8d, 0x4c, 0x24, 0x30, 0xe8, 0x96, 0xe6,
  0xff, 0xff, 0x48, 0x81, 0xc4, 0xc8, 0x00, 0x00, 0x00, 0xc3, 0x48, 0x8d,
  0x4c, 0x24, 0x70, 0x48, 0x8d, 0x15, 0x4a, 0x50, 0x00, 0x00, 0xe8, 0xfd,
  0x06, 0x00, 0x00, 0x48, 0x8d, 0x4c, 0x24, 0x70, 0x48, 0x8d, 0x15, 0x49,
  0x50, 0x00, 0x00, 0xe8, 0x9c, 0x2b, 0x00, 0x00, 0xcc, 0xcc, 0xcc, 0xcc,
  0xcc, 0xcc, 0xcc, 0xcc, 0xcc, 0xcc, 0xcc, 0xcc, 0x48, 0x83, 0xec, 0x10,
  0x89, 0x4c, 0x24, 0x04, 0x89, 0x4c, 0x24, 0x0c, 0x81, 0xf9, 0xff, 0xff,
  0x00, 0x00, 0x77, 0x12, 0x8b, 0x44, 0x24, 0x04, 0x66, 0x89, 0x44, 0x24,
  0x0a, 0x66, 0xc7, 0x44, 0x24, 0x08, 0x00, 0x00, 0xeb, 0x18, 0x66, 0x8b,
  0x0d, 0x6b, 0x50, 0x00, 0x00, 0x66, 0x8b, 0x05, 0x66, 0x50, 0x00, 0x00,
  0x66, 0x89, 0x4c, 0x24, 0x08, 0x66, 0x89, 0x44, 0x24, 0x0a, 0x66, 0x8b,
  0x44, 0x24, 0x08, 0x66, 0x8b, 0x54, 0x24, 0x0a, 0x48, 0x83, 0xc4, 0x10,
  0xc3, 0xcc, 0xcc, 0xcc, 0x48, 0x83, 0xec, 0x28, 0x89, 0x4c, 0x24, 0x24,
  0xe8, 0x53, 0x00, 0x00, 0x00, 0x48, 0x83, 0xc4, 0x28, 0xc3, 0xcc, 0xcc,
  0xcc, 0xcc, 0xcc, 0xcc, 0xcc, 0xcc, 0xcc, 0xcc, 0xcc, 0xcc, 0xcc, 0xcc,
  0x48, 0x83, 0xec, 0x28, 0x89, 0x4c, 0x24, 0x24, 0xe8, 0x13, 0x16, 0x00,
  0x00, 0x48, 0x83, 0xc4, 0x28, 0xc3, 0xcc, 0xcc, 0xcc, 0xcc, 0xcc, 0xcc,
  0xcc, 0xcc, 0xcc, 0xcc, 0xcc, 0xcc, 0xcc, 0xcc, 0x48, 0x83, 0xec, 0x28,
  0x66, 0x89, 0x4c, 0x24, 0x26, 0xe8, 0x52, 0x00, 0x00, 0x00, 0x48, 0x83,
  0xc4, 0x28, 0xc3, 0xcc, 0xcc, 0xcc, 0xcc, 0xcc, 0xcc, 0xcc, 0xcc, 0xcc,
  0xcc, 0xcc, 0xcc, 0xcc, 0x48, 0x83, 0xec, 0x28, 0x89, 0x4c, 0x24, 0x20,
  0xe8, 0xc3, 0x15, 0x00, 0x00, 0x89, 0xc1, 0x89, 0x4c, 0x24, 0x24, 0xe8,
  0x38, 0xff, 0xff, 0xff, 0x66, 0x89, 0xc1, 0xe8, 0x70, 0x03, 0x00, 0x00,
  0x66, 0x89, 0xc1, 0xe8, 0x58, 0x05, 0x00, 0x00, 0x48, 0x83, 0xc4, 0x28,
  0xc3, 0xcc, 0xcc, 0xcc, 0x50, 0x58, 0xc3, 0xcc, 0xcc, 0xcc, 0xcc, 0xcc,
  0xcc, 0xcc, 0xcc, 0xcc, 0xcc, 0xcc, 0xcc, 0xcc, 0x48, 0x83, 0xec, 0x38,
  0x66, 0x89, 0x4c, 0x24, 0x2e, 0x66, 0x89, 0x4c, 0x24, 0x36, 0x0f, 0xb7,
  0xc9, 0xe8, 0x6a, 0xff, 0xff, 0xff, 0x89, 0x44, 0x24, 0x28, 0x31, 0xc0,
  0xb9, 0x01, 0x00, 0x00, 0x00, 0x81, 0x7c, 0x24, 0x28, 0x00, 0x00, 0x11,
  0x00, 0x48, 0x0f, 0x44, 0xc1, 0x48, 0xa9, 0x01, 0x00, 0x00, 0x00, 0x74,
  0x09, 0x66, 0xc7, 0x44, 0x24, 0x24, 0x01, 0x00, 0xeb, 0x17, 0x8b, 0x4c,
  0x24, 0x28, 0x89, 0x4c, 0x24, 0x30, 0xe8, 0x15, 0xff, 0xff, 0xff, 0x66,
  0x89, 0x44, 0x24, 0x24, 0x66, 0x89, 0x54, 0x24, 0x26, 0x66, 0x8b, 0x44,
  0x24, 0x24, 0x66, 0x8b, 0x54, 0x24, 0x26, 0x48, 0x83, 0xc4, 0x38, 0xc3,
  0xcc, 0xcc, 0xcc, 0xcc, 0xcc, 0xcc, 0xcc, 0xcc, 0xcc, 0xcc, 0xcc, 0xcc,
  0x50, 0x66, 0x89, 0xc8, 0x66, 0x89, 0x44, 0x24, 0x06, 0x59, 0xc3, 0xcc,
  0xcc, 0xcc, 0xcc, 0xcc, 0x48, 0x83, 0xec, 0x78, 0x48, 0x89, 0x4c, 0x24,
  0x28, 0x48, 0x89, 0x4c, 0x24, 0x30, 0x48, 0x89, 0x54, 0x24, 0x38, 0x4c,
  0x89, 0x44, 0x24, 0x40, 0x48, 0x8b, 0x54, 0x24, 0x38, 0xb8, 0x01, 0x00,
  0x00, 0x00, 0x31, 0xc9, 0x48, 0x83, 0xfa, 0x00, 0x48, 0x0f, 0x44, 0xc1,
  0x48, 0xa9, 0x01, 0x00, 0x00, 0x00, 0x74, 0x3f, 0x48, 0x8b, 0x54, 0x24,
  0x38, 0x4c, 0x8b, 0x44, 0x24, 0x40, 0x48, 0x89, 0x54, 0x24, 0x68, 0x4c,
  0x89, 0x44, 0x24, 0x70, 0x48, 0x8d, 0x4c, 0x24, 0x48, 0xe8, 0xde, 0x05,
  0x00, 0x00, 0x48, 0x8b, 0x44, 0x24, 0x28, 0x48, 0x8b, 0x4c, 0x24, 0x48,
  0x48, 0x89, 0x08, 0x48, 0x8b, 0x4c, 0x24, 0x50, 0x48, 0x89, 0x48, 0x08,
  0x48, 0x8b, 0x4c, 0x24, 0x58, 0x48, 0x89, 0x48, 0x10, 0xeb, 0x0c, 0x48,
  0x8b, 0x44, 0x24, 0x28, 0x48, 0xc7, 0x00, 0x02, 0x00, 0x00, 0x00, 0x48,
  0x8b, 0x44, 0x24, 0x30, 0x48, 0x83, 0xc4, 0x78, 0xc3, 0xcc, 0xcc, 0xcc,
  0xcc, 0xcc, 0xcc, 0xcc, 0x48, 0x83, 0xec, 0x58, 0x4c, 0x89, 0x4c, 0x24,
  0x20, 0x4c, 0x89, 0x44, 0x24, 0x28, 0x48, 0x89, 0x54, 0x24, 0x30, 0x48,
  0x89, 0x4c, 0x24, 0x38, 0x48, 0x89, 0x54, 0x24, 0x40, 0x4c, 0x89, 0x44,
  0x24, 0x48, 0x48, 0x8b, 0x54, 0x24, 0x38, 0xb8, 0x01, 0x00, 0x00, 0x00,
  0x31, 0xc9, 0x48, 0x83, 0xfa, 0x00, 0x48, 0x0f, 0x44, 0xc1, 0x48, 0xa9,
  0x01, 0x00, 0x00, 0x00, 0x74, 0x0f, 0x48, 0x8b, 0x44, 0x24, 0x38, 0x48,
  0x89, 0x44, 0x24, 0x50, 0x48, 0x83, 0xc4, 0x58, 0xc3, 0x4c, 0x8b, 0x44,
  0x24, 0x20, 0x48, 0x8b, 0x54, 0x24, 0x28, 0x48, 0x8b, 0x4c, 0x24, 0x30,
  0xe8, 0xcf, 0x28, 0x00, 0x00, 0xcc, 0xcc, 0xcc, 0xcc, 0xcc, 0xcc, 0xcc,
  0xcc, 0xcc, 0xcc, 0xcc, 0xcc, 0xcc, 0xcc, 0xcc, 0x50, 0x48, 0x89, 0x0c,
  0x24, 0x48, 0x8b, 0x11, 0xb8, 0x01, 0x00, 0x00, 0x00, 0x31, 0xc9, 0x48,
  0x83, 0xfa, 0x00, 0x48, 0x0f, 0x44, 0xc1, 0x48, 0x83, 0xf8, 0x01, 0x0f,
  0x94, 0xc0, 0x24, 0x01, 0x59, 0xc3, 0xcc, 0xcc, 0xcc, 0xcc, 0xcc, 0xcc,
  0xcc, 0xcc, 0xcc, 0xcc, 0xcc, 0xcc, 0xcc, 0xcc, 0x48, 0x83, 0xec, 0x68,
  0x48, 0x89, 0x54, 0x24, 0x28, 0x48, 0x89, 0x4c, 0x24, 0x30, 0x48, 0x89,
  0x4c, 0x24, 0x38, 0x48, 0x89, 0x54, 0x24, 0x58, 0xb8, 0x01, 0x00, 0x00,
  0x00, 0x31, 0xc9, 0x48, 0x83, 0x3a, 0x02, 0x48, 0x0f, 0x44, 0xc1, 0x48,
  0xa9, 0x01, 0x00, 0x00, 0x00, 0x74, 0x35, 0x48, 0x8b, 0x54, 0x24, 0x28,
  0x48, 0x89, 0x54, 0x24, 0x60, 0x48, 0x8d, 0x4c, 0x24, 0x40, 0xe8, 0xcd,
  0xd7, 0xff, 0xff, 0x48, 0x8b, 0x44, 0x24, 0x30, 0x48, 0x8b, 0x4c, 0x24,
  0x40, 0x48, 0x89, 0x08, 0x48, 0x8b, 0x4c, 0x24, 0x48, 0x48, 0x89, 0x48,
  0x08, 0x48, 0x8b, 0x4c, 0x24, 0x50, 0x48, 0x89, 0x48, 0x10, 0xeb, 0x0c,
  0x48, 0x8b, 0x44, 0x24, 0x30, 0x48, 0xc7, 0x00, 0x02, 0x00, 0x00, 0x00,
  0x48, 0x8b, 0x44, 0x24, 0x38, 0x48, 0x83, 0xc4, 0x68, 0xc3, 0xcc, 0xcc,
  0xcc, 0xcc, 0xcc, 0xcc, 0x48, 0x83, 0xec, 0x28, 0x48, 0x89, 0x0c, 0x24,
  0x48, 0x89, 0x4c, 0x24, 0x10, 0x8b, 0x01, 0x48, 0xa9, 0x01, 0x00, 0x00,
  0x00, 0x74, 0x26, 0x48, 0x8b, 0x04, 0x24, 0x48, 0x89, 0xc1, 0x48, 0x83,
  0xc1, 0x04, 0x48, 0x89, 0x4c, 0x24, 0x18, 0x48, 0x89, 0x4c, 0x24, 0x20,
  0x8b, 0x40, 0x04, 0x89, 0x44, 0x24, 0x0c, 0xc7, 0x44, 0x24, 0x08, 0x01,
  0x00, 0x00, 0x00, 0xeb, 0x08, 0xc7, 0x44, 0x24, 0x08, 0x00, 0x00, 0x00,
  0x00, 0x8b, 0x44, 0x24, 0x08, 0x8b, 0x54, 0x24, 0x0c, 0x48, 0x83, 0xc4,
  0x28, 0xc3, 0xcc, 0xcc, 0xcc, 0xcc, 0xcc, 0xcc, 0xcc, 0xcc, 0xcc, 0xcc,
  0xcc, 0xcc, 0xcc, 0xcc, 0x48, 0x83, 0xec, 0x28, 0x48, 0x89, 0x4c, 0x24,
  0x20, 0xe8, 0x82, 0xe3, 0xff, 0xff, 0x48, 0x83, 0xc4, 0x28, 0xc3, 0xcc,
  0xcc, 0xcc, 0xcc, 0xcc, 0xcc, 0xcc, 0xcc, 0xcc, 0xcc, 0xcc, 0xcc, 0xcc,
  0x48, 0x83, 0xec, 0x10, 0x48, 0x89, 0x0c, 0x24, 0x48, 0x89, 0x54, 0x24,
  0x08, 0x48, 0x8b, 0x01, 0x48, 0x3b, 0x02, 0x0f, 0x94, 0xc0, 0x24, 0x01,
  0x48, 0x83, 0xc4, 0x10, 0xc3, 0xcc, 0xcc, 0xcc, 0x48, 0x83, 0xec, 0x28,
  0x48, 0x89, 0x4c, 0x24, 0x20, 0x48, 0x8d, 0x4c, 0x24, 0x20, 0x48, 0x8d,
  0x15, 0xcb, 0x4c, 0x00, 0x00, 0xe8, 0xc6, 0xff, 0xff, 0xff, 0x24, 0x01,
  0x48, 0x83, 0xc4, 0x28, 0xc3, 0xcc, 0xcc, 0xcc, 0xcc, 0xcc, 0xcc, 0xcc,
  0xcc, 0xcc, 0xcc, 0xcc, 0xcc, 0xcc, 0xcc, 0xcc, 0x48, 0x83, 0xec, 0x48,
  0x48, 0x89, 0x4c, 0x24, 0x28, 0x48, 0x89, 0x4c, 0x24, 0x40, 0xe8, 0xbd,
  0xff, 0xff, 0xff, 0xa8, 0x01, 0x75, 0x21, 0x48, 0x8b, 0x4c, 0x24, 0x28,
  0x48, 0x8d, 0x15, 0xfd, 0x4c, 0x00, 0x00, 0xe8, 0x68, 0xff, 0xff, 0xff,
  0x48, 0x89, 0x44, 0x24, 0x38, 0x48, 0xc7, 0x44, 0x24, 0x30, 0x01, 0x00,
  0x00, 0x00, 0xeb, 0x09, 0x48, 0xc7, 0x44, 0x24, 0x30, 0x00, 0x00, 0x00,
  0x00, 0x48, 0x8b, 0x44, 0x24, 0x30, 0x48, 0x8b, 0x54, 0x24, 0x38, 0x48,
  0x83, 0xc4, 0x48, 0xc3, 0x48, 0x83, 0xec, 0x38, 0x66, 0x89, 0x4c, 0x24,
  0x2c, 0x66, 0x89, 0x54, 0x24, 0x2e, 0x0f, 0xb7, 0x44, 0x24, 0x2c, 0x48,
  0xa9, 0x01, 0x00, 0x00, 0x00, 0x74, 0x09, 0x66, 0xc7, 0x44, 0x24, 0x30,
  0x01, 0x00, 0xeb, 0x1b, 0x66, 0x8b, 0x4c, 0x24, 0x2e, 0x66, 0x89, 0x4c,
  0x24, 0x36, 0xe8, 0x0d, 0x03, 0x00, 0x00, 0x66, 0x89, 0x44, 0x24, 0x32,
  0x66, 0xc7, 0x44, 0x24, 0x30, 0x00, 0x00, 0x66, 0x8b, 0x44, 0x24, 0x30,
  0x66, 0x8b, 0x54, 0x24, 0x32, 0x48, 0x83, 0xc4, 0x38, 0xc3, 0xcc, 0xcc,
  0x48, 0x83, 0xec, 0x58, 0x4c, 0x89, 0x4c, 0x24, 0x28, 0x4c, 0x89, 0x44,
  0x24, 0x30, 0x48, 0x89, 0x54, 0x24, 0x38, 0x88, 0xc8, 0x24, 0x01, 0x88,
  0x44, 0x24, 0x47, 0x48, 0x89, 0x54, 0x24, 0x48, 0x4c, 0x89, 0x44, 0x24,
  0x50, 0x80, 0xe1, 0x01, 0x0f, 0xb6, 0xc1, 0x48, 0xa9, 0x01, 0x00, 0x00,
  0x00, 0x74, 0x25, 0x48, 0x8b, 0x44, 0x24, 0x28, 0x48, 0x8b, 0x54, 0x24,
  0x30, 0x48, 0x8b, 0x4c, 0x24, 0x38, 0x4c, 0x8d, 0x44, 0x24, 0x45, 0x4c,
  0x8d, 0x0d, 0x4a, 0x4c, 0x00, 0x00, 0x48, 0x89, 0x44, 0x24, 0x20, 0xe8,
  0x38, 0x28, 0x00, 0x00, 0x48, 0x83, 0xc4, 0x58, 0xc3, 0xcc, 0xcc, 0xcc,
  0x48, 0x83, 0xec, 0x48, 0x48, 0x89, 0x4c, 0x24, 0x28, 0x48, 0x89, 0x54,
  0x24, 0x30, 0x48, 0xf7, 0x44, 0x24, 0x28, 0x01, 0x00, 0x00, 0x00, 0x74,
  0x16, 0x48, 0x8b, 0x4c, 0x24, 0x30, 0x48, 0x89, 0x4c, 0x24, 0x40, 0xe8,
  0x98, 0x0c, 0x00, 0x00, 0xc6, 0x44, 0x24, 0x3d, 0x01, 0xeb, 0x05, 0xc6,
  0x44, 0x24, 0x3d, 0x00, 0x8a, 0x44, 0x24, 0x3d, 0x24, 0x01, 0x48, 0x83,
  0xc4, 0x48, 0xc3, 0xcc, 0x48, 0x83, 0xec, 0x28, 0x88, 0x4c, 0x24, 0x23,
  0xb8, 0x01, 0x00, 0x00, 0x00, 0x31, 0xc9, 0x80, 0x7c, 0x24, 0x23, 0x02,
  0x48, 0x0f, 0x44, 0xc1, 0x48, 0xa9, 0x01, 0x00, 0x00, 0x00, 0x74, 0x1b,
  0x8a, 0x4c, 0x24, 0x23, 0x88, 0xc8, 0x24, 0x01, 0x88, 0x44, 0x24, 0x27,
  0x80, 0xe1, 0x01, 0xe8, 0x3c, 0x0e, 0x00, 0x00, 0xc6, 0x44, 0x24, 0x24,
  0x01, 0xeb, 0x05, 0xc6, 0x44, 0x24, 0x24, 0x00, 0x8a, 0x44, 0x24, 0x24,
  0x24, 0x01, 0x48, 0x83, 0xc4, 0x28, 0xc3, 0xcc, 0xcc, 0xcc, 0xcc, 0xcc,
  0x48, 0x83, 0xec, 0x28, 0x88, 0xc8, 0x24, 0x01, 0x88, 0x44, 0x24, 0x24,
  0x80, 0xe1, 0x01, 0x0f, 0xb6, 0xc1, 0x48, 0xa9, 0x01, 0x00, 0x00, 0x00,
  0x74, 0x0d, 0xe8, 0x51, 0x0d, 0x00, 0x00, 0x24, 0x01, 0x88, 0x44, 0x24,
  0x23, 0xeb, 0x05, 0xc6, 0x44, 0x24, 0x23, 0x02, 0x8a, 0x44, 0x24, 0x23,
  0x48, 0x83, 0xc4, 0x28, 0xc3, 0xcc, 0xcc, 0xcc, 0xcc, 0xcc, 0xcc, 0xcc,
  0xcc, 0xcc, 0xcc, 0xcc, 0x48, 0x83, 0xec, 0x68, 0x48, 0x89, 0x4c, 0x24,
  0x28, 0x48, 0xf7, 0x01, 0x01, 0x00, 0x00, 0x00, 0x74, 0x27, 0x48, 0x8b,
  0x44, 0x24, 0x28, 0x48, 0x8b, 0x48, 0x08, 0x48, 0x8b, 0x50, 0x10, 0x48,
  0x89, 0x4c, 0x24, 0x58, 0x48, 0x89, 0x54, 0x24, 0x60, 0xe8, 0xa2, 0x0b,
  0x00, 0x00, 0x48, 0xc7, 0x44, 0x24, 0x30, 0x00, 0x00, 0x00, 0x00, 0xeb,
  0x21, 0x48, 0x8b, 0x44, 0x24, 0x28, 0x48, 0x8b, 0x48, 0x08, 0x48, 0x8b,
  0x40, 0x10, 0x48, 0x89, 0x4c, 0x24, 0x48, 0x48, 0x89, 0x44, 0x24, 0x50,
  0x48, 0x89, 0x4c, 0x24, 0x30, 0x48, 0x89, 0x44, 0x24, 0x38, 0x48, 0x8b,
  0x44, 0x24, 0x30, 0x48, 0x8b, 0x54, 0x24, 0x38, 0x48, 0x83, 0xc4, 0x68,
  0xc3, 0xcc, 0xcc, 0xcc, 0xcc, 0xcc, 0xcc, 0xcc, 0x48, 0x83, 0xec, 0x38,
  0x66, 0x89, 0x4c, 0x24, 0x2c, 0x66, 0x89, 0x54, 0x24, 0x2e, 0x0f, 0xb7,
  0x44, 0x24, 0x2c, 0x48, 0xa9, 0x01, 0x00, 0x00, 0x00, 0x74, 0x0e, 0xe8,
  0x90, 0xfa, 0xff, 0xff, 0x66, 0xc7, 0x44, 0x24, 0x30, 0x01, 0x00, 0xeb,
  0x16, 0x66, 0x8b, 0x44, 0x24, 0x2e, 0x66, 0x89, 0x44, 0x24, 0x36, 0x66,
  0x89, 0x44, 0x24, 0x32, 0x66, 0xc7, 0x44, 0x24, 0x30, 0x00, 0x00, 0x66,
  0x8b, 0x44, 0x24, 0x30, 0x66, 0x8b, 0x54, 0x24, 0x32, 0x48, 0x83, 0xc4,
  0x38, 0xc3, 0xcc, 0xcc, 0x48, 0x83, 0xec, 0x38, 0x48, 0x89, 0x0c, 0x24,
  0x48, 0x89, 0x54, 0x24, 0x08, 0x48, 0x8b, 0x14, 0x24, 0x31, 0xc0, 0xb9,
  0x01, 0x00, 0x00, 0x00, 0x48, 0x83, 0xfa, 0x00, 0x48, 0x0f, 0x44, 0xc1,
  0x48, 0xa9, 0x01, 0x00, 0x00, 0x00, 0x74, 0x0b, 0x48, 0xc7, 0x44, 0x24,
  0x10, 0x00, 0x00, 0x00, 0x00, 0xeb, 0x1d, 0x48, 0x8b, 0x0c, 0x24, 0x48,
  0x8b, 0x44, 0x24, 0x08, 0x48, 0x89, 0x4c, 0x24, 0x28, 0x48, 0x89, 0x44,
  0x24, 0x30, 0x48, 0x89, 0x4c, 0x24, 0x10, 0x48, 0x89, 0x44, 0x24, 0x18,
  0x48, 0x8b, 0x44, 0x24, 0x10, 0x48, 0x8b, 0x54, 0x24, 0x18, 0x48, 0x83,
  0xc4, 0x38, 0xc3, 0xcc, 0x50, 0x48, 0x89, 0xc8, 0x48, 0x89, 0x14, 0x24,
  0x48, 0x89, 0x11, 0x48, 0xc7, 0x41, 0x08, 0x01, 0x00, 0x00, 0x00, 0x4c,
  0x8b, 0x05, 0x4e, 0x4a, 0x00, 0x00, 0x48, 0x8b, 0x15, 0x4f, 0x4a, 0x00,
  0x00, 0x4c, 0x89, 0x41, 0x20, 0x48, 0x89, 0x51, 0x28, 0xba, 0x08, 0x00,
  0x00, 0x00, 0x48, 0x89, 0x51, 0x10, 0x48, 0xc7, 0x41, 0x18, 0x00, 0x00,
  0x00, 0x00, 0x59, 0xc3, 0xcc, 0xcc, 0xcc, 0xcc, 0x55, 0x56, 0x57, 0x48,
  0x89, 0xe5, 0x48, 0x89, 0xc8, 0xf7, 0xd9, 0x83, 0xe1, 0x07, 0x49, 0x39,
  0xc8, 0x49, 0x0f, 0x42, 0xc8, 0x49, 0x29, 0xc8, 0x4d, 0x89, 0xc1, 0x49,
  0xc1, 0xe9, 0x03, 0x41, 0x83, 0xe0, 0x07, 0x48, 0x89, 0xc7, 0x48, 0x89,
  0xd6, 0xf3, 0xa4, 0x4c, 0x89, 0xc9, 0xf3, 0x48, 0xa5, 0x4c, 0x89, 0xc1,
  0xf3, 0xa4, 0x5f, 0x5e, 0x5d, 0xc3, 0xcc, 0xcc, 0xcc, 0xcc, 0xcc, 0xcc,
  0x48, 0x83, 0xec, 0x10, 0x48, 0x89, 0x0c, 0x24, 0x48, 0x89, 0x54, 0x24,
  0x08, 0x48, 0x8b, 0x01, 0x48, 0x8b, 0x0a, 0x48, 0x29, 0xc8, 0x0f, 0x97,
  0xc0, 0x1c, 0x00, 0x48, 0x83, 0xc4, 0x10, 0xc3, 0x48, 0x83, 0xec, 0x28,
  0x66, 0x89, 0x4c, 0x24, 0x24, 0x66, 0x8b, 0x4c, 0x24, 0x24, 0xe8, 0xcd,
  0xf9, 0xff, 0xff, 0x48, 0x83, 0xc4, 0x28, 0xc3, 0xcc, 0xcc, 0xcc, 0xcc,
  0xcc, 0xcc, 0xcc, 0xcc, 0x48, 0x83, 0xec, 0x48, 0x48, 0x89, 0xc8, 0x48,
  0x89, 0x44, 0x24, 0x28, 0x48, 0x89, 0x54, 0x24, 0x30, 0x4c, 0x89, 0x44,
  0x24, 0x38, 0x48, 0x8b, 0x54, 0x24, 0x30, 0x4c, 0x8b, 0x44, 0x24, 0x38,
  0xe8, 0x2b, 0xcb, 0xff, 0xff, 0x48, 0x8b, 0x44, 0x24, 0x28, 0x48, 0x83,
  0xc4, 0x48, 0xc3, 0xcc, 0x48, 0x81, 0xec, 0xf8, 0x00, 0x00, 0x00, 0x4c,
  0x89, 0x4c, 0x24, 0x48, 0x4c, 0x89, 0x44, 0x24, 0x50, 0x48, 0x89, 0x54,
  0x24, 0x58, 0x48, 0x89, 0x4c, 0x24, 0x60, 0x48, 0x89, 0x54, 0x24, 0x78,
  0x4c, 0x89, 0x84, 0x24, 0x80, 0x00, 0x00, 0x00, 0x48, 0x89, 0x8c, 0x24,
  0x88, 0x00, 0x00, 0x00, 0x48, 0x8b, 0x41, 0x08, 0x48, 0x89, 0x44, 0x24,
  0x68, 0x48, 0x89, 0x84, 0x24, 0x90, 0x00, 0x00, 0x00, 0x48, 0x83, 0xf8,
  0xff, 0x74, 0x40, 0x48, 0x8b, 0x4c, 0x24, 0x68, 0x48, 0x8b, 0x44, 0x24,
  0x60, 0x48, 0x8b, 0x10, 0x48, 0x89, 0x54, 0x24, 0x38, 0x48, 0x89, 0x94,
  0x24, 0x98, 0x00, 0x00, 0x00, 0x8a, 0x40, 0x10, 0x88, 0xc2, 0x80, 0xe2,
  0x01, 0x88, 0x94, 0x24, 0xa7, 0x00, 0x00, 0x00, 0x48, 0x83, 0xc1, 0x01,
  0x48, 0x89, 0x4c, 0x24, 0x40, 0x48, 0x89, 0x8c, 0x24, 0xa8, 0x00, 0x00,
  0x00, 0xa8, 0x01, 0x75, 0x18, 0xeb, 0x0a, 0x48, 0x8b, 0x4c, 0x24, 0x48,
  0xe8, 0x5f, 0x25, 0x00, 0x00, 0x48, 0x8b, 0x44, 0x24, 0x38, 0x48, 0x89,
  0x44, 0x24, 0x70, 0xeb, 0x0a, 0x48, 0x8b, 0x44, 0x24, 0x40, 0x48, 0x89,
  0x44, 0x24, 0x70, 0x48, 0x8b, 0x44, 0x24, 0x40, 0x48, 0x8b, 0x54, 0x24,
  0x50, 0x4c, 0x8b, 0x44, 0x24, 0x58, 0x48, 0x8b, 0x4c, 0x24, 0x70, 0x48,
  0x89, 0x4c, 0x24, 0x30, 0x48, 0x89, 0x8c, 0x24, 0xc0, 0x00, 0x00, 0x00,
  0x48, 0x89, 0x84, 0x24, 0xc8, 0x00, 0x00, 0x00, 0x4c, 0x89, 0x84, 0x24,
  0xd0, 0x00, 0x00, 0x00, 0x48, 0x89, 0x94, 0x24, 0xd8, 0x00, 0x00, 0x00,
  0x48, 0x89, 0x84, 0x24, 0xe0, 0x00, 0x00, 0x00, 0x48, 0x89, 0x8c, 0x24,
  0xe8, 0x00, 0x00, 0x00, 0x48, 0x39, 0xc8, 0x72, 0x45, 0x48, 0x8b, 0x44,
  0x24, 0x40, 0x48, 0x8b, 0x4c, 0x24, 0x50, 0x4c, 0x8b, 0x44, 0x24, 0x30,
  0x48, 0x89, 0xc2, 0x4c, 0x29, 0xc2, 0x48, 0x89, 0x94, 0x24, 0xb8, 0x00,
  0x00, 0x00, 0x48, 0xc7, 0x84, 0x24, 0xb0, 0x00, 0x00, 0x00, 0x01, 0x00,
  0x00, 0x00, 0x48, 0x8b, 0x94, 0x24, 0xb8, 0x00, 0x00, 0x00, 0x48, 0x89,
  0x54, 0x24, 0x28, 0x48, 0x89, 0x94, 0x24, 0xf0, 0x00, 0x00, 0x00, 0x48,
  0x39, 0xc8, 0x77, 0x16, 0xeb, 0x28, 0x4c, 0x8b, 0x44, 0x24, 0x48, 0x48,
  0x8b, 0x54, 0x24, 0x40, 0x48, 0x8b, 0x4c, 0x24, 0x30, 0xe8, 0x92, 0x24,
  0x00, 0x00, 0x4c, 0x8b, 0x44, 0x24, 0x48, 0x48, 0x8b, 0x54, 0x24, 0x50,
  0x48, 0x8b, 0x4c, 0x24, 0x40, 0xe8, 0x6e, 0x24, 0x00, 0x00, 0x48, 0x8b,
  0x54, 0x24, 0x28, 0x48, 0x8b, 0x44, 0x24, 0x58, 0x48, 0x8b, 0x4c, 0x24,
  0x30, 0x48, 0x8d, 0x04, 0x48, 0x48, 0x81, 0xc4, 0xf8, 0x00, 0x00, 0x00,
  0xc3, 0xcc, 0xcc, 0xcc, 0x48, 0x83, 0xec, 0x68, 0x48, 0x89, 0x4c, 0x24,
  0x40, 0x48, 0x89, 0x54, 0x24, 0x48, 0x4c, 0x89, 0x44, 0x24, 0x50, 0x48,
  0xc7, 0x44, 0x24, 0x58, 0x00, 0x00, 0x00, 0x00, 0x48, 0x89, 0x4c, 0x24,
  0x60, 0x48, 0xc7, 0x44, 0x24, 0x28, 0x00, 0x00, 0x00, 0x00, 0x48, 0x89,
  0x4c, 0x24, 0x30, 0xc6, 0x44, 0x24, 0x38, 0x00, 0x48, 0x8d, 0x4c, 0x24,
  0x28, 0xe8, 0x42, 0xfe, 0xff, 0xff, 0x48, 0x83, 0xc4, 0x68, 0xc3, 0xcc,
  0xcc, 0xcc, 0xcc, 0xcc, 0xcc, 0xcc, 0xcc, 0xcc, 0xcc, 0xcc, 0xcc, 0xcc,
  0x48, 0x83, 0xec, 0x78, 0x89, 0x54, 0x24, 0x2c, 0x48, 0x89, 0x4c, 0x24,
  0x30, 0x48, 0x89, 0x4c, 0x24, 0x48, 0x89, 0x54, 0x24, 0x54, 0x48, 0x8d,
  0x4c, 0x24, 0x44, 0x31, 0xd2, 0x41, 0xb8, 0x04, 0x00, 0x00, 0x00, 0xe8,
  0xd8, 0x20, 0x00, 0x00, 0x8b, 0x4c, 0x24, 0x2c, 0x48, 0x8d, 0x44, 0x24,
  0x44, 0x48, 0x89, 0x44, 0x24, 0x58, 0x48, 0xc7, 0x44, 0x24, 0x60, 0x04,
  0x00, 0x00, 0x00, 0x48, 0x8d, 0x54, 0x24, 0x44, 0x41, 0xb8, 0x04, 0x00,
  0x00, 0x00, 0xe8, 0x81, 0xd2, 0xff, 0xff, 0x48, 0x8b, 0x4c, 0x24, 0x30,
  0x48, 0x89, 0x44, 0x24, 0x38, 0x49, 0x89, 0xd0, 0x48, 0x8b, 0x54, 0x24,
  0x38, 0x48, 0x89, 0x54, 0x24, 0x68, 0x4c, 0x89, 0x44, 0x24, 0x70, 0xe8,
  0xb0, 0x04, 0x00, 0x00, 0x24, 0x01, 0x48, 0x83, 0xc4, 0x78, 0xc3, 0xcc,
  0xcc, 0xcc, 0xcc, 0xcc, 0xcc, 0xcc, 0xcc, 0xcc, 0x48, 0x83, 0xec, 0x28,
  0x48, 0x89, 0x4c, 0x24, 0x20, 0xe8, 0x12, 0x00, 0x00, 0x00, 0x24, 0x01,
  0x48, 0x83, 0xc4, 0x28, 0xc3, 0xcc, 0xcc, 0xcc, 0xcc, 0xcc, 0xcc, 0xcc,
  0xcc, 0xcc, 0xcc, 0xcc, 0x48, 0x81, 0xec, 0xd8, 0x00, 0x00, 0x00, 0x48,
  0x89, 0x54, 0x24, 0x20, 0x48, 0x89, 0x4c, 0x24, 0x28, 0x48, 0x89, 0x4c,
  0x24, 0x70, 0x48, 0x89, 0x54, 0x24, 0x78, 0x48, 0x8b, 0x02, 0x48, 0x89,
  0x44, 0x24, 0x30, 0x48, 0x8b, 0x42, 0x08, 0x48, 0x89, 0x44, 0x24, 0x38,
  0x48, 0x8b, 0x4a, 0x18, 0x48, 0x89, 0x4c, 0x24, 0x40, 0x48, 0x83, 0xf8,
  0x00, 0x75, 0x0d, 0x48, 0x8b, 0x44, 0x24, 0x40, 0x48, 0x83, 0xf8, 0x00,
  0x74, 0x0f, 0xeb, 0x22, 0x48, 0x8b, 0x44, 0x24, 0x38, 0x48, 0x83, 0xf8,
  0x01, 0x74, 0x50, 0xeb, 0x15, 0xb8, 0x01, 0x00, 0x00, 0x00, 0x48, 0x89,
  0x44, 0x24, 0x60, 0x48, 0xc7, 0x44, 0x24, 0x68, 0x00, 0x00, 0x00, 0x00,
  0xeb, 0x18, 0x48, 0x8b, 0x0d, 0xa7, 0x46, 0x00, 0x00, 0x48, 0x8b, 0x05,
  0xa8, 0x46, 0x00, 0x00, 0x48, 0x89, 0x4c, 0x24, 0x60, 0x48, 0x89, 0x44,
  0x24, 0x68, 0x48, 0x8d, 0x44, 0x24, 0x60, 0x48, 0x89, 0x84, 0x24, 0x88,
  0x00, 0x00, 0x00, 0xc6, 0x84, 0x24, 0x97, 0x00, 0x00, 0x00, 0x00, 0xf6,
  0x84, 0x24, 0x97, 0x00, 0x00, 0x00, 0x01, 0x75, 0x2f, 0xeb, 0x2b, 0x48,
  0x8b, 0x44, 0x24, 0x40, 0x48, 0x83, 0xf8, 0x00, 0x75, 0xbc, 0x48, 0x8b,
  0x44, 0x24, 0x30, 0x48, 0x89, 0x84, 0x24, 0x80, 0x00, 0x00, 0x00, 0x48,
  0x8b, 0x08, 0x48, 0x8b, 0x40, 0x08, 0x48, 0x89, 0x4c, 0x24, 0x60, 0x48,
  0x89, 0x44, 0x24, 0x68, 0xeb, 0xb4, 0xeb, 0x30, 0x48, 0x8b, 0x4c, 0x24,
  0x60, 0x48, 0x8b, 0x44, 0x24, 0x68, 0x48, 0x89, 0x4c, 0x24, 0x50, 0x48,
  0x89, 0x44, 0x24, 0x58, 0x48, 0x8b, 0x54, 0x24, 0x50, 0xb8, 0x01, 0x00,
  0x00, 0x00, 0x31, 0xc9, 0x48, 0x83, 0xfa, 0x00, 0x48, 0x0f, 0x44, 0xc1,
  0x48, 0xa9, 0x01, 0x00, 0x00, 0x00, 0x75, 0x39, 0x48, 0x8b, 0x54, 0x24,
  0x20, 0x48, 0x8d, 0x8c, 0x24, 0xa8, 0x00, 0x00, 0x00, 0x41, 0xb8, 0x30,
  0x00, 0x00, 0x00, 0xe8, 0xc8, 0xfb, 0xff, 0xff, 0x48, 0x8b, 0x4c, 0x24,
  0x28, 0x48, 0x8d, 0x15, 0x04, 0x46, 0x00, 0x00, 0x4c, 0x8d, 0x84, 0x24,
  0xa8, 0x00, 0x00, 0x00, 0xe8, 0xef, 0xe3, 0xff, 0xff, 0x24, 0x01, 0x88,
  0x44, 0x24, 0x4f, 0xeb, 0x2a, 0x48, 0x8b, 0x4c, 0x24, 0x28, 0x48, 0x8b,
  0x54, 0x24, 0x50, 0x4c, 0x8b, 0x44, 0x24, 0x58, 0x48, 0x89, 0x94, 0x24,
  0x98, 0x00, 0x00, 0x00, 0x4c, 0x89, 0x84, 0x24, 0xa0, 0x00, 0x00, 0x00,
  0xe8, 0x23, 0x03, 0x00, 0x00, 0x24, 0x01, 0x88, 0x44, 0x24, 0x4f, 0x8a,
  0x44, 0x24, 0x4f, 0x24, 0x01, 0x48, 0x81, 0xc4, 0xd8, 0x00, 0x00, 0x00,
  0xc3, 0xcc, 0xcc, 0xcc, 0xcc, 0xcc, 0xcc, 0xcc, 0xcc, 0xcc, 0xcc, 0xcc,
  0xcc, 0xcc, 0xcc, 0xcc, 0x48, 0x81, 0xec, 0x08, 0x01, 0x00, 0x00, 0x4c,
  0x89, 0x44, 0x24, 0x30, 0x48, 0x89, 0xd0, 0x48, 0x8b, 0x54, 0x24, 0x30,
  0x48, 0x89, 0x44, 0x24, 0x38, 0x48, 0x89, 0xc8, 0x48, 0x8b, 0x4c, 0x24,
  0x38, 0x48, 0x89, 0x44, 0x24, 0x40, 0x48, 0x89, 0x44, 0x24, 0x48, 0x48,
  0x89, 0x8c, 0x24, 0xe8, 0x00, 0x00, 0x00, 0x48, 0x89, 0x94, 0x24, 0xf0,
  0x00, 0x00, 0x00, 0xe8, 0xe0, 0x17, 0x00, 0x00, 0x48, 0x89, 0x44, 0x24,
  0x50, 0x49, 0x89, 0xd0, 0x48, 0x8b, 0x54, 0x24, 0x50, 0x48, 0x8d, 0x4c,
  0x24, 0x70, 0xe8, 0x99, 0x0a, 0x00, 0x00, 0x48, 0x8d, 0x4c, 0x24, 0x58,
  0x48, 0x8d, 0x54, 0x24, 0x70, 0xe8, 0x7a, 0xd2, 0xff, 0xff, 0x48, 0x8b,
  0x44, 0x24, 0x58, 0x48, 0x89, 0x84, 0x24, 0x88, 0x00, 0x00, 0x00, 0x48,
  0x8b, 0x44, 0x24, 0x60, 0x48, 0x89, 0x84, 0x24, 0x90, 0x00, 0x00, 0x00,
  0x48, 0x8b, 0x44, 0x24, 0x68, 0x48, 0x89, 0x84, 0x24, 0x98, 0x00, 0x00,
  0x00, 0x48, 0x8d, 0x8c, 0x24, 0x88, 0x00, 0x00, 0x00, 0xe8, 0x46, 0xcf,
  0xff, 0xff, 0x48, 0x89, 0x84, 0x24, 0xa0, 0x00, 0x00, 0x00, 0x48, 0x89,
  0x94, 0x24, 0xa8, 0x00, 0x00, 0x00, 0x48, 0x8b, 0x94, 0x24, 0xa8, 0x00,
  0x00, 0x00, 0xb8, 0x01, 0x00, 0x00, 0x00, 0x31, 0xc9, 0x48, 0x83, 0xfa,
  0x00, 0x48, 0x0f, 0x44, 0xc1, 0x48, 0xa9, 0x01, 0x00, 0x00, 0x00, 0x74,
  0x4f, 0x48, 0x8b, 0x84, 0x24, 0xa0, 0x00, 0x00, 0x00, 0x48, 0x89, 0x44,
  0x24, 0x28, 0x48, 0x89, 0x84, 0x24, 0xf8, 0x00, 0x00, 0x00, 0x48, 0x8b,
  0x84, 0x24, 0xa8, 0x00, 0x00, 0x00, 0x66, 0x8b, 0x08, 0x66, 0x89, 0x8c,
  0x24, 0x06, 0x01, 0x00, 0x00, 0xe8, 0xda, 0xf3, 0xff, 0xff, 0x66, 0x89,
  0x84, 0x24, 0xb4, 0x00, 0x00, 0x00, 0x66, 0x89, 0x94, 0x24, 0xb6, 0x00,
  0x00, 0x00, 0x0f, 0xb7, 0x84, 0x24, 0xb4, 0x00, 0x00, 0x00, 0x48, 0xa9,
  0x01, 0x00, 0x00, 0x00, 0x75, 0x3f, 0xeb, 0x7c, 0x48, 0x8b, 0x44, 0x24,
  0x40, 0x48, 0xc7, 0x84, 0x24, 0xd8, 0x00, 0x00, 0x00, 0x02, 0x00, 0x00,
  0x00, 0x48, 0x8b, 0x94, 0x24, 0xd8, 0x00, 0x00, 0x00, 0x48, 0x8b, 0x8c,
  0x24, 0xe0, 0x00, 0x00, 0x00, 0x48, 0x89, 0x50, 0x08, 0x48, 0x89, 0x48,
  0x10, 0x48, 0xc7, 0x00, 0x01, 0x00, 0x00, 0x00, 0x48, 0x8b, 0x44, 0x24,
  0x48, 0x48, 0x81, 0xc4, 0x08, 0x01, 0x00, 0x00, 0xc3, 0x48, 0x8b, 0x44,
  0x24, 0x40, 0x48, 0x8b, 0x4c, 0x24, 0x28, 0x48, 0x89, 0x8c, 0x24, 0xd0,
  0x00, 0x00, 0x00, 0x48, 0xc7, 0x84, 0x24, 0xc8, 0x00, 0x00, 0x00, 0x00,
  0x00, 0x00, 0x00, 0x48, 0x8b, 0x94, 0x24, 0xc8, 0x00, 0x00, 0x00, 0x48,
  0x8b, 0x8c, 0x24, 0xd0, 0x00, 0x00, 0x00, 0x48, 0x89, 0x50, 0x08, 0x48,
  0x89, 0x48, 0x10, 0x48, 0xc7, 0x00, 0x01, 0x00, 0x00, 0x00, 0xeb, 0xb4,
  0x66, 0x83, 0xbc, 0x24, 0xb6, 0x00, 0x00, 0x00, 0x00, 0x0f, 0x85, 0xea,
  0xfe, 0xff, 0xff, 0x48, 0x8b, 0x44, 0x24, 0x30, 0x48, 0x89, 0xc1, 0x48,
  0x83, 0xe9, 0x01, 0x48, 0x89, 0x4c, 0x24, 0x20, 0x48, 0x83, 0xf8, 0x01,
  0x72, 0x11, 0x48, 0x8b, 0x44, 0x24, 0x28, 0x48, 0x8b, 0x4c, 0x24, 0x20,
  0x48, 0x39, 0xc8, 0x75, 0x39, 0xeb, 0x0c, 0x48, 0x8d, 0x0d, 0x6e, 0x44,
  0x00, 0x00, 0xe8, 0x59, 0x21, 0x00, 0x00, 0x48, 0x8b, 0x54, 0x24, 0x30,
  0x48, 0x8b, 0x4c, 0x24, 0x38, 0xe8, 0x6a, 0x00, 0x00, 0x00, 0x48, 0x89,
  0xc1, 0x48, 0x8b, 0x44, 0x24, 0x40, 0x48, 0x89, 0x48, 0x08, 0x48, 0x89,
  0x50, 0x10, 0x48, 0xc7, 0x00, 0x00, 0x00, 0x00, 0x00, 0xe9, 0x46, 0xff,
  0xff, 0xff, 0x48, 0x8b, 0x44, 0x24, 0x40, 0x48, 0x8b, 0x4c, 0x24, 0x28,
  0x48, 0x89, 0x8c, 0x24, 0xc0, 0x00, 0x00, 0x00, 0x48, 0xc7, 0x84, 0x24,
  0xb8, 0x00, 0x00, 0x00, 0x01, 0x00, 0x00, 0x00, 0x48, 0x8b, 0x94, 0x24,
  0xb8, 0x00, 0x00, 0x00, 0x48, 0x8b, 0x8c, 0x24, 0xc0, 0x00, 0x00, 0x00,
  0x48, 0x89, 0x50, 0x08, 0x48, 0x89, 0x48, 0x10, 0x48, 0xc7, 0x00, 0x01,
  0x00, 0x00, 0x00, 0xe9, 0x04, 0xff, 0xff, 0xff, 0xcc, 0xcc, 0xcc, 0xcc,
  0xcc, 0xcc, 0xcc, 0xcc, 0xcc, 0xcc, 0xcc, 0xcc, 0x48, 0x83, 0xec, 0x20,
  0x48, 0x89, 0xc8, 0x48, 0x89, 0x04, 0x24, 0x48, 0x89, 0x54, 0x24, 0x08,
  0x48, 0x89, 0x44, 0x24, 0x10, 0x48, 0x89, 0x54, 0x24, 0x18, 0x48, 0x83,
  0xc4, 0x20, 0xc3, 0xcc, 0x48, 0x83, 0xec, 0x20, 0x48, 0x89, 0xc8, 0x48,
  0x89, 0x04, 0x24, 0x48, 0x89, 0x54, 0x24, 0x08, 0x48, 0x89, 0x44, 0x24,
  0x10, 0x48, 0x89, 0x54, 0x24, 0x18, 0x48, 0x83, 0xc4, 0x20, 0xc3, 0xcc,
  0x48, 0x83, 0xec, 0x68, 0x4c, 0x89, 0x44, 0x24, 0x28, 0x48, 0x89, 0xd0,
  0x48, 0x8b, 0x54, 0x24, 0x28, 0x48, 0x89, 0x44, 0x24, 0x30, 0x48, 0x89,
  0xc8, 0x48, 0x8b, 0x4c, 0x24, 0x30, 0x48, 0x89, 0x44, 0x24, 0x38, 0x48,
  0x89, 0x44, 0x24, 0x48, 0x48, 0x89, 0x4c, 0x24, 0x50, 0x48, 0x89, 0x54,
  0x24, 0x58, 0x48, 0x8b, 0x40, 0x08, 0x48, 0x89, 0x44, 0x24, 0x40, 0xe8,
  0xa0, 0xff, 0xff, 0xff, 0x48, 0x8b, 0x4c, 0x24, 0x38, 0x48, 0x89, 0xc2,
  0x48, 0x8b, 0x44, 0x24, 0x40, 0x48, 0x89, 0x54, 0x24, 0x60, 0xff, 0xd0,
  0x48, 0x89, 0xc1, 0xe8, 0x44, 0xf5, 0xff, 0xff, 0x48, 0x83, 0xc4, 0x68,
  0xc3, 0xcc, 0xcc, 0xcc, 0xcc, 0xcc, 0xcc, 0xcc, 0xcc, 0xcc, 0xcc, 0xcc,
  0xcc, 0xcc, 0xcc, 0xcc, 0x48, 0x81, 0xec, 0xa8, 0x01, 0x00, 0x00, 0x4c,
  0x89, 0x44, 0x24, 0x30, 0x48, 0x89, 0x54, 0x24, 0x28, 0x48, 0x89, 0x4c,
  0x24, 0x20, 0x48, 0x89, 0x8c, 0x24, 0x80, 0x01, 0x00, 0x00, 0x48, 0x89,
  0x94, 0x24, 0x88, 0x01, 0x00, 0x00, 0x4c, 0x89, 0x84, 0x24, 0x90, 0x01,
  0x00, 0x00, 0x48, 0x8d, 0x4c, 0x24, 0x3e, 0x31, 0xd2, 0x41, 0xb8, 0x02,
  0x01, 0x00, 0x00, 0xe8, 0xa0, 0x1b, 0x00, 0x00, 0x48, 0x8b, 0x44, 0x24,
  0x20, 0x48, 0x8b, 0x4c, 0x24, 0x28, 0x48, 0x8b, 0x54, 0x24, 0x30, 0x48,
  0xc7, 0x84, 0x24, 0x40, 0x01, 0x00, 0x00, 0x00, 0x00, 0x00, 0x00, 0x48,
  0x89, 0x84, 0x24, 0x48, 0x01, 0x00, 0x00, 0x48, 0x8d, 0x44, 0x24, 0x3e,
  0x48, 0x89, 0x84, 0x24, 0x50, 0x01, 0x00, 0x00, 0x48, 0x8d, 0x84, 0x24,
  0x40, 0x01, 0x00, 0x00, 0x48, 0x89, 0x84, 0x24, 0x58, 0x01, 0x00, 0x00,
  0x48, 0x8d, 0x84, 0x24, 0x48, 0x01, 0x00, 0x00, 0x48, 0x89, 0x84, 0x24,
  0x60, 0x01, 0x00, 0x00, 0x48, 0x8d, 0x84, 0x24, 0x50, 0x01, 0x00, 0x00,
  0x48, 0x89, 0x84, 0x24, 0xa0, 0x01, 0x00, 0x00, 0x4c, 0x8d, 0x84, 0x24,
  0x50, 0x01, 0x00, 0x00, 0xe8, 0x03, 0xd4, 0xff, 0xff, 0x88, 0xc1, 0xe8,
  0xbc, 0xf5, 0xff, 0xff, 0x88, 0xc1, 0x80, 0xe1, 0x01, 0xe8, 0x42, 0x04,
  0x00, 0x00, 0x24, 0x01, 0x0f, 0xb6, 0xc0, 0x48, 0xa9, 0x01, 0x00, 0x00,
  0x00, 0x74, 0x14, 0x48, 0x8d, 0x0d, 0xf6, 0x42, 0x00, 0x00, 0xe8, 0x19,
  0x04, 0x00, 0x00, 0x24, 0x01, 0x88, 0x44, 0x24, 0x3d, 0xeb, 0x54, 0x48,
  0x8d, 0x44, 0x24, 0x3e, 0x48, 0x89, 0x84, 0x24, 0x68, 0x01, 0x00, 0x00,
  0x48, 0xc7, 0x84, 0x24, 0x70, 0x01, 0x00, 0x00, 0x81, 0x00, 0x00, 0x00,
  0x48, 0x8d, 0x84, 0x24, 0x40, 0x01, 0x00, 0x00, 0x48, 0x89, 0x84, 0x24,
  0x78, 0x01, 0x00, 0x00, 0x48, 0x8b, 0x94, 0x24, 0x68, 0x01, 0x00, 0x00,
  0x4c, 0x8b, 0x84, 0x24, 0x70, 0x01, 0x00, 0x00, 0x4c, 0x8b, 0x8c, 0x24,
  0x78, 0x01, 0x00, 0x00, 0x48, 0x8d, 0x8c, 0x24, 0x48, 0x01, 0x00, 0x00,
  0xe8, 0x23, 0x00, 0x00, 0x00, 0x24, 0x01, 0x88, 0x44, 0x24, 0x3d, 0x8a,
  0x44, 0x24, 0x3d, 0x24, 0x01, 0x48, 0x81, 0xc4, 0xa8, 0x01, 0x00, 0x00,
  0xc3, 0xcc, 0xcc, 0xcc, 0xcc, 0xcc, 0xcc, 0xcc, 0xcc, 0xcc, 0xcc, 0xcc,
  0xcc, 0xcc, 0xcc, 0xcc, 0x48, 0x81, 0xec, 0xe8, 0x00, 0x00, 0x00, 0x4c,
  0x89, 0x4c, 0x24, 0x28, 0x4c, 0x89, 0x44, 0x24, 0x30, 0x48, 0x89, 0x54,
  0x24, 0x38, 0x48, 0x89, 0x4c, 0x24, 0x40, 0x48, 0x89, 0x8c, 0x24, 0x80,
  0x00, 0x00, 0x00, 0x48, 0x8b, 0x84, 0x24, 0x80, 0x00, 0x00, 0x00, 0x48,
  0x8b, 0x00, 0x48, 0x89, 0x84, 0x24, 0x88, 0x00, 0x00, 0x00, 0x48, 0x89,
  0x94, 0x24, 0x90, 0x00, 0x00, 0x00, 0x4c, 0x89, 0x84, 0x24, 0x98, 0x00,
  0x00, 0x00, 0x4c, 0x89, 0x8c, 0x24, 0xa0, 0x00, 0x00, 0x00, 0x49, 0x8b,
  0x01, 0x48, 0x89, 0x44, 0x24, 0x48, 0x4c, 0x39, 0xc0, 0x0f, 0x83, 0xb1,
  0x00, 0x00, 0x00, 0x48, 0x8b, 0x44, 0x24, 0x28, 0x4c, 0x8b, 0x44, 0x24,
  0x30, 0x48, 0x8b, 0x54, 0x24, 0x38, 0x48, 0x8b, 0x4c, 0x24, 0x48, 0x66,
  0xc7, 0x04, 0x4a, 0x00, 0x00, 0x48, 0x8b, 0x08, 0x48, 0x89, 0x94, 0x24,
  0xd0, 0x00, 0x00, 0x00, 0x4c, 0x89, 0x84, 0x24, 0xd8, 0x00, 0x00, 0x00,
  0x48, 0x89, 0x8c, 0x24, 0xe0, 0x00, 0x00, 0x00, 0x4c, 0x8d, 0x0d, 0x0d,
  0x42, 0x00, 0x00, 0xe8, 0xa0, 0xf8, 0xff, 0xff, 0x48, 0x89, 0xc1, 0x48,
  0x8b, 0x44, 0x24, 0x28, 0x48, 0x89, 0x4c, 0x24, 0x20, 0x49, 0x89, 0xd0,
  0x48, 0x8b, 0x54, 0x24, 0x20, 0x48, 0x89, 0x94, 0x24, 0xb0, 0x00, 0x00,
  0x00, 0x4c, 0x89, 0x84, 0x24, 0xb8, 0x00, 0x00, 0x00, 0x48, 0xc7, 0x00,
  0x00, 0x00, 0x00, 0x00, 0x48, 0x8d, 0x4c, 0x24, 0x68, 0xe8, 0xda, 0xfa,
  0xff, 0xff, 0x48, 0x8d, 0x4c, 0x24, 0x68, 0xe8, 0xd0, 0xf4, 0xff, 0xff,
  0x48, 0x89, 0xc1, 0xe8, 0x88, 0xf5, 0xff, 0xff, 0x48, 0x89, 0x44, 0x24,
  0x58, 0x48, 0x89, 0x54, 0x24, 0x60, 0x48, 0x8b, 0x54, 0x24, 0x58, 0x31,
  0xc0, 0xb9, 0x01, 0x00, 0x00, 0x00, 0x48, 0x83, 0xfa, 0x00, 0x48, 0x0f,
  0x44, 0xc1, 0x48, 0xa9, 0x01, 0x00, 0x00, 0x00, 0x75, 0x18, 0xeb, 0x2a,
  0x48, 0x8b, 0x54, 0x24, 0x30, 0x48, 0x8b, 0x4c, 0x24, 0x48, 0x4c, 0x8d,
  0x05, 0x6f, 0x41, 0x00, 0x00, 0xe8, 0x86, 0x1b, 0x00, 0x00, 0x48, 0x8d,
  0x0d, 0x93, 0x41, 0x00, 0x00, 0xe8, 0x6e, 0x02, 0x00, 0x00, 0x24, 0x01,
  0x88, 0x44, 0x24, 0x57, 0xeb, 0x35, 0x48, 0x8b, 0x44, 0x24, 0x40, 0x48,
  0x8b, 0x54, 0x24, 0x58, 0x4c, 0x8b, 0x44, 0x24, 0x60, 0x48, 0x89, 0x94,
  0x24, 0xc0, 0x00, 0x00, 0x00, 0x4c, 0x89, 0x84, 0x24, 0xc8, 0x00, 0x00,
  0x00, 0x48, 0x8b, 0x08, 0xe8, 0xdf, 0xfc, 0xff, 0xff, 0x48, 0x89, 0xc1,
  0xe8, 0x77, 0xf3, 0xff, 0xff, 0x24, 0x01, 0x88, 0x44, 0x24, 0x57, 0x8a,
  0x44, 0x24, 0x57, 0x24, 0x01, 0x48, 0x81, 0xc4, 0xe8, 0x00, 0x00, 0x00,
  0xc3, 0xcc, 0xcc, 0xcc, 0x48, 0x83, 0xec, 0x18, 0x48, 0x89, 0x4c, 0x24,
  0x08, 0x48, 0x89, 0x54, 0x24, 0x10, 0x48, 0x83, 0xc4, 0x18, 0xc3, 0xcc,
  0xcc, 0xcc, 0xcc, 0xcc, 0xcc, 0xcc, 0xcc, 0xcc, 0xcc, 0xcc, 0xcc, 0xcc,
  0x48, 0x83, 0xec, 0x10, 0x48, 0x89, 0x4c, 0x24, 0x08, 0x48, 0x83, 0xc4,
  0x10, 0xc3, 0xcc, 0xcc, 0x48, 0x81, 0xec, 0x88, 0x00, 0x00, 0x00, 0x66,
  0x89, 0x54, 0x24, 0x2e, 0x48, 0x89, 0x4c, 0x24, 0x30, 0x48, 0x89, 0x4c,
  0x24, 0x60, 0x48, 0x8b, 0x44, 0x24, 0x60, 0x48, 0x8b, 0x00, 0x48, 0x89,
  0x44, 0x24, 0x68, 0x48, 0x8b, 0x44, 0x24, 0x60, 0x48, 0x8b, 0x40, 0x08,
  0x48, 0x89, 0x44, 0x24, 0x70, 0x48, 0x8b, 0x44, 0x24, 0x60, 0x48, 0x8b,
  0x40, 0x10, 0x48, 0x89, 0x44, 0x24, 0x78, 0x66, 0x89, 0x94, 0x24, 0x86,
  0x00, 0x00, 0x00, 0x48, 0x8b, 0x41, 0x08, 0x48, 0x8b, 0x00, 0x48, 0x89,
  0x44, 0x24, 0x38, 0x48, 0x3d, 0x81, 0x00, 0x00, 0x00, 0x73, 0x31, 0x48,
  0x8b, 0x44, 0x24, 0x30, 0x48, 0x8b, 0x54, 0x24, 0x38, 0x66, 0x44, 0x8b,
  0x44, 0x24, 0x2e, 0x48, 0x8b, 0x08, 0x66, 0x44, 0x89, 0x04, 0x51, 0x48,
  0x8b, 0x40, 0x08, 0x48, 0x8b, 0x00, 0x48, 0x83, 0xc0, 0x01, 0x48, 0x89,
  0x44, 0x24, 0x20, 0x0f, 0x92, 0xc0, 0xa8, 0x01, 0x75, 0x38, 0xeb, 0x16,
  0x48, 0x8b, 0x4c, 0x24, 0x38, 0xba, 0x81, 0x00, 0x00, 0x00, 0x4c, 0x8d,
  0x05, 0x8b, 0x40, 0x00, 0x00, 0xe8, 0x5a, 0x1a, 0x00, 0x00, 0x48, 0x8b,
  0x44, 0x24, 0x30, 0x48, 0x8b, 0x54, 0x24, 0x20, 0x48, 0x8b, 0x48, 0x08,
  0x48, 0x89, 0x11, 0x48, 0x8b, 0x40, 0x08, 0x48, 0x81, 0x38, 0x80, 0x00,
  0x00, 0x00, 0x74, 0x15, 0xeb, 0x0c, 0x48, 0x8d, 0x0d, 0x77, 0x40, 0x00,
  0x00, 0xe8, 0x12, 0x1c, 0x00, 0x00, 0xc6, 0x44, 0x24, 0x47, 0x02, 0xeb,
  0x45, 0x48, 0x8b, 0x44, 0x24, 0x30, 0x48, 0x8b, 0x48, 0x10, 0x48, 0x8b,
  0x10, 0x48, 0x8b, 0x40, 0x08, 0x48, 0x89, 0x54, 0x24, 0x48, 0x48, 0xc7,
  0x44, 0x24, 0x50, 0x81, 0x00, 0x00, 0x00, 0x48, 0x89, 0x44, 0x24, 0x58,
  0x48, 0x8b, 0x54, 0x24, 0x48, 0x4c, 0x8b, 0x44, 0x24, 0x50, 0x4c, 0x8b,
  0x4c, 0x24, 0x58, 0xe8, 0x44, 0xfd, 0xff, 0xff, 0x88, 0xc1, 0x80, 0xe1,
  0x01, 0xe8, 0xaa, 0xf2, 0xff, 0xff, 0x88, 0x44, 0x24, 0x47, 0x8a, 0x44,
  0x24, 0x47, 0x48, 0x81, 0xc4, 0x88, 0x00, 0x00, 0x00, 0xc3, 0xcc, 0xcc,
  0xcc, 0xcc, 0xcc, 0xcc, 0xcc, 0xcc, 0xcc, 0xcc, 0x50, 0xc6, 0x44, 0x24,
  0x05, 0x00, 0x8a, 0x44, 0x24, 0x05, 0x24, 0x01, 0x59, 0xc3, 0xcc, 0xcc,
  0x48, 0x83, 0xec, 0x58, 0x66, 0x89, 0x54, 0x24, 0x2e, 0x48, 0x89, 0x4c,
  0x24, 0x30, 0x48, 0x89, 0x4c, 0x24, 0x40, 0x48, 0x8b, 0x44, 0x24, 0x40,
  0x48, 0x8b, 0x00, 0x48, 0x89, 0x44, 0x24, 0x48, 0x66, 0x89, 0x54, 0x24,
  0x54, 0x66, 0x83, 0xfa, 0x0a, 0x74, 0x18, 0x66, 0x8b, 0x54, 0x24, 0x2e,
  0x48, 0x8b, 0x44, 0x24, 0x30, 0x48, 0x8b, 0x08, 0xe8, 0x83, 0xfe, 0xff,
  0xff, 0x88, 0x44, 0x24, 0x3e, 0xeb, 0x54, 0x48, 0x8b, 0x44, 0x24, 0x30,
  0x48, 0x8b, 0x08, 0xba, 0x0d, 0x00, 0x00, 0x00, 0xe8, 0x6b, 0xfe, 0xff,
  0xff, 0x88, 0xc1, 0xe8, 0x04, 0x11, 0x00, 0x00, 0x88, 0x44, 0x24, 0x3f,
  0xb8, 0x01, 0x00, 0x00, 0x00, 0x31, 0xc9, 0x80, 0x7c, 0x24, 0x3f, 0x02,
  0x48, 0x0f, 0x44, 0xc1, 0x48, 0xa9, 0x01, 0x00, 0x00, 0x00, 0x74, 0xb3,
  0x8a, 0x4c, 0x24, 0x3f, 0x88, 0xc8, 0x24, 0x01, 0x88, 0x44, 0x24, 0x57,
  0x80, 0xe1, 0x01, 0x48, 0x8d, 0x15, 0x8a, 0x3f, 0x00, 0x00, 0xe8, 0xed,
  0x0f, 0x00, 0x00, 0x88, 0x44, 0x24, 0x3e, 0x8a, 0x44, 0x24, 0x3e, 0x48,
  0x83, 0xc4, 0x58, 0xc3, 0x50, 0x80, 0xe1, 0x01, 0x88, 0x4c, 0x24, 0x07,
  0x58, 0xc3, 0xcc, 0xcc, 0xcc, 0xcc, 0xcc, 0xcc, 0x50, 0xc6, 0x44, 0x24,
  0x05, 0x01, 0x8a, 0x44, 0x24, 0x05, 0x24, 0x01, 0x59, 0xc3, 0xcc, 0xcc,
  0x50, 0x88, 0xc8, 0x24, 0x01, 0x88, 0x44, 0x24, 0x05, 0x80, 0xe1, 0x01,
  0x0f, 0xb6, 0xc1, 0x48, 0xa9, 0x01, 0x00, 0x00, 0x00, 0x74, 0x07, 0xc6,
  0x44, 0x24, 0x03, 0x01, 0xeb, 0x05, 0xc6, 0x44, 0x24, 0x03, 0x00, 0x8a,
  0x44, 0x24, 0x03, 0x24, 0x01, 0x59, 0xc3, 0xcc, 0xcc, 0xcc, 0xcc, 0xcc,
  0x48, 0x83, 0xec, 0x38, 0x48, 0x89, 0x4c, 0x24, 0x28, 0x48, 0x89, 0x54,
  0x24, 0x30, 0x48, 0x8b, 0x09, 0xe8, 0x0a, 0x00, 0x00, 0x00, 0x24, 0x01,
  0x48, 0x83, 0xc4, 0x38, 0xc3, 0xcc, 0xcc, 0xcc, 0x48, 0x83, 0xec, 0x38,
  0x48, 0x89, 0x54, 0x24, 0x20, 0x48, 0x89, 0xc8, 0x48, 0x8b, 0x4c, 0x24,
  0x20, 0x48, 0x89, 0x44, 0x24, 0x28, 0x48, 0x89, 0x4c, 0x24, 0x30, 0x48,
  0x8d, 0x15, 0xfe, 0x3e, 0x00, 0x00, 0x41, 0xb8, 0x02, 0x00, 0x00, 0x00,
  0xe8, 0xb3, 0xe0, 0xff, 0xff, 0x24, 0x01, 0x48, 0x83, 0xc4, 0x38, 0xc3,
  0xcc, 0xcc, 0xcc, 0xcc, 0xcc, 0xcc, 0xcc, 0xcc, 0xcc, 0xcc, 0xcc, 0xcc,
  0x48, 0x83, 0xec, 0x10, 0x48, 0x89, 0xc8, 0x48, 0x89, 0x14, 0x24, 0x4c,
  0x89, 0x44, 0x24, 0x08, 0x48, 0x89, 0x11, 0x48, 0xc7, 0x41, 0x08, 0x02,
  0x00, 0x00, 0x00, 0x4c, 0x8b, 0x0d, 0xc6, 0x3e, 0x00, 0x00, 0x48, 0x8b,
  0x15, 0xc7, 0x3e, 0x00, 0x00, 0x4c, 0x89, 0x49, 0x20, 0x48, 0x89, 0x51,
  0x28, 0x4c, 0x89, 0x41, 0x10, 0x48, 0xc7, 0x41, 0x18, 0x01, 0x00, 0x00,
  0x00, 0x48, 0x83, 0xc4, 0x10, 0xc3, 0xcc, 0xcc, 0xcc, 0xcc, 0xcc, 0xcc,
  0xcc, 0xcc, 0xcc, 0xcc, 0xcc, 0xcc, 0xcc, 0xcc, 0x48, 0x81, 0xec, 0xe8,
  0x00, 0x00, 0x00, 0x48, 0x89, 0x54, 0x24, 0x30, 0x48, 0x89, 0x4c, 0x24,
  0x38, 0x48, 0x89, 0x8c, 0x24, 0x80, 0x00, 0x00, 0x00, 0x48, 0x89, 0x94,
  0x24, 0x88, 0x00, 0x00, 0x00, 0x48, 0x8b, 0x02, 0x48, 0x89, 0x44, 0x24,
  0x40, 0x48, 0x8b, 0x42, 0x08, 0x48, 0x89, 0x44, 0x24, 0x48, 0x48, 0x8b,
  0x4a, 0x18, 0x48, 0x89, 0x4c, 0x24, 0x50, 0x48, 0x83, 0xf8, 0x00, 0x75,
  0x0d, 0x48, 0x8b, 0x44, 0x24, 0x50, 0x48, 0x83, 0xf8, 0x00, 0x74, 0x0f,
  0xeb, 0x22, 0x48, 0x8b, 0x44, 0x24, 0x48, 0x48, 0x83, 0xf8, 0x01, 0x74,
  0x50, 0xeb, 0x15, 0xb8, 0x01, 0x00, 0x00, 0x00, 0x48, 0x89, 0x44, 0x24,
  0x70, 0x48, 0xc7, 0x44, 0x24, 0x78, 0x00, 0x00, 0x00, 0x00, 0xeb, 0x18,
  0x48, 0x8b, 0x0d, 0x21, 0x3e, 0x00, 0x00, 0x48, 0x8b, 0x05, 0x22, 0x3e,
  0x00, 0x00, 0x48, 0x89, 0x4c, 0x24, 0x70, 0x48, 0x89, 0x44, 0x24, 0x78,
  0x48, 0x8d, 0x44, 0x24, 0x70, 0x48, 0x89, 0x84, 0x24, 0x98, 0x00, 0x00,
  0x00, 0xc6, 0x84, 0x24, 0xa7, 0x00, 0x00, 0x00, 0x00, 0xf6, 0x84, 0x24,
  0xa7, 0x00, 0x00, 0x00, 0x01, 0x75, 0x2f, 0xeb, 0x2b, 0x48, 0x8b, 0x44,
  0x24, 0x50, 0x48, 0x83, 0xf8, 0x00, 0x75, 0xbc, 0x48, 0x8b, 0x44, 0x24,
  0x40, 0x48, 0x89, 0x84, 0x24, 0x90, 0x00, 0x00, 0x00, 0x48, 0x8b, 0x08,
  0x48, 0x8b, 0x40, 0x08, 0x48, 0x89, 0x4c, 0x24, 0x70, 0x48, 0x89, 0x44,
  0x24, 0x78, 0xeb, 0xb4, 0xeb, 0x30, 0x48, 0x8b, 0x4c, 0x24, 0x70, 0x48,
  0x8b, 0x44, 0x24, 0x78, 0x48, 0x89, 0x4c, 0x24, 0x60, 0x48, 0x89, 0x44,
  0x24, 0x68, 0x48, 0x8b, 0x54, 0x24, 0x60, 0xb8, 0x01, 0x00, 0x00, 0x00,
  0x31, 0xc9, 0x48, 0x83, 0xfa, 0x00, 0x48, 0x0f, 0x44, 0xc1, 0x48, 0xa9,
  0x01, 0x00, 0x00, 0x00, 0x75, 0x4d, 0x48, 0x8b, 0x54, 0x24, 0x30, 0x48,
  0x8b, 0x44, 0x24, 0x38, 0x48, 0x8b, 0x08, 0x48, 0x89, 0x4c, 0x24, 0x20,
  0x48, 0x8b, 0x40, 0x08, 0x48, 0x89, 0x44, 0x24, 0x28, 0x48, 0x8d, 0x8c,
  0x24, 0xb8, 0x00, 0x00, 0x00, 0x41, 0xb8, 0x30, 0x00, 0x00, 0x00, 0xe8,
  0x4c, 0xf1, 0xff, 0xff, 0x48, 0x8b, 0x4c, 0x24, 0x20, 0x48, 0x8b, 0x54,
  0x24, 0x28, 0x4c, 0x8d, 0x84, 0x24, 0xb8, 0x00, 0x00, 0x00, 0xe8, 0x75,
  0xd9, 0xff, 0xff, 0x24, 0x01, 0x88, 0x44, 0x24, 0x5f, 0xeb, 0x2f, 0x48,
  0x8b, 0x44, 0x24, 0x38, 0x48, 0x8b, 0x54, 0x24, 0x60, 0x4c, 0x8b, 0x44,
  0x24, 0x68, 0x48, 0x89, 0x94, 0x24, 0xa8, 0x00, 0x00, 0x00, 0x4c, 0x89,
  0x84, 0x24, 0xb0, 0x00, 0x00, 0x00, 0x48, 0x8b, 0x08, 0x48, 0x8b, 0x40,
  0x08, 0xff, 0x50, 0x18, 0x24, 0x01, 0x88, 0x44, 0x24, 0x5f, 0x8a, 0x44,
  0x24, 0x5f, 0x24, 0x01, 0x48, 0x81, 0xc4, 0xe8, 0x00, 0x00, 0x00, 0xc3,
  0x48, 0x83, 0xec, 0x18, 0x89, 0xc8, 0x89, 0x44, 0x24, 0x04, 0x89, 0x44,
  0x24, 0x0c, 0xc7, 0x44, 0x24, 0x10, 0x00, 0x08, 0x00, 0x00, 0x35, 0x00,
  0xd8, 0x00, 0x00, 0x89, 0x44, 0x24, 0x14, 0x2d, 0x00, 0x08, 0x00, 0x00,
  0x3d, 0x00, 0xf8, 0x10, 0x00, 0x73, 0x0a, 0x8b, 0x44, 0x24, 0x04, 0x89,
  0x44, 0x24, 0x08, 0xeb, 0x08, 0xc7, 0x44, 0x24, 0x08, 0x00, 0x00, 0x11,
  0x00, 0x8b, 0x44, 0x24, 0x08, 0x48, 0x83, 0xc4, 0x18, 0xc3, 0xcc, 0xcc,
  0xcc, 0xcc, 0xcc, 0xcc, 0xcc, 0xcc, 0xcc, 0xcc, 0x50, 0x89, 0xc8, 0x89,
  0x44, 0x24, 0x04, 0x59, 0xc3, 0xcc, 0xcc, 0xcc, 0xcc, 0xcc, 0xcc, 0xcc,
  0x48, 0x83, 0xec, 0x28, 0x89, 0x4c, 0x24, 0x24, 0xe8, 0x93, 0xff, 0xff,
  0xff, 0x48, 0x83, 0xc4, 0x28, 0xc3, 0xcc, 0xcc, 0xcc, 0xcc, 0xcc, 0xcc,
  0xcc, 0xcc, 0xcc, 0xcc, 0xcc, 0xcc, 0xcc, 0xcc, 0x48, 0x83, 0xec, 0x10,
  0x48, 0x89, 0xc8, 0x48, 0x89, 0x14, 0x24, 0x4c, 0x89, 0x44, 0x24, 0x08,
  0x48, 0x89, 0x11, 0x4c, 0x89, 0x41, 0x08, 0x48, 0xc7, 0x41, 0x10, 0x00,
  0x00, 0x00, 0x00, 0x48, 0x83, 0xc4, 0x10, 0xc3, 0xcc, 0xcc, 0xcc, 0xcc,
  0xcc, 0xcc, 0xcc, 0xcc, 0xcc, 0xcc, 0xcc, 0xcc, 0x48, 0x83, 0xec, 0x18,
  0x48, 0x89, 0xc8, 0x48, 0x89, 0x54, 0x24, 0x10, 0x48, 0x89, 0x14, 0x24,
  0x48, 0x8d, 0x15, 0x09, 0xe6, 0xff, 0xff, 0x48, 0x89, 0x54, 0x24, 0x08,
  0x48, 0x8b, 0x14, 0x24, 0x48, 0x89, 0x11, 0x48, 0x8b, 0x54, 0x24, 0x08,
  0x48, 0x89, 0x51, 0x08, 0x48, 0x83, 0xc4, 0x18, 0xc3, 0xcc, 0xcc, 0xcc,
  0xcc, 0xcc, 0xcc, 0xcc, 0xcc, 0xcc, 0xcc, 0xcc, 0xcc, 0xcc, 0xcc, 0xcc,
  0x48, 0x81, 0xec, 0x58, 0x08, 0x00, 0x00, 0x48, 0x89, 0x54, 0x24, 0x20,
  0x48, 0x89, 0x4c, 0x24, 0x28, 0x48, 0x89, 0x8c, 0x24, 0x48, 0x08, 0x00,
  0x00, 0x48, 0x89, 0x94, 0x24, 0x50, 0x08, 0x00, 0x00, 0x48, 0x8b, 0x01,
  0x48, 0x89, 0x44, 0x24, 0x30, 0x48, 0xb9, 0x01, 0x00, 0x00, 0x00, 0x00,
  0x00, 0x00, 0x80, 0x48, 0x29, 0xc8, 0x0f, 0x84, 0xc3, 0x05, 0x00, 0x00,
  0xeb, 0x00, 0x48, 0x8b, 0x44, 0x24, 0x30, 0x48, 0xb9, 0x02, 0x00, 0x00,
  0x00, 0x00, 0x00, 0x00, 0x80, 0x48, 0x29, 0xc8, 0x0f, 0x84, 0xda, 0x05,
  0x00, 0x00, 0xeb, 0x00, 0x48, 0x8b, 0x44, 0x24, 0x30, 0x48, 0xb9, 0x03,
  0x00, 0x00, 0x00, 0x00, 0x00, 0x00, 0x80, 0x48, 0x29, 0xc8, 0x0f, 0x84,
  0xf1, 0x05, 0x00, 0x00, 0xeb, 0x00, 0x48, 0x8b, 0x44, 0x24, 0x30, 0x48,
  0xb9, 0x04, 0x00, 0x00, 0x00, 0x00, 0x00, 0x00, 0x80, 0x48, 0x29, 0xc8,
  0x0f, 0x84, 0x08, 0x06, 0x00, 0x00, 0xeb, 0x00, 0x48, 0x8b, 0x44, 0x24,
  0x30, 0x48, 0xb9, 0x05, 0x00, 0x00, 0x00, 0x00, 0x00, 0x00, 0x80, 0x48,
  0x29, 0xc8, 0x0f, 0x84, 0x1f, 0x06, 0x00, 0x00, 0xeb, 0x00, 0x48, 0x8b,
  0x44, 0x24, 0x30, 0x48, 0xb9, 0x06, 0x00, 0x00, 0x00, 0x00, 0x00, 0x00,
  0x80, 0x48, 0x29, 0xc8, 0x0f, 0x84, 0x36, 0x06, 0x00, 0x00, 0xeb, 0x00,
  0x48, 0x8b, 0x44, 0x24, 0x30, 0x48, 0xb9, 0x07, 0x00, 0x00, 0x00, 0x00,
  0x00, 0x00, 0x80, 0x48, 0x29, 0xc8, 0x0f, 0x84, 0x4d, 0x06, 0x00, 0x00,
  0xeb, 0x00, 0x48, 0x8b, 0x44, 0x24, 0x30, 0x48, 0xb9, 0x08, 0x00, 0x00,
  0x00, 0x00, 0x00, 0x00, 0x80, 0x48, 0x29, 0xc8, 0x0f, 0x84, 0x64, 0x06,
  0x00, 0x00, 0xeb, 0x00, 0x48, 0x8b, 0x44, 0x24, 0x30, 0x48, 0xb9, 0x09,
  0x00, 0x00, 0x00, 0x00, 0x00, 0x00, 0x80, 0x48, 0x29, 0xc8, 0x0f, 0x84,
  0x7b, 0x06, 0x00, 0x00, 0xeb, 0x00, 0x48, 0x8b, 0x44, 0x24, 0x30, 0x48,
  0xb9, 0x0a, 0x00, 0x00, 0x00, 0x00, 0x00, 0x00, 0x80, 0x48, 0x29, 0xc8,
  0x0f, 0x84, 0x92, 0x06, 0x00, 0x00, 0xeb, 0x00, 0x48, 0x8b, 0x44, 0x24,
  0x30, 0x48, 0xb9, 0x0b, 0x00, 0x00, 0x00, 0x00, 0x00, 0x00, 0x80, 0x48,
  0x29, 0xc8, 0x0f, 0x84, 0xa9, 0x06, 0x00, 0x00, 0xeb, 0x00, 0x48, 0x8b,
  0x44, 0x24, 0x30, 0x48, 0xb9, 0x0c, 0x00, 0x00, 0x00, 0x00, 0x00, 0x00,
  0x80, 0x48, 0x29, 0xc8, 0x0f, 0x84, 0xc0, 0x06, 0x00, 0x00, 0xeb, 0x00,
  0x48, 0x8b, 0x44, 0x24, 0x30, 0x48, 0xb9, 0x0d, 0x00, 0x00, 0x00, 0x00,
  0x00, 0x00, 0x80, 0x48, 0x29, 0xc8, 0x0f, 0x84, 0xd7, 0x06, 0x00, 0x00,
  0xeb, 0x00, 0x48, 0x8b, 0x44, 0x24, 0x30, 0x48, 0xb9, 0x0e, 0x00, 0x00,
  0x00, 0x00, 0x00, 0x00, 0x80, 0x48, 0x29, 0xc8, 0x0f, 0x84, 0xee, 0x06,
  0x00, 0x00, 0xeb, 0x00, 0x48, 0x8b, 0x44, 0x24, 0x30, 0x48, 0xb9, 0x0f,
  0x00, 0x00, 0x00, 0x00, 0x00, 0x00, 0x80, 0x48, 0x29, 0xc8, 0x0f, 0x84,
  0x05, 0x07, 0x00, 0x00, 0xeb, 0x00, 0x48, 0x8b, 0x44, 0x24, 0x30, 0x48,
  0xb9, 0x10, 0x00, 0x00, 0x00, 0x00, 0x00, 0x00, 0x80, 0x48, 0x29, 0xc8,
  0x0f, 0x84, 0x1c, 0x07, 0x00, 0x00, 0xeb, 0x00, 0x48, 0x8b, 0x44, 0x24,
  0x30, 0x48, 0xb9, 0x11, 0x00, 0x00, 0x00, 0x00, 0x00, 0x00, 0x80, 0x48,
  0x29, 0xc8, 0x0f, 0x84, 0x33, 0x07, 0x00, 0x00, 0xeb, 0x00, 0x48, 0x8b,
  0x44, 0x24, 0x30, 0x48, 0xb9, 0x12, 0x00, 0x00, 0x00, 0x00, 0x00, 0x00,
  0x80, 0x48, 0x29, 0xc8, 0x0f, 0x84, 0x4a, 0x07, 0x00, 0x00, 0xeb, 0x00,
  0x48, 0x8b, 0x44, 0x24, 0x30, 0x48, 0xb9, 0x13, 0x00, 0x00, 0x00, 0x00,
  0x00, 0x00, 0x80, 0x48, 0x29, 0xc8, 0x0f, 0x84, 0x61, 0x07, 0x00, 0x00,
  0xeb, 0x00, 0x48, 0x8b, 0x44, 0x24, 0x30, 0x48, 0xb9, 0x14, 0x00, 0x00,
  0x00, 0x00, 0x00, 0x00, 0x80, 0x48, 0x29, 0xc8, 0x0f, 0x84, 0x78, 0x07,
  0x00, 0x00, 0xeb, 0x00, 0x48, 0x8b, 0x44, 0x24, 0x30, 0x48, 0xb9, 0x15,
  0x00, 0x00, 0x00, 0x00, 0x00, 0x00, 0x80, 0x48, 0x29, 0xc8, 0x0f, 0x84,
  0x8f, 0x07, 0x00, 0x00, 0xeb, 0x00, 0x48, 0x8b, 0x44, 0x24, 0x30, 0x48,
  0xb9, 0x16, 0x00, 0x00, 0x00, 0x00, 0x00, 0x00, 0x80, 0x48, 0x29, 0xc8,
  0x0f, 0x84, 0xa6, 0x07, 0x00, 0x00, 0xeb, 0x00, 0x48, 0x8b, 0x44, 0x24,
  0x30, 0x48, 0xb9, 0x17, 0x00, 0x00, 0x00, 0x00, 0x00, 0x00, 0x80, 0x48,
  0x29, 0xc8, 0x0f, 0x84, 0xbd, 0x07, 0x00, 0x00, 0xeb, 0x00, 0x48, 0x8b,
  0x44, 0x24, 0x30, 0x48, 0xb9, 0x18, 0x00, 0x00, 0x00, 0x00, 0x00, 0x00,
  0x80, 0x48, 0x29, 0xc8, 0x0f, 0x84, 0xd4, 0x07, 0x00, 0x00, 0xeb, 0x00,
  0x48, 0x8b, 0x44, 0x24, 0x30, 0x48, 0xb9, 0x19, 0x00, 0x00, 0x00, 0x00,
  0x00, 0x00, 0x80, 0x48, 0x29, 0xc8, 0x0f, 0x84, 0xeb, 0x07, 0x00, 0x00,
  0xeb, 0x00, 0x48, 0x8b, 0x44, 0x24, 0x30, 0x48, 0xb9, 0x1a, 0x00, 0x00,
  0x00, 0x00, 0x00, 0x00, 0x80, 0x48, 0x29, 0xc8, 0x0f, 0x84, 0x02, 0x08,
  0x00, 0x00, 0xeb, 0x00, 0x48, 0x8b, 0x44, 0x24, 0x30, 0x48, 0xb9, 0x1b,
  0x00, 0x00, 0x00, 0x00, 0x00, 0x00, 0x80, 0x48, 0x29, 0xc8, 0x0f, 0x84,
  0x19, 0x08, 0x00, 0x00, 0xeb, 0x00, 0x48, 0x8b, 0x44, 0x24, 0x30, 0x48,
  0xb9, 0x1c, 0x00, 0x00, 0x00, 0x00, 0x00, 0x00, 0x80, 0x48, 0x29, 0xc8,
  0x0f, 0x84, 0x30, 0x08, 0x00, 0x00, 0xeb, 0x00, 0x48, 0x8b, 0x44, 0x24,
  0x30, 0x48, 0xb9, 0x1f, 0x00, 0x00, 0x00, 0x00, 0x00, 0x00, 0x80, 0x48,
  0x29, 0xc8, 0x0f, 0x84, 0x47, 0x08, 0x00, 0x00, 0xeb, 0x00, 0x48, 0x8b,
  0x44, 0x24, 0x30, 0x48, 0xb9, 0x20, 0x00, 0x00, 0x00, 0x00, 0x00, 0x00,
  0x80, 0x48, 0x29, 0xc8, 0x0f, 0x84, 0x5e, 0x08, 0x00, 0x00, 0xeb, 0x00,
  0x48, 0x8b, 0x44, 0x24, 0x30, 0x48, 0xb9, 0x21, 0x00, 0x00, 0x00, 0x00,
  0x00, 0x00, 0x80, 0x48, 0x29, 0xc8, 0x0f, 0x84, 0x75, 0x08, 0x00, 0x00,
  0xeb, 0x00, 0x48, 0x8b, 0x44, 0x24, 0x30, 0x48, 0xb9, 0x22, 0x00, 0x00,
  0x00, 0x00, 0x00, 0x00, 0x80, 0x48, 0x29, 0xc8, 0x0f, 0x84, 0x89, 0x08,
  0x00, 0x00, 0xeb, 0x00, 0x48, 0x8b, 0x44, 0x24, 0x30, 0x48, 0xb9, 0x23,
  0x00, 0x00, 0x00, 0x00, 0x00, 0x00, 0x80, 0x48, 0x29, 0xc8, 0x0f, 0x84,
  0x9d, 0x08, 0x00, 0x00, 0xeb, 0x00, 0x48, 0x8b, 0x44, 0x24, 0x30, 0x48,
  0x85, 0xc0, 0x0f, 0x84, 0xf7, 0x00, 0x00, 0x00, 0xeb, 0x00, 0x48, 0x8b,
  0x44, 0x24, 0x30, 0x48, 0x83, 0xe8, 0x01, 0x0f, 0x84, 0x11, 0x01, 0x00,
  0x00, 0xeb, 0x00, 0x48, 0x8b, 0x44, 0x24, 0x30, 0x48, 0x83, 0xe8, 0x02,
  0x0f, 0x84, 0x2b, 0x01, 0x00, 0x00, 0xeb, 0x00, 0x48, 0x8b, 0x44, 0x24,
  0x30, 0x48, 0x83, 0xe8, 0x03, 0x0f, 0x84, 0x4b, 0x01, 0x00, 0x00, 0xeb,
  0x00, 0x48, 0x8b, 0x44, 0x24, 0x30, 0x48, 0x83, 0xe8, 0x04, 0x0f, 0x84,
  0x6b, 0x01, 0x00, 0x00, 0xeb, 0x00, 0x48, 0x8b, 0x44, 0x24, 0x30, 0x48,
  0x83, 0xe8, 0x05, 0x0f, 0x84, 0x8b, 0x01, 0x00, 0x00, 0xeb, 0x00, 0x48,
  0x8b, 0x44, 0x24, 0x30, 0x48, 0x83, 0xe8, 0x06, 0x0f, 0x84, 0xab, 0x01,
  0x00, 0x00, 0xeb, 0x00, 0x48, 0x8b, 0x44, 0x24, 0x30, 0x48, 0x83, 0xe8,
  0x07, 0x0f, 0x84, 0xcb, 0x01, 0x00, 0x00, 0xeb, 0x00, 0x48, 0x8b, 0x44,
  0x24, 0x28, 0x48, 0x8b, 0x00, 0x48, 0x89, 0x84, 0x24, 0xf0, 0x07, 0x00,
  0x00, 0x48, 0x8d, 0x8c, 0x24, 0x38, 0x08, 0x00, 0x00, 0x48, 0x8d, 0x94,
  0x24, 0xf0, 0x07, 0x00, 0x00, 0xe8, 0x96, 0xfb, 0xff, 0xff, 0x48, 0x8b,
  0x84, 0x24, 0x38, 0x08, 0x00, 0x00, 0x48, 0x89, 0x84, 0x24, 0x28, 0x08,
  0x00, 0x00, 0x48, 0x8b, 0x84, 0x24, 0x40, 0x08, 0x00, 0x00, 0x48, 0x89,
  0x84, 0x24, 0x30, 0x08, 0x00, 0x00, 0x48, 0x8d, 0x8c, 0x24, 0xf8, 0x07,
  0x00, 0x00, 0x48, 0x8d, 0x15, 0x1f, 0x3d, 0x00, 0x00, 0x4c, 0x8d, 0x84,
  0x24, 0x28, 0x08, 0x00, 0x00, 0xe8, 0xca, 0xf8, 0xff, 0xff, 0x48, 0x8b,
  0x4c, 0x24, 0x20, 0x48, 0x8d, 0x94, 0x24, 0xf8, 0x07, 0x00, 0x00, 0xe8,
  0x08, 0xf9, 0xff, 0xff, 0x24, 0x01, 0x88, 0x44, 0x24, 0x3f, 0xe9, 0xc2,
  0x07, 0x00, 0x00, 0x48, 0x8d, 0x4c, 0x24, 0x40, 0x48, 0x8d, 0x15, 0xa1,
  0x37, 0x00, 0x00, 0xe8, 0x2c, 0xeb, 0xff, 0xff, 0x48, 0x8b, 0x4c, 0x24,
  0x20, 0x48, 0x8d, 0x54, 0x24, 0x40, 0xe8, 0xdd, 0xf8, 0xff, 0xff, 0x24,
  0x01, 0x88, 0x44, 0x24, 0x3f, 0xe9, 0x97, 0x07, 0x00, 0x00, 0x48, 0x8d,
  0x4c, 0x24, 0x70, 0x48, 0x8d, 0x15, 0x9e, 0x37, 0x00, 0x00, 0xe8, 0x01,
  0xeb, 0xff, 0xff, 0x48, 0x8b, 0x4c, 0x24, 0x20, 0x48, 0x8d, 0x54, 0x24,
  0x70, 0xe8, 0xb2, 0xf8, 0xff, 0xff, 0x24, 0x01, 0x88, 0x44, 0x24, 0x3f,
  0xe9, 0x6c, 0x07, 0x00, 0x00, 0x48, 0x8d, 0x8c, 0x24, 0xa0, 0x00, 0x00,
  0x00, 0x48, 0x8d, 0x15, 0x98, 0x37, 0x00, 0x00, 0xe8, 0xd3, 0xea, 0xff,
  0xff, 0x48, 0x8b, 0x4c, 0x24, 0x20, 0x48, 0x8d, 0x94, 0x24, 0xa0, 0x00,
  0x00, 0x00, 0xe8, 0x81, 0xf8, 0xff, 0xff, 0x24, 0x01, 0x88, 0x44, 0x24,
  0x3f, 0xe9, 0x3b, 0x07, 0x00, 0x00, 0x48, 0x8d, 0x8c, 0x24, 0xd0, 0x00,
  0x00, 0x00, 0x48, 0x8d, 0x15, 0x8f, 0x37, 0x00, 0x00, 0xe8, 0xa2, 0xea,
  0xff, 0xff, 0x48, 0x8b, 0x4c, 0x24, 0x20, 0x48, 0x8d, 0x94, 0x24, 0xd0,
  0x00, 0x00, 0x00, 0xe8, 0x50, 0xf8, 0xff, 0xff, 0x24, 0x01, 0x88, 0x44,
  0x24, 0x3f, 0xe9, 0x0a, 0x07, 0x00, 0x00, 0x48, 0x8d, 0x8c, 0x24, 0x00,
  0x01, 0x00, 0x00, 0x48, 0x8d, 0x15, 0x86, 0x37, 0x00, 0x00, 0xe8, 0x71,
  0xea, 0xff, 0xff, 0x48, 0x8b, 0x4c, 0x24, 0x20, 0x48, 0x8d, 0x94, 0x24,
  0x00, 0x01, 0x00, 0x00, 0xe8, 0x1f, 0xf8, 0xff, 0xff, 0x24, 0x01, 0x88,
  0x44, 0x24, 0x3f, 0xe9, 0xd9, 0x06, 0x00, 0x00, 0x48, 0x8d, 0x8c, 0x24,
  0x30, 0x01, 0x00, 0x00, 0x48, 0x8d, 0x15, 0x75, 0x37, 0x00, 0x00, 0xe8,
  0x40, 0xea, 0xff, 0xff, 0x48, 0x8b, 0x4c, 0x24, 0x20, 0x48, 0x8d, 0x94,
  0x24, 0x30, 0x01, 0x00, 0x00, 0xe8, 0xee, 0xf7, 0xff, 0xff, 0x24, 0x01,
  0x88, 0x44, 0x24, 0x3f, 0xe9, 0xa8, 0x06, 0x00, 0x00, 0x48, 0x8d, 0x8c,
  0x24, 0x60, 0x01, 0x00, 0x00, 0x48, 0x8d, 0x15, 0x64, 0x37, 0x00, 0x00,
  0xe8, 0x0f, 0xea, 0xff, 0xff, 0x48, 0x8b, 0x4c, 0x24, 0x20, 0x48, 0x8d,
  0x94, 0x24, 0x60, 0x01, 0x00, 0x00, 0xe8, 0xbd, 0xf7, 0xff, 0xff, 0x24,
  0x01, 0x88, 0x44, 0x24, 0x3f, 0xe9, 0x77, 0x06, 0x00, 0x00, 0x48, 0x8d,
  0x8c, 0x24, 0x90, 0x01, 0x00, 0x00, 0x48, 0x8d, 0x15, 0x5b, 0x37, 0x00,
  0x00, 0xe8, 0xde, 0xe9, 0xff, 0xff, 0x48, 0x8b, 0x4c, 0x24, 0x20, 0x48,
  0x8d, 0x94, 0x24, 0x90, 0x01, 0x00, 0x00, 0xe8, 0x8c, 0xf7, 0xff, 0xff,
  0x24, 0x01, 0x88, 0x44, 0x24, 0x3f, 0xe9, 0x46, 0x06, 0x00, 0x00, 0x48,
  0x8d, 0x8c, 0x24, 0xc0, 0x01, 0x00, 0x00, 0x48, 0x8d, 0x15, 0x4a, 0x37,
  0x00, 0x00, 0xe8, 0xad, 0xe9, 0xff, 0xff, 0x48, 0x8b, 0x4c, 0x24, 0x20,
  0x48, 0x8d, 0x94, 0x24, 0xc0, 0x01, 0x00, 0x00, 0xe8, 0x5b, 0xf7, 0xff,
  0xff, 0x24, 0x01, 0x88, 0x44, 0x24, 0x3f, 0xe9, 0x15, 0x06, 0x00, 0x00,
  0x48, 0x8d, 0x8c, 0x24, 0xf0, 0x01, 0x00, 0x00, 0x48, 0x8d, 0x15, 0x41,
  0x37, 0x00, 0x00, 0xe8, 0x7c, 0xe9, 0xff, 0xff, 0x48, 0x8b, 0x4c, 0x24,
  0x20, 0x48, 0x8d, 0x94, 0x24, 0xf0, 0x01, 0x00, 0x00, 0xe8, 0x2a, 0xf7,
  0xff, 0xff, 0x24, 0x01, 0x88, 0x44, 0x24, 0x3f, 0xe9, 0xe4, 0x05, 0x00,
  0x00, 0x48, 0x8d, 0x8c, 0x24, 0x20, 0x02, 0x00, 0x00, 0x48, 0x8d, 0x15,
  0x30, 0x37, 0x00, 0x00, 0xe8, 0x4b, 0xe9, 0xff, 0xff, 0x48, 0x8b, 0x4c,
  0x24, 0x20, 0x48, 0x8d, 0x94, 0x24, 0x20, 0x02, 0x00, 0x00, 0xe8, 0xf9,
  0xf6, 0xff, 0xff, 0x24, 0x01, 0x88, 0x44, 0x24, 0x3f, 0xe9, 0xb3, 0x05,
  0x00, 0x00, 0x48, 0x8d, 0x8c, 0x24, 0x50, 0x02, 0x00, 0x00, 0x48, 0x8d,
  0x15, 0x1f, 0x37, 0x00, 0x00, 0xe8, 0x1a, 0xe9, 0xff, 0xff, 0x48, 0x8b,
  0x4c, 0x24, 0x20, 0x48, 0x8d, 0x94, 0x24, 0x50, 0x02, 0x00, 0x00, 0xe8,
  0xc8, 0xf6, 0xff, 0xff, 0x24, 0x01, 0x88, 0x44, 0x24, 0x3f, 0xe9, 0x82,
  0x05, 0x00, 0x00, 0x48, 0x8d, 0x8c, 0x24, 0x80, 0x02, 0x00, 0x00, 0x48,
  0x8d, 0x15, 0x0e, 0x37, 0x00, 0x00, 0xe8, 0xe9, 0xe8, 0xff, 0xff, 0x48,
  0x8b, 0x4c, 0x24, 0x20, 0x48, 0x8d, 0x94, 0x24, 0x80, 0x02, 0x00, 0x00,
  0xe8, 0x97, 0xf6, 0xff, 0xff, 0x24, 0x01, 0x88, 0x44, 0x24, 0x3f, 0xe9,
  0x51, 0x05, 0x00, 0x00, 0x48, 0x8d, 0x8c, 0x24, 0xb0, 0x02, 0x00, 0x00,
  0x48, 0x8d, 0x15, 0xfd, 0x36, 0x00, 0x00, 0xe8, 0xb8, 0xe8, 0xff, 0xff,
  0x48, 0x8b, 0x4c, 0x24, 0x20, 0x48, 0x8d, 0x94, 0x24, 0xb0, 0x02, 0x00,
  0x00, 0xe8, 0x66, 0xf6, 0xff, 0xff, 0x24, 0x01, 0x88, 0x44, 0x24, 0x3f,
  0xe9, 0x20, 0x05, 0x00, 0x00, 0x48, 0x8d, 0x8c, 0x24, 0xe0, 0x02, 0x00,
  0x00, 0x48, 0x8d, 0x15, 0xec, 0x36, 0x00, 0x00, 0xe8, 0x87, 0xe8, 0xff,
  0xff, 0x48, 0x8b, 0x4c, 0x24, 0x20, 0x48, 0x8d, 0x94, 0x24, 0xe0, 0x02,
  0x00, 0x00, 0xe8, 0x35, 0xf6, 0xff, 0xff, 0x24, 0x01, 0x88, 0x44, 0x24,
  0x3f, 0xe9, 0xef, 0x04, 0x00, 0x00, 0x48, 0x8d, 0x8c, 0x24, 0x10, 0x03,
  0x00, 0x00, 0x48, 0x8d, 0x15, 0xdb, 0x36, 0x00, 0x00, 0xe8, 0x56, 0xe8,
  0xff, 0xff, 0x48, 0x8b, 0x4c, 0x24, 0x20, 0x48, 0x8d, 0x94, 0x24, 0x10,
  0x03, 0x00, 0x00, 0xe8, 0x04, 0xf6, 0xff, 0xff, 0x24, 0x01, 0x88, 0x44,
  0x24, 0x3f, 0xe9, 0xbe, 0x04, 0x00, 0x00, 0x48, 0x8d, 0x8c, 0x24, 0x40,
  0x03, 0x00, 0x00, 0x48, 0x8d, 0x15, 0xca, 0x36, 0x00, 0x00, 0xe8, 0x25,
  0xe8, 0xff, 0xff, 0x48, 0x8b, 0x4c, 0x24, 0x20, 0x48, 0x8d, 0x94, 0x24,
  0x40, 0x03, 0x00, 0x00, 0xe8, 0xd3, 0xf5, 0xff, 0xff, 0x24, 0x01, 0x88,
  0x44, 0x24, 0x3f, 0xe9, 0x8d, 0x04, 0x00, 0x00, 0x48, 0x8d, 0x8c, 0x24,
  0x70, 0x03, 0x00, 0x00, 0x48, 0x8d, 0x15, 0xb9, 0x36, 0x00, 0x00, 0xe8,
  0xf4, 0xe7, 0xff, 0xff, 0x48, 0x8b, 0x4c, 0x24, 0x20, 0x48, 0x8d, 0x94,
  0x24, 0x70, 0x03, 0x00, 0x00, 0xe8, 0xa2, 0xf5, 0xff, 0xff, 0x24, 0x01,
  0x88, 0x44, 0x24, 0x3f, 0xe9, 0x5c, 0x04, 0x00, 0x00, 0x48, 0x8d, 0x8c,
  0x24, 0xa0, 0x03, 0x00, 0x00, 0x48, 0x8d, 0x15, 0xa8, 0x36, 0x00, 0x00,
  0xe8, 0xc3, 0xe7, 0xff, 0xff, 0x48, 0x8b, 0x4c, 0x24, 0x20, 0x48, 0x8d,
  0x94, 0x24, 0xa0, 0x03, 0x00, 0x00, 0xe8, 0x71, 0xf5, 0xff, 0xff, 0x24,
  0x01, 0x88, 0x44, 0x24, 0x3f, 0xe9, 0x2b, 0x04, 0x00, 0x00, 0x48, 0x8d,
  0x8c, 0x24, 0xd0, 0x03, 0x00, 0x00, 0x48, 0x8d, 0x15, 0x8f, 0x36, 0x00,
  0x00, 0xe8, 0x92, 0xe7, 0xff, 0xff, 0x48, 0x8b, 0x4c, 0x24, 0x20, 0x48,
  0x8d, 0x94, 0x24, 0xd0, 0x03, 0x00, 0x00, 0xe8, 0x40, 0xf5, 0xff, 0xff,
  0x24, 0x01, 0x88, 0x44, 0x24, 0x3f, 0xe9, 0xfa, 0x03, 0x00, 0x00, 0x48,
  0x8d, 0x8c, 0x24, 0x00, 0x04, 0x00, 0x00, 0x48, 0x8d, 0x15, 0x7e, 0x36,
  0x00, 0x00, 0xe8, 0x61, 0xe7, 0xff, 0xff, 0x48, 0x8b, 0x4c, 0x24, 0x20,
  0x48, 0x8d, 0x94, 0x24, 0x00, 0x04, 0x00, 0x00, 0xe8, 0x0f, 0xf5, 0xff,
  0xff, 0x24, 0x01, 0x88, 0x44, 0x24, 0x3f, 0xe9, 0xc9, 0x03, 0x00, 0x00,
  0x48, 0x8d, 0x8c, 0x24, 0x30, 0x04, 0x00, 0x00, 0x48, 0x8d, 0x15, 0x6d,
  0x36, 0x00, 0x00, 0xe8, 0x30, 0xe7, 0xff, 0xff, 0x48, 0x8b, 0x4c, 0x24,
  0x20, 0x48, 0x8d, 0x94, 0x24, 0x30, 0x04, 0x00, 0x00, 0xe8, 0xde, 0xf4,
  0xff, 0xff, 0x24, 0x01, 0x88, 0x44, 0x24, 0x3f, 0xe9, 0x98, 0x03, 0x00,
  0x00, 0x48, 0x8d, 0x8c, 0x24, 0x60, 0x04, 0x00, 0x00, 0x48, 0x8d, 0x15,
  0x5c, 0x36, 0x00, 0x00, 0xe8, 0xff, 0xe6, 0xff, 0xff, 0x48, 0x8b, 0x4c,
  0x24, 0x20, 0x48, 0x8d, 0x94, 0x24, 0x60, 0x04, 0x00, 0x00, 0xe8, 0xad,
  0xf4, 0xff, 0xff, 0x24, 0x01, 0x88, 0x44, 0x24, 0x3f, 0xe9, 0x67, 0x03,
  0x00, 0x00, 0x48, 0x8d, 0x8c, 0x24, 0x90, 0x04, 0x00, 0x00, 0x48, 0x8d,
  0x15, 0x4b, 0x36, 0x00, 0x00, 0xe8, 0xce, 0xe6, 0xff, 0xff, 0x48, 0x8b,
  0x4c, 0x24, 0x20, 0x48, 0x8d, 0x94, 0x24, 0x90, 0x04, 0x00, 0x00, 0xe8,
  0x7c, 0xf4, 0xff, 0xff, 0x24, 0x01, 0x88, 0x44, 0x24, 0x3f, 0xe9, 0x36,
  0x03, 0x00, 0x00, 0x48, 0x8d, 0x8c, 0x24, 0xc0, 0x04, 0x00, 0x00, 0x48,
  0x8d, 0x15, 0x3a, 0x36, 0x00, 0x00, 0xe8, 0x9d, 0xe6, 0xff, 0xff, 0x48,
  0x8b, 0x4c, 0x24, 0x20, 0x48, 0x8d, 0x94, 0x24, 0xc0, 0x04, 0x00, 0x00,
  0xe8, 0x4b, 0xf4, 0xff, 0xff, 0x24, 0x01, 0x88, 0x44, 0x24, 0x3f, 0xe9,
  0x05, 0x03, 0x00, 0x00, 0x48, 0x8d, 0x8c, 0x24, 0xf0, 0x04, 0x00, 0x00,
  0x48, 0x8d, 0x15, 0x21, 0x36, 0x00, 0x00, 0xe8, 0x6c, 0xe6, 0xff, 0xff,
  0x48, 0x8b, 0x4c, 0x24, 0x20, 0x48, 0x8d, 0x94, 0x24, 0xf0, 0x04, 0x00,
  0x00, 0xe8, 0x1a, 0xf4, 0xff, 0xff, 0x24, 0x01, 0x88, 0x44, 0x24, 0x3f,
  0xe9, 0xd4, 0x02, 0x00, 0x00, 0x48, 0x8d, 0x8c, 0x24, 0x20, 0x05, 0x00,
  0x00, 0x48, 0x8d, 0x15, 0x10, 0x36, 0x00, 0x00, 0xe8, 0x3b, 0xe6, 0xff,
  0xff, 0x48, 0x8b, 0x4c, 0x24, 0x20, 0x48, 0x8d, 0x94, 0x24, 0x20, 0x05,
  0x00, 0x00, 0xe8, 0xe9, 0xf3, 0xff, 0xff, 0x24, 0x01, 0x88, 0x44, 0x24,
  0x3f, 0xe9, 0xa3, 0x02, 0x00, 0x00, 0x48, 0x8d, 0x8c, 0x24, 0x50, 0x05,
  0x00, 0x00, 0x48, 0x8d, 0x15, 0xff, 0x35, 0x00, 0x00, 0xe8, 0x0a, 0xe6,
  0xff, 0xff, 0x48, 0x8b, 0x4c, 0x24, 0x20, 0x48, 0x8d, 0x94, 0x24, 0x50,
  0x05, 0x00, 0x00, 0xe8, 0xb8, 0xf3, 0xff, 0xff, 0x24, 0x01, 0x88, 0x44,
  0x24, 0x3f, 0xe9, 0x72, 0x02, 0x00, 0x00, 0x48, 0x8d, 0x8c, 0x24, 0x80,
  0x05, 0x00, 0x00, 0x48, 0x8d, 0x15, 0xe6, 0x35, 0x00, 0x00, 0xe8, 0xd9,
  0xe5, 0xff, 0xff, 0x48, 0x8b, 0x4c, 0x24, 0x20, 0x48, 0x8d, 0x94, 0x24,
  0x80, 0x05, 0x00, 0x00, 0xe8, 0x87, 0xf3, 0xff, 0xff, 0x24, 0x01, 0x88,
  0x44, 0x24, 0x3f, 0xe9, 0x41, 0x02, 0x00, 0x00, 0x48, 0x8d, 0x8c, 0x24,
  0xb0, 0x05, 0x00, 0x00, 0x48, 0x8d, 0x15, 0xd5, 0x35, 0x00, 0x00, 0xe8,
  0xa8, 0xe5, 0xff, 0xff, 0x48, 0x8b, 0x4c, 0x24, 0x20, 0x48, 0x8d, 0x94,
  0x24, 0xb0, 0x05, 0x00, 0x00, 0xe8, 0x56, 0xf3, 0xff, 0xff, 0x24, 0x01,
  0x88, 0x44, 0x24, 0x3f, 0xe9, 0x10, 0x02, 0x00, 0x00, 0x48, 0x8d, 0x8c,
  0x24, 0xe0, 0x05, 0x00, 0x00, 0x48, 0x8d, 0x15, 0xc4, 0x35, 0x00, 0x00,
  0xe8, 0x77, 0xe5, 0xff, 0xff, 0x48, 0x8b, 0x4c, 0x24, 0x20, 0x48, 0x8d,
  0x94, 0x24, 0xe0, 0x05, 0x00, 0x00, 0xe8, 0x25, 0xf3, 0xff, 0xff, 0x24,
  0x01, 0x88, 0x44, 0x24, 0x3f, 0xe9, 0xdf, 0x01, 0x00, 0x00, 0x48, 0x8d,
  0x8c, 0x24, 0x10, 0x06, 0x00, 0x00, 0x48, 0x8d, 0x15, 0xb3, 0x35, 0x00,
  0x00, 0xe8, 0x46, 0xe5, 0xff, 0xff, 0x48, 0x8b, 0x4c, 0x24, 0x20, 0x48,
  0x8d, 0x94, 0x24, 0x10, 0x06, 0x00, 0x00, 0xe8, 0xf4, 0xf2, 0xff, 0xff,
  0x24, 0x01, 0x88, 0x44, 0x24, 0x3f, 0xe9, 0xae, 0x01, 0x00, 0x00, 0x48,
  0x8d, 0x8c, 0x24, 0x40, 0x06, 0x00, 0x00, 0x48, 0x8d, 0x15, 0xaa, 0x35,
  0x00, 0x00, 0xe8, 0x15, 0xe5, 0xff, 0xff, 0x48, 0x8b, 0x4c, 0x24, 0x20,
  0x48, 0x8d, 0x94, 0x24, 0x40, 0x06, 0x00, 0x00, 0xe8, 0xc3, 0xf2, 0xff,
  0xff, 0x24, 0x01, 0x88, 0x44, 0x24, 0x3f, 0xe9, 0x7d, 0x01, 0x00, 0x00,
  0x48, 0x8d, 0x8c, 0x24, 0x70, 0x06, 0x00, 0x00, 0x48, 0x8d, 0x15, 0xa1,
  0x35, 0x00, 0x00, 0xe8, 0xe4, 0xe4, 0xff, 0xff, 0x48, 0x8b, 0x4c, 0x24,
  0x20, 0x48, 0x8d, 0x94, 0x24, 0x70, 0x06, 0x00, 0x00, 0xe8, 0x92, 0xf2,
  0xff, 0xff, 0x24, 0x01, 0x88, 0x44, 0x24, 0x3f, 0xe9, 0x4c, 0x01, 0x00,
  0x00, 0x48, 0x8d, 0x8c, 0x24, 0xa0, 0x06, 0x00, 0x00, 0x48, 0x8d, 0x15,
  0x90, 0x35, 0x00, 0x00, 0xe8, 0xb3, 0xe4, 0xff, 0xff, 0x48, 0x8b, 0x4c,
  0x24, 0x20, 0x48, 0x8d, 0x94, 0x24, 0xa0, 0x06, 0x00, 0x00, 0xe8, 0x61,
  0xf2, 0xff, 0xff, 0x24, 0x01, 0x88, 0x44, 0x24, 0x3f, 0xe9, 0x1b, 0x01,
  0x00, 0x00, 0x48, 0x8d, 0x8c, 0x24, 0xd0, 0x06, 0x00, 0x00, 0x48, 0x8d,
  0x15, 0x7f, 0x35, 0x00, 0x00, 0xe8, 0x82, 0xe4, 0xff, 0xff, 0x48, 0x8b,
  0x4c, 0x24, 0x20, 0x48, 0x8d, 0x94, 0x24, 0xd0, 0x06, 0x00, 0x00, 0xe8,
  0x30, 0xf2, 0xff, 0xff, 0x24, 0x01, 0x88, 0x44, 0x24, 0x3f, 0xe9, 0xea,
  0x00, 0x00, 0x00, 0x48, 0x8d, 0x8c, 0x24, 0x00, 0x07, 0x00, 0x00, 0x48,
  0x8d, 0x15, 0x6e, 0x35, 0x00, 0x00, 0xe8, 0x51, 0xe4, 0xff, 0xff, 0x48,
  0x8b, 0x4c, 0x24, 0x20, 0x48, 0x8d, 0x94, 0x24, 0x00, 0x07, 0x00, 0x00,
  0xe8, 0xff, 0xf1, 0xff, 0xff, 0x24, 0x01, 0x88, 0x44, 0x24, 0x3f, 0xe9,
  0xb9, 0x00, 0x00, 0x00, 0x48, 0x8d, 0x8c, 0x24, 0x30, 0x07, 0x00, 0x00,
  0x48, 0x8d, 0x15, 0x5d, 0x35, 0x00, 0x00, 0xe8, 0x20, 0xe4, 0xff, 0xff,
  0x48, 0x8b, 0x4c, 0x24, 0x20, 0x48, 0x8d, 0x94, 0x24, 0x30, 0x07, 0x00,
  0x00, 0xe8, 0xce, 0xf1, 0xff, 0xff, 0x24, 0x01, 0x88, 0x44, 0x24, 0x3f,
  0xe9, 0x88, 0x00, 0x00, 0x00, 0x48, 0x8d, 0x8c, 0x24, 0x60, 0x07, 0x00,
  0x00, 0x48, 0x8d, 0x15, 0x4c, 0x35, 0x00, 0x00, 0xe8, 0xef, 0xe3, 0xff,
  0xff, 0x48, 0x8b, 0x4c, 0x24, 0x20, 0x48, 0x8d, 0x94, 0x24, 0x60, 0x07,
  0x00, 0x00, 0xe8, 0x9d, 0xf1, 0xff, 0xff, 0x24, 0x01, 0x88, 0x44, 0x24,
  0x3f, 0xeb, 0x5a, 0x48, 0x8d, 0x8c, 0x24, 0x90, 0x07, 0x00, 0x00, 0x48,
  0x8d, 0x15, 0x46, 0x35, 0x00, 0x00, 0xe8, 0xc1, 0xe3, 0xff, 0xff, 0x48,
  0x8b, 0x4c, 0x24, 0x20, 0x48, 0x8d, 0x94, 0x24, 0x90, 0x07, 0x00, 0x00,
  0xe8, 0x6f, 0xf1, 0xff, 0xff, 0x24, 0x01, 0x88, 0x44, 0x24, 0x3f, 0xeb,
  0x2c, 0x48, 0x8d, 0x8c, 0x24, 0xc0, 0x07, 0x00, 0x00, 0x48, 0x8d, 0x15,
  0x38, 0x35, 0x00, 0x00, 0xe8, 0x93, 0xe3, 0xff, 0xff, 0x48, 0x8b, 0x4c,
  0x24, 0x20, 0x48, 0x8d, 0x94, 0x24, 0xc0, 0x07, 0x00, 0x00, 0xe8, 0x41,
  0xf1, 0xff, 0xff, 0x24, 0x01, 0x88, 0x44, 0x24, 0x3f, 0x8a, 0x44, 0x24,
  0x3f, 0x24, 0x01, 0x48, 0x81, 0xc4, 0x58, 0x08, 0x00, 0x00, 0xc3, 0xcc,
  0xcc, 0xcc, 0xcc, 0xcc, 0xcc, 0xcc, 0xcc, 0xcc, 0xcc, 0xcc, 0xcc, 0xcc,
  0x50, 0x80, 0xe1, 0x01, 0x88, 0x4c, 0x24, 0x04, 0x8a, 0x44, 0x24, 0x04,
  0x88, 0xc1, 0x80, 0xe1, 0x01, 0x88, 0x4c, 0x24, 0x06, 0x88, 0xc1, 0x80,
  0xe1, 0x01, 0x88, 0x4c, 0x24, 0x07, 0x24, 0x01, 0x88, 0x44, 0x24, 0x05,
  0x8a, 0x44, 0x24, 0x05, 0x59, 0xc3, 0xcc, 0xcc, 0xcc, 0xcc, 0xcc, 0xcc,
  0x48, 0x83, 0xec, 0x28, 0xe8, 0x07, 0x00, 0x00, 0x00, 0x0f, 0x0b, 0xcc,
  0xcc, 0xcc, 0xcc, 0xcc, 0x48, 0x83, 0xec, 0x28, 0x48, 0x8d, 0x0d, 0xed,
  0x34, 0x00, 0x00, 0xba, 0xc7, 0x00, 0x00, 0x00, 0xe8, 0x9b, 0x08, 0x00,
  0x00, 0xcc, 0xcc, 0xcc, 0xcc, 0xcc, 0xcc, 0xcc, 0xcc, 0xcc, 0xcc, 0xcc,
  0x48, 0x83, 0xec, 0x38, 0x48, 0x89, 0x4c, 0x24, 0x28, 0x48, 0x89, 0x54,
  0x24, 0x30, 0xe8, 0x0d, 0x00, 0x00, 0x00, 0x48, 0x83, 0xc4, 0x38, 0xc3,
  0xcc, 0xcc, 0xcc, 0xcc, 0xcc, 0xcc, 0xcc, 0xcc, 0x48, 0x83, 0xec, 0x50,
  0x48, 0x89, 0x14, 0x24, 0x48, 0x89, 0x4c, 0x24, 0x08, 0x48, 0x89, 0x4c,
  0x24, 0x18, 0x48, 0x89, 0x54, 0x24, 0x20, 0x48, 0x89, 0x54, 0x24, 0x28,
  0x48, 0x89, 0x4c, 0x24, 0x30, 0x48, 0x89, 0x54, 0x24, 0x38, 0x48, 0x89,
  0x4c, 0x24, 0x40, 0x48, 0x8b, 0x44, 0x24, 0x08, 0x48, 0x8b, 0x0c, 0x24,
  0x48, 0x89, 0x44, 0x24, 0x48, 0x48, 0xd1, 0xe1, 0x48, 0x01, 0xc8, 0x48,
  0x89, 0x44, 0x24, 0x10, 0x48, 0x8b, 0x44, 0x24, 0x08, 0x48, 0x8b, 0x54,
  0x24, 0x10, 0x48, 0x83, 0xc4, 0x50, 0xc3, 0xcc, 0xcc, 0xcc, 0xcc, 0xcc,
  0xcc, 0xcc, 0xcc, 0xcc, 0xcc, 0xcc, 0xcc, 0xcc, 0x50, 0x88, 0x4c, 0x24,
  0x03, 0xb8, 0x01, 0x00, 0x00, 0x00, 0x31, 0xc9, 0x80, 0x7c, 0x24, 0x03,
  0x02, 0x48, 0x0f, 0x44, 0xc1, 0x48, 0xa9, 0x01, 0x00, 0x00, 0x00, 0x74,
  0x1f, 0x8a, 0x44, 0x24, 0x03, 0x88, 0xc1, 0x80, 0xe1, 0x01, 0x88, 0x4c,
  0x24, 0x07, 0x24, 0x01, 0x88, 0x44, 0x24, 0x05, 0x8a, 0x44, 0x24, 0x05,
  0x24, 0x01, 0x88, 0x44, 0x24, 0x04, 0xeb, 0x05, 0xc6, 0x44, 0x24, 0x04,
  0x02, 0x8a, 0x44, 0x24, 0x04, 0x59, 0xc3, 0xcc, 0xcc, 0xcc, 0xcc, 0xcc,
  0xcc, 0xcc, 0xcc, 0xcc, 0x48, 0x83, 0xec, 0x20, 0x89, 0xc8, 0x89, 0x44,
  0x24, 0x08, 0x48, 0xc1, 0xe9, 0x20, 0x66, 0x89, 0xc8, 0x66, 0x89, 0x44,
  0x24, 0x0c, 0x8b, 0x44, 0x24, 0x08, 0x89, 0x44, 0x24, 0x02, 0x66, 0x8b,
  0x44, 0x24, 0x0c, 0x66, 0x89, 0x44, 0x24, 0x06, 0x8a, 0x44, 0x24, 0x02,
  0x24, 0x01, 0x0f, 0xb6, 0xc0, 0x48, 0xa9, 0x01, 0x00, 0x00, 0x00, 0x74,
  0x24, 0x8a, 0x44, 0x24, 0x03, 0x88, 0xc1, 0x80, 0xe1, 0x01, 0x88, 0x4c,
  0x24, 0x1f, 0x24, 0x01, 0x88, 0x44, 0x24, 0x19, 0x8a, 0x44, 0x24, 0x19,
  0x24, 0x01, 0x88, 0x44, 0x24, 0x11, 0xc6, 0x44, 0x24, 0x10, 0x01, 0xeb,
  0x20, 0x66, 0x8b, 0x4c, 0x24, 0x04, 0x8a, 0x44, 0x24, 0x06, 0x66, 0x89,
  0x4c, 0x24, 0x1a, 0x88, 0x44, 0x24, 0x1c, 0x66, 0x89, 0x4c, 0x24, 0x12,
  0x88, 0x44, 0x24, 0x14, 0xc6, 0x44, 0x24, 0x10, 0x00, 0x8b, 0x44, 0x24,
  0x10, 0x0f, 0xb7, 0x4c, 0x24, 0x14, 0x48, 0xc1, 0xe1, 0x20, 0x48, 0x09,
  0xc8, 0x48, 0x83, 0xc4, 0x20, 0xc3, 0xcc, 0xcc, 0xcc, 0xcc, 0xcc, 0xcc,
  0xcc, 0xcc, 0xcc, 0xcc, 0xcc, 0xcc, 0xcc, 0xcc, 0x48, 0x83, 0xec, 0x68,
  0x48, 0x89, 0x0c, 0x24, 0x48, 0x89, 0x4c, 0x24, 0x30, 0x48, 0xc7, 0x44,
  0x24, 0x38, 0x01, 0x00, 0x00, 0x00, 0x48, 0xc7, 0x44, 0x24, 0x40, 0x01,
  0x00, 0x00, 0x00, 0x48, 0x8b, 0x01, 0x48, 0x89, 0x44, 0x24, 0x18, 0x48,
  0x8b, 0x41, 0x08, 0x48, 0x89, 0x44, 0x24, 0x08, 0x48, 0x89, 0x44, 0x24,
  0x48, 0x48, 0x8b, 0x44, 0x24, 0x08, 0x48, 0x8d, 0x4c, 0x24, 0x18, 0x48,
  0x89, 0x4c, 0x24, 0x50, 0x48, 0x89, 0x44, 0x24, 0x20, 0x48, 0x8d, 0x44,
  0x24, 0x20, 0x48, 0x89, 0x44, 0x24, 0x58, 0x48, 0x8b, 0x44, 0x24, 0x18,
  0x48, 0x3b, 0x44, 0x24, 0x20, 0x74, 0x12, 0x48, 0x8b, 0x04, 0x24, 0x48,
  0x8b, 0x4c, 0x24, 0x18, 0x48, 0x83, 0xc1, 0x02, 0x48, 0x89, 0x08, 0xeb,
  0x0b, 0x48, 0xc7, 0x44, 0x24, 0x10, 0x00, 0x00, 0x00, 0x00, 0xeb, 0x28,
  0x48, 0x8b, 0x44, 0x24, 0x18, 0x48, 0x89, 0x44, 0x24, 0x28, 0x48, 0x8d,
  0x44, 0x24, 0x28, 0x48, 0x89, 0x44, 0x24, 0x60, 0x48, 0x8b, 0x44, 0x24,
  0x18, 0x48, 0x89, 0x44, 0x24, 0x10, 0x48, 0x8b, 0x44, 0x24, 0x10, 0x48,
  0x83, 0xc4, 0x68, 0xc3, 0xeb, 0xf4, 0xcc, 0xcc, 0xcc, 0xcc, 0xcc, 0xcc,
  0xcc, 0xcc, 0xcc, 0xcc, 0x48, 0x81, 0xec, 0xc8, 0x00, 0x00, 0x00, 0x4c,
  0x89, 0x44, 0x24, 0x70, 0x48, 0x89, 0x54, 0x24, 0x78, 0x48, 0x89, 0x8c,
  0x24, 0x80, 0x00, 0x00, 0x00, 0x48, 0x89, 0x8c, 0x24, 0x98, 0x00, 0x00,
  0x00, 0x48, 0x89, 0x94, 0x24, 0xa0, 0x00, 0x00, 0x00, 0x4c, 0x89, 0x84,
  0x24, 0xa8, 0x00, 0x00, 0x00, 0x48, 0x89, 0x94, 0x24, 0xb0, 0x00, 0x00,
  0x00, 0x49, 0x39, 0xd0, 0x73, 0x18, 0x48, 0x8b, 0x84, 0x24, 0x80, 0x00,
  0x00, 0x00, 0x48, 0x8b, 0x4c, 0x24, 0x70, 0x8a, 0x04, 0x08, 0x24, 0x80,
  0x3c, 0x00, 0x74, 0x18, 0xeb, 0x27, 0x48, 0x8b, 0x54, 0x24, 0x78, 0x48,
  0x8b, 0x4c, 0x24, 0x70, 0x4c, 0x8d, 0x05, 0x71, 0x33, 0x00, 0x00, 0xe8,
  0x50, 0x06, 0x00, 0x00, 0x48, 0x8b, 0x44, 0x24, 0x70, 0x48, 0x8b, 0x4c,
  0x24, 0x78, 0x48, 0x39, 0xc8, 0x72, 0x13, 0xeb, 0x34, 0x48, 0x8b, 0x44,
  0x24, 0x70, 0x48, 0x8b, 0x4c, 0x24, 0x78, 0x48, 0x39, 0xc8, 0x72, 0x66,
  0xeb, 0x7c, 0x48, 0x8b, 0x84, 0x24, 0x80, 0x00, 0x00, 0x00, 0x48, 0x8b,
  0x4c, 0x24, 0x70, 0x0f, 0xb6, 0x04, 0x08, 0x66, 0x89, 0x84, 0x24, 0x94,
  0x00, 0x00, 0x00, 0xc6, 0x84, 0x24, 0x96, 0x00, 0x00, 0x00, 0x01, 0xeb,
  0x16, 0x48, 0x8b, 0x54, 0x24, 0x78, 0x48, 0x8b, 0x4c, 0x24, 0x70, 0x4c,
  0x8d, 0x05, 0x2e, 0x33, 0x00, 0x00, 0xe8, 0xf5, 0x05, 0x00, 0x00, 0x66,
  0x8b, 0x8c, 0x24, 0x94, 0x00, 0x00, 0x00, 0x8a, 0x84, 0x24, 0x96, 0x00,
  0x00, 0x00, 0x66, 0x89, 0x8c, 0x24, 0x8e, 0x00, 0x00, 0x00, 0x88, 0x84,
  0x24, 0x90, 0x00, 0x00, 0x00, 0xc6, 0x84, 0x24, 0x8c, 0x00, 0x00, 0x00,
  0x00, 0xe9, 0x3a, 0x03, 0x00, 0x00, 0x48, 0x8b, 0x84, 0x24, 0x80, 0x00,
  0x00, 0x00, 0x48, 0x8b, 0x4c, 0x24, 0x70, 0x8a, 0x04, 0x08, 0x24, 0xe0,
  0x3c, 0xc0, 0x74, 0x18, 0xeb, 0x2b, 0x48, 0x8b, 0x54, 0x24, 0x78, 0x48,
  0x8b, 0x4c, 0x24, 0x70, 0x4c, 0x8d, 0x05, 0xed, 0x32, 0x00, 0x00, 0xe8,
  0x9c, 0x05, 0x00, 0x00, 0x48, 0x8b, 0x44, 0x24, 0x70, 0x48, 0x83, 0xc0,
  0x01, 0x48, 0x89, 0x44, 0x24, 0x68, 0x0f, 0x92, 0xc0, 0x72, 0x2b, 0xeb,
  0x18, 0x48, 0x8b, 0x44, 0x24, 0x70, 0x48, 0x8b, 0x4c, 0x24, 0x78, 0x48,
  0x39, 0xc8, 0x0f, 0x82, 0xf3, 0x00, 0x00, 0x00, 0xe9, 0x06, 0x01, 0x00,
  0x00, 0x48, 0x8b, 0x44, 0x24, 0x68, 0x48, 0x8b, 0x4c, 0x24, 0x78, 0x48,
  0x39, 0xc8, 0x73, 0x1f, 0xeb, 0x0c, 0x48, 0x8d, 0x0d, 0xbb, 0x32, 0x00,
  0x00, 0xe8, 0x36, 0x07, 0x00, 0x00, 0x48, 0x8b, 0x44, 0x24, 0x70, 0x48,
  0x8b, 0x4c, 0x24, 0x78, 0x48, 0x39, 0xc8, 0x72, 0x07, 0xeb, 0x38, 0xe8,
  0x30, 0xfc, 0xff, 0xff, 0x48, 0x8b, 0x44, 0x24, 0x70, 0x48, 0x8b, 0x8c,
  0x24, 0x80, 0x00, 0x00, 0x00, 0x8a, 0x0c, 0x01, 0x80, 0xe1, 0x1f, 0x0f,
  0xb6, 0xc9, 0x66, 0x89, 0x4c, 0x24, 0x5e, 0x66, 0x89, 0x8c, 0x24, 0xbe,
  0x00, 0x00, 0x00, 0x48, 0x83, 0xc0, 0x01, 0x48, 0x89, 0x44, 0x24, 0x60,
  0x0f, 0x92, 0xc0, 0x72, 0x29, 0xeb, 0x16, 0x48, 0x8b, 0x54, 0x24, 0x78,
  0x48, 0x8b, 0x4c, 0x24, 0x70, 0x4c, 0x8d, 0x05, 0x74, 0x32, 0x00, 0x00,
  0xe8, 0xf3, 0x04, 0x00, 0x00, 0x48, 0x8b, 0x44, 0x24, 0x60, 0x48, 0x8b,
  0x4c, 0x24, 0x78, 0x48, 0x39, 0xc8, 0x72, 0x0e, 0xeb, 0x4b, 0x48, 0x8d,
  0x0d, 0x6f, 0x32, 0x00, 0x00, 0xe8, 0xba, 0x06, 0x00, 0x00, 0x66, 0x8b,
  0x44, 0x24, 0x5e, 0x48, 0x8b, 0x8c, 0x24, 0x80, 0x00, 0x00, 0x00, 0x48,
  0x8b, 0x54, 0x24, 0x60, 0x8a, 0x0c, 0x11, 0x80, 0xe1, 0x3f, 0x0f, 0xb6,
  0xc9, 0x66, 0x89, 0x8c, 0x24, 0xc0, 0x00, 0x00, 0x00, 0x66, 0xc1, 0xe0,
  0x06, 0x66, 0x09, 0xc8, 0x66, 0x89, 0x84, 0x24, 0x94, 0x00, 0x00, 0x00,
  0xc6, 0x84, 0x24, 0x96, 0x00, 0x00, 0x00, 0x02, 0xe9, 0xa2, 0xfe, 0xff,
  0xff, 0x48, 0x8b, 0x54, 0x24, 0x78, 0x48, 0x8b, 0x4c, 0x24, 0x60, 0x4c,
  0x8d, 0x05, 0x32, 0x32, 0x00, 0x00, 0xe8, 0x81, 0x04, 0x00, 0x00, 0x48,
  0x8b, 0x84, 0x24, 0x80, 0x00, 0x00, 0x00, 0x48, 0x8b, 0x4c, 0x24, 0x70,
  0x8a, 0x04, 0x08, 0x24, 0xf0, 0x3c, 0xe0, 0x74, 0x18, 0xeb, 0x2b, 0x48,
  0x8b, 0x54, 0x24, 0x78, 0x48, 0x8b, 0x4c, 0x24, 0x70, 0x4c, 0x8d, 0x05,
  0x1c, 0x32, 0x00, 0x00, 0xe8, 0x53, 0x04, 0x00, 0x00, 0x48, 0x8b, 0x44,
  0x24, 0x70, 0x48, 0x83, 0xc0, 0x02, 0x48, 0x89, 0x44, 0x24, 0x50, 0x0f,
  0x92, 0xc0, 0x72, 0x2b, 0xeb, 0x18, 0x48, 0x8b, 0x44, 0x24, 0x70, 0x48,
  0x8b, 0x4c, 0x24, 0x78, 0x48, 0x39, 0xc8, 0x0f, 0x82, 0xb9, 0x01, 0x00,
  0x00, 0xe9, 0xcc, 0x01, 0x00, 0x00, 0x48, 0x8b, 0x44, 0x24, 0x50, 0x48,
  0x8b, 0x4c, 0x24, 0x78, 0x48, 0x39, 0xc8, 0x73, 0x23, 0xeb, 0x0c, 0x48,
  0x8d, 0x0d, 0xea, 0x31, 0x00, 0x00, 0xe8, 0xed, 0x05, 0x00, 0x00, 0x48,
  0x8b, 0x44, 0x24, 0x70, 0x48, 0x83, 0xc0, 0x01, 0x48, 0x89, 0x44, 0x24,
  0x48, 0x0f, 0x92, 0xc0, 0x72, 0x18, 0xeb, 0x05, 0xe8, 0xe3, 0xfa, 0xff,
  0xff, 0x48, 0x8b, 0x44, 0x24, 0x48, 0x48, 0x8b, 0x4c, 0x24, 0x78, 0x48,
  0x39, 0xc8, 0x73, 0xec, 0xeb, 0x0c, 0x48, 0x8d, 0x0d, 0xcb, 0x31, 0x00,
  0x00, 0xe8, 0xb6, 0x05, 0x00, 0x00, 0x48, 0x8b, 0x44, 0x24, 0x70, 0x48,
  0x8b, 0x4c, 0x24, 0x78, 0x48, 0x39, 0xc8, 0x73, 0x33, 0x48, 0x8b, 0x44,
  0x24, 0x70, 0x48, 0x8b, 0x8c, 0x24, 0x80, 0x00, 0x00, 0x00, 0x8a, 0x0c,
  0x01, 0x80, 0xe1, 0x0f, 0x0f, 0xb6, 0xc9, 0x66, 0x89, 0x4c, 0x24, 0x3e,
  0x66, 0x89, 0x8c, 0x24, 0xc2, 0x00, 0x00, 0x00, 0x48, 0x83, 0xc0, 0x01,
  0x48, 0x89, 0x44, 0x24, 0x40, 0x0f, 0x92, 0xc0, 0x72, 0x29, 0xeb, 0x16,
  0x48, 0x8b, 0x54, 0x24, 0x78, 0x48, 0x8b, 0x4c, 0x24, 0x70, 0x4c, 0x8d,
  0x05, 0x8b, 0x31, 0x00, 0x00, 0xe8, 0x7a, 0x03, 0x00, 0x00, 0x48, 0x8b,
  0x44, 0x24, 0x40, 0x48, 0x8b, 0x4c, 0x24, 0x78, 0x48, 0x39, 0xc8, 0x72,
  0x0e, 0xeb, 0x44, 0x48, 0x8d, 0x0d, 0x86, 0x31, 0x00, 0x00, 0xe8, 0x41,
  0x05, 0x00, 0x00, 0x48, 0x8b, 0x44, 0x24, 0x70, 0x48, 0x8b, 0x8c, 0x24,
  0x80, 0x00, 0x00, 0x00, 0x48, 0x8b, 0x54, 0x24, 0x40, 0x8a, 0x0c, 0x11,
  0x80, 0xe1, 0x3f, 0x0f, 0xb6, 0xc9, 0x66, 0x89, 0x4c, 0x24, 0x2e, 0x66,
  0x89, 0x8c, 0x24, 0xc4, 0x00, 0x00, 0x00, 0x48, 0x83, 0xc0, 0x02, 0x48,
  0x89, 0x44, 0x24, 0x30, 0x0f, 0x92, 0xc0, 0x72, 0x29, 0xeb, 0x16, 0x48,
  0x8b, 0x54, 0x24, 0x78, 0x48, 0x8b, 0x4c, 0x24, 0x40, 0x4c, 0x8d, 0x05,
  0x50, 0x31, 0x00, 0x00, 0xe8, 0x0f, 0x03, 0x00, 0x00, 0x48, 0x8b, 0x44,
  0x24, 0x30, 0x48, 0x8b, 0x4c, 0x24, 0x78, 0x48, 0x39, 0xc8, 0x72, 0x0e,
  0xeb, 0x58, 0x48, 0x8d, 0x0d, 0x4b, 0x31, 0x00, 0x00, 0xe8, 0xd6, 0x04,
  0x00, 0x00, 0x66, 0x8b, 0x54, 0x24, 0x2e, 0x66, 0x8b, 0x44, 0x24, 0x3e,
  0x48, 0x8b, 0x8c, 0x24, 0x80, 0x00, 0x00, 0x00, 0x4c, 0x8b, 0x44, 0x24,
  0x30, 0x42, 0x8a, 0x0c, 0x01, 0x80, 0xe1, 0x3f, 0x0f, 0xb6, 0xc9, 0x66,
  0x89, 0x8c, 0x24, 0xc6, 0x00, 0x00, 0x00, 0x66, 0xc1, 0xe0, 0x0c, 0x66,
  0xc1, 0xe2, 0x06, 0x66, 0x09, 0xd0, 0x66, 0x09, 0xc8, 0x66, 0x89, 0x84,
  0x24, 0x94, 0x00, 0x00, 0x00, 0xc6, 0x84, 0x24, 0x96, 0x00, 0x00, 0x00,
  0x03, 0xe9, 0xb1, 0xfc, 0xff, 0xff, 0x48, 0x8b, 0x54, 0x24, 0x78, 0x48,
  0x8b, 0x4c, 0x24, 0x30, 0x4c, 0x8d, 0x05, 0x01, 0x31, 0x00, 0x00, 0xe8,
  0x90, 0x02, 0x00, 0x00, 0x8b, 0x84, 0x24, 0x8c, 0x00, 0x00, 0x00, 0x0f,
  0xb7, 0x8c, 0x24, 0x90, 0x00, 0x00, 0x00, 0x48, 0xc1, 0xe1, 0x20, 0x48,
  0x09, 0xc8, 0x48, 0x81, 0xc4, 0xc8, 0x00, 0x00, 0x00, 0xc3, 0x48, 0x8b,
  0x84, 0x24, 0x80, 0x00, 0x00, 0x00, 0x48, 0x8b, 0x4c, 0x24, 0x70, 0x8a,
  0x04, 0x08, 0x24, 0xf0, 0x3c, 0xf0, 0x74, 0x18, 0xeb, 0x38, 0x48, 0x8b,
  0x54, 0x24, 0x78, 0x48, 0x8b, 0x4c, 0x24, 0x70, 0x4c, 0x8d, 0x05, 0xcd,
  0x30, 0x00, 0x00, 0xe8, 0x44, 0x02, 0x00, 0x00, 0xc6, 0x84, 0x24, 0x97,
  0x00, 0x00, 0x00, 0x01, 0x8a, 0x84, 0x24, 0x97, 0x00, 0x00, 0x00, 0x24,
  0x01, 0x88, 0x84, 0x24, 0x8d, 0x00, 0x00, 0x00, 0xc6, 0x84, 0x24, 0x8c,
  0x00, 0x00, 0x00, 0x01, 0xeb, 0x92, 0xe8, 0x11, 0xf9, 0xff, 0xff, 0xcc,
  0x55, 0x57, 0x48, 0x89, 0xe5, 0x49, 0x89, 0xc9, 0xf7, 0xd9, 0x83, 0xe1,
  0x07, 0x49, 0x39, 0xc8, 0x49, 0x0f, 0x42, 0xc8, 0x0f, 0xb6, 0xd2, 0x48,
  0xb8, 0x01, 0x01, 0x01, 0x01, 0x01, 0x01, 0x01, 0x01, 0x48, 0x0f, 0xaf,
  0xc2, 0x49, 0x29, 0xc8, 0x4c, 0x89, 0xc2, 0x48, 0xc1, 0xea, 0x03, 0x41,
  0x83, 0xe0, 0x07, 0x4c, 0x89, 0xcf, 0xf3, 0xaa, 0x48, 0x89, 0xd1, 0xf3,
  0x48, 0xab, 0x4c, 0x89, 0xc1, 0xf3, 0xaa, 0x4c, 0x89, 0xc8, 0x5f, 0x5d,
  0xc3, 0xcc, 0xcc, 0xcc, 0x55, 0x48, 0x89, 0xe5, 0x49, 0x89, 0xc3, 0x49,
  0x81, 0xfb, 0x00, 0x10, 0x00, 0x00, 0x76, 0x1c, 0x48, 0x81, 0xec, 0x00,
  0x10, 0x00, 0x00, 0x48, 0x85, 0x64, 0x24, 0x08, 0x49, 0x81, 0xeb, 0x00,
  0x10, 0x00, 0x00, 0x49, 0x81, 0xfb, 0x00, 0x10, 0x00, 0x00, 0x77, 0xe4,
  0x4c, 0x29, 0xdc, 0x48, 0x85, 0x64, 0x24, 0x08, 0x48, 0x01, 0xc4, 0xc9,
  0xc3, 0xcc, 0xcc, 0xcc, 0xcc, 0xcc, 0xcc, 0xcc, 0xcc, 0xcc, 0xcc, 0xcc,
  0x55, 0x48, 0x83, 0xec, 0x70, 0x48, 0x8d, 0x6c, 0x24, 0x70, 0x48, 0x89,
  0x4d, 0xf0, 0x48, 0x89, 0x55, 0xf8, 0x48, 0x8d, 0x45, 0xf0, 0x48, 0x89,
  0x45, 0xe0, 0x48, 0x8d, 0x05, 0x1f, 0xd3, 0xff, 0xff, 0x48, 0x89, 0x45,
  0xe8, 0x48, 0x8d, 0x05, 0x34, 0x20, 0x00, 0x00, 0x48, 0x89, 0x45, 0xb0,
  0x48, 0xc7, 0x45, 0xb8, 0x01, 0x00, 0x00, 0x00, 0x48, 0xc7, 0x45, 0xd0,
  0x00, 0x00, 0x00, 0x00, 0x48, 0x8d, 0x45, 0xe0, 0x48, 0x89, 0x45, 0xc0,
  0x48, 0xc7, 0x45, 0xc8, 0x01, 0x00, 0x00, 0x00, 0x48, 0x8d, 0x4d, 0xb0,
  0x4c, 0x89, 0xc2, 0xe8, 0x04, 0x00, 0x00, 0x00, 0xcc, 0xcc, 0xcc, 0xcc,
  0x55, 0x48, 0x83, 0xec, 0x40, 0x48, 0x8d, 0x6c, 0x24, 0x40, 0x48, 0x89,
  0x4d, 0xe8, 0x48, 0x89, 0x55, 0xf0, 0x66, 0xc7, 0x45, 0xf8, 0x01, 0x00,
  0x48, 0x8d, 0x4d, 0xe8, 0xe8, 0xbf, 0xa2, 0xff, 0xff, 0xcc, 0xcc, 0xcc,
  0xcc, 0xcc, 0xcc, 0xcc, 0xcc, 0xcc, 0xcc, 0xcc, 0xcc, 0xcc, 0xcc, 0xcc,
  0x55, 0x48, 0x83, 0xec, 0x70, 0x48, 0x8d, 0x6c, 0x24, 0x70, 0x48, 0x8b,
  0x41, 0x28, 0x48, 0x89, 0x45, 0xe0, 0x48, 0x8b, 0x41, 0x20, 0x48, 0x89,
  0x45, 0xd8, 0x48, 0x8b, 0x41, 0x18, 0x48, 0x89, 0x45, 0xd0, 0x48, 0x8b,
  0x41, 0x10, 0x48, 0x89, 0x45, 0xc8, 0x48, 0x8b, 0x01, 0x48, 0x8b, 0x49,
  0x08, 0x48, 0x89, 0x4d, 0xc0, 0x48, 0x89, 0x45, 0xb8, 0x48, 0x8d, 0x45,
  0xb8, 0x48, 0x89, 0x45, 0xe8, 0x4c, 0x89, 0x45, 0xf0, 0xc6, 0x45, 0xf8,
  0x00, 0x88, 0x55, 0xf9, 0x48, 0x8d, 0x4d, 0xe8, 0xe8, 0x5b, 0xa2, 0xff,
  0xff, 0xcc, 0xcc, 0xcc, 0xcc, 0xcc, 0xcc, 0xcc, 0xcc, 0xcc, 0xcc, 0xcc,
  0x55, 0x48, 0x83, 0xec, 0x60, 0x48, 0x8d, 0x6c, 0x24, 0x60, 0x48, 0x89,
  0x4d, 0xf0, 0x48, 0x89, 0x55, 0xf8, 0x48, 0x8d, 0x45, 0xf0, 0x48, 0x89,
  0x45, 0xc0, 0x48, 0xc7, 0x45, 0xc8, 0x01, 0x00, 0x00, 0x00, 0x48, 0xc7,
  0x45, 0xe0, 0x00, 0x00, 0x00, 0x00, 0x48, 0xc7, 0x45, 0xd0, 0x08, 0x00,
  0x00, 0x00, 0x48, 0xc7, 0x45, 0xd8, 0x00, 0x00, 0x00, 0x00, 0x48, 0x8d,
  0x4d, 0xc0, 0x4c, 0x89, 0xc2, 0xe8, 0x2a, 0xff, 0xff, 0xff, 0xcc, 0xcc,
  0xcc, 0xcc, 0xcc, 0xcc, 0xcc, 0xcc, 0xcc, 0xcc, 0x55, 0x48, 0x83, 0xec,
  0x60, 0x48, 0x8d, 0x6c, 0x24, 0x60, 0x48, 0x89, 0x4d, 0xf0, 0x48, 0x89,
  0x55, 0xf8, 0x48, 0x8d, 0x45, 0xf0, 0x48, 0x89, 0x45, 0xc0, 0x48, 0xc7,
  0x45, 0xc8, 0x01, 0x00, 0x00, 0x00, 0x48, 0xc7, 0x45, 0xe0, 0x00, 0x00,
  0x00, 0x00, 0x48, 0xc7, 0x45, 0xd0, 0x08, 0x00, 0x00, 0x00, 0x48, 0xc7,
  0x45, 0xd8, 0x00, 0x00, 0x00, 0x00, 0x4c, 0x8d, 0x05, 0x0f, 0x1f, 0x00,
  0x00, 0x48, 0x8d, 0x4d, 0xc0, 0x31, 0xd2, 0xe8, 0x04, 0xff, 0xff, 0xff,
  0x55, 0x48, 0x81, 0xec, 0x80, 0x00, 0x00, 0x00, 0x48, 0x8d, 0xac, 0x24,
  0x80, 0x00, 0x00, 0x00, 0x48, 0x8d, 0x45, 0xf8, 0x48, 0x89, 0x08, 0x48,
  0x8d, 0x4d, 0xf0, 0x48, 0x89, 0x11, 0x48, 0x8d, 0x55, 0xd0, 0x48, 0x89,
  0x0a, 0x4c, 0x8d, 0x0d, 0x18, 0xd0, 0xff, 0xff, 0x4c, 0x89, 0x4a, 0x08,
  0x4c, 0x8d, 0x15, 0x1d, 0x1f, 0x00, 0x00, 0x48, 0x8d, 0x4d, 0xa0, 0x4c,
  0x89, 0x11, 0x6a, 0x02, 0x41, 0x5a, 0x4c, 0x89, 0x51, 0x08, 0x48, 0x83,
  0x61, 0x20, 0x00, 0x48, 0x89, 0x42, 0x10, 0x4c, 0x89, 0x4a, 0x18, 0x48,
  0x89, 0x51, 0x10, 0x4c, 0x89, 0x51, 0x18, 0x4c, 0x89, 0xc2, 0xe8, 0x71,
  0xfe, 0xff, 0xff, 0xcc, 0x55, 0x48, 0x81, 0xec, 0x90, 0x00, 0x00, 0x00,
  0x48, 0x8d, 0xac, 0x24, 0x80, 0x00, 0x00, 0x00, 0x48, 0x8b, 0x45, 0x40,
  0x48, 0x89, 0x4d, 0x00, 0x48, 0x89, 0x55, 0x08, 0x4c, 0x89, 0x45, 0xf0,
  0x4c, 0x89, 0x4d, 0xf8, 0x48, 0x89, 0xe9, 0x48, 0x89, 0x4d, 0xd0, 0x48,
  0x8d, 0x0d, 0x1e, 0xd1, 0xff, 0xff, 0x48, 0x89, 0x4d, 0xd8, 0x48, 0x8d,
  0x4d, 0xf0, 0x48, 0x89, 0x4d, 0xe0, 0x48, 0x8d, 0x0d, 0xeb, 0xd0, 0xff,
  0xff, 0x48, 0x89, 0x4d, 0xe8, 0x48, 0x8d, 0x0d, 0xc8, 0x1e, 0x00, 0x00,
  0x48, 0x89, 0x4d, 0xa0, 0x48, 0xc7, 0x45, 0xa8, 0x02, 0x00, 0x00, 0x00,
  0x48, 0xc7, 0x45, 0xc0, 0x00, 0x00, 0x00, 0x00, 0x48, 0x8d, 0x4d, 0xd0,
  0x48, 0x89, 0x4d, 0xb0, 0x48, 0xc7, 0x45, 0xb8, 0x02, 0x00, 0x00, 0x00,
  0x48, 0x8d, 0x4d, 0xa0, 0x48, 0x89, 0xc2, 0xe8, 0xf0, 0xfd, 0xff, 0xff,
  0x55, 0x48, 0x83, 0xec, 0x20, 0x48, 0x8d, 0x6c, 0x24, 0x20, 0xe8, 0xe1,
  0x01, 0x00, 0x00, 0xcc, 0x55, 0x48, 0x83, 0xec, 0x20, 0x48, 0x8d, 0x6c,
  0x24, 0x20, 0xe8, 0x41, 0x02, 0x00, 0x00, 0xcc, 0x55, 0x48, 0x83, 0xec,
  0x50, 0x48, 0x8d, 0x6c, 0x24, 0x50, 0x48, 0x89, 0xca, 0x48, 0x8d, 0x05,
  0xbc, 0x1f, 0x00, 0x00, 0x48, 0x89, 0x45, 0xd0, 0x48, 0xc7, 0x45, 0xd8,
  0x01, 0x00, 0x00, 0x00, 0x48, 0xc7, 0x45, 0xf0, 0x00, 0x00, 0x00, 0x00,
  0x48, 0xc7, 0x45, 0xe0, 0x08, 0x00, 0x00, 0x00, 0x48, 0xc7, 0x45, 0xe8,
  0x00, 0x00, 0x00, 0x00, 0x48, 0x8d, 0x4d, 0xd0, 0xe8, 0x8f, 0xfd, 0xff,
  0xff, 0xcc, 0xcc, 0xcc, 0xcc, 0xcc, 0xcc, 0xcc, 0xcc, 0xcc, 0xcc, 0xcc,
  0xcc, 0xcc, 0xcc, 0xcc, 0x55, 0x48, 0x81, 0xec, 0xa0, 0x00, 0x00, 0x00,
  0x48, 0x8d, 0xac, 0x24, 0x80, 0x00, 0x00, 0x00, 0x89, 0x4d, 0x1c, 0x48,
  0x89, 0x55, 0x10, 0x4c, 0x89, 0x45, 0x08, 0x48, 0x8d, 0x45, 0x10, 0x48,
  0x89, 0x45, 0xa8, 0x48, 0x8d, 0x05, 0xc6, 0xce, 0xff, 0xff, 0x48, 0x89,
  0x45, 0xb0, 0x48, 0x8d, 0x4d, 0x1c, 0x48, 0x89, 0x4d, 0xb8, 0x48, 0x8d,
  0x0d, 0x23, 0xce, 0xff, 0xff, 0x48, 0x89, 0x4d, 0xc0, 0x48, 0x8d, 0x4d,
  0x08, 0x48, 0x89, 0x4d, 0xc8, 0x48, 0x89, 0x45, 0xd0, 0x48, 0x8d, 0x05,
  0x7c, 0x1f, 0x00, 0x00, 0x48, 0x89, 0x45, 0xd8, 0x48, 0xc7, 0x45, 0xe0,
  0x03, 0x00, 0x00, 0x00, 0x48, 0x8d, 0x05, 0x99, 0x1f, 0x00, 0x00, 0x48,
  0x89, 0x45, 0xf8, 0x48, 0xc7, 0x45, 0x00, 0x03, 0x00, 0x00, 0x00, 0x48,
  0x8d, 0x45, 0xa8, 0x48, 0x89, 0x45, 0xe8, 0x48, 0xc7, 0x45, 0xf0, 0x03,
  0x00, 0x00, 0x00, 0x48, 0x8d, 0x4d, 0xd8, 0x4c, 0x89, 0xca, 0xe8, 0xf1,
  0xfc, 0xff, 0xff, 0xcc, 0x55, 0x48, 0x83, 0xec, 0x50, 0x48, 0x8d, 0x6c,
  0x24, 0x50, 0x48, 0x89, 0xca, 0x48, 0x8d, 0x05, 0x94, 0x1c, 0x00, 0x00,
  0x48, 0x89, 0x45, 0xd0, 0x48, 0xc7, 0x45, 0xd8, 0x01, 0x00, 0x00, 0x00,
  0x48, 0xc7, 0x45, 0xf0, 0x00, 0x00, 0x00, 0x00, 0x48, 0xc7, 0x45, 0xe0,
  0x08, 0x00, 0x00, 0x00, 0x48, 0xc7, 0x45, 0xe8, 0x00, 0x00, 0x00, 0x00,
  0x48, 0x8d, 0x4d, 0xd0, 0xe8, 0xaf, 0xfc, 0xff, 0xff, 0xcc, 0xcc, 0xcc,
  0xcc, 0xcc, 0xcc, 0xcc, 0xcc, 0xcc, 0xcc, 0xcc, 0xcc, 0xcc, 0xcc, 0xcc,
  0x55, 0x48, 0x83, 0xec, 0x50, 0x48, 0x8d, 0x6c, 0x24, 0x50, 0x48, 0x89,
  0xca, 0x48, 0x8d, 0x05, 0x7c, 0x1c, 0x00, 0x00, 0x48, 0x89, 0x45, 0xd0,
  0x48, 0xc7, 0x45, 0xd8, 0x01, 0x00, 0x00, 0x00, 0x48, 0xc7, 0x45, 0xf0,
  0x00, 0x00, 0x00, 0x00, 0x48, 0xc7, 0x45, 0xe0, 0x08, 0x00, 0x00, 0x00,
  0x48, 0xc7, 0x45, 0xe8, 0x00, 0x00, 0x00, 0x00, 0x48, 0x8d, 0x4d, 0xd0,
  0xe8, 0x5f, 0xfc, 0xff, 0xff, 0xcc, 0xcc, 0xcc, 0xcc, 0xcc, 0xcc, 0xcc,
  0xcc, 0xcc, 0xcc, 0xcc, 0xcc, 0xcc, 0xcc, 0xcc, 0x55, 0x48, 0x83, 0xec,
  0x50, 0x48, 0x8d, 0x6c, 0x24, 0x50, 0x48, 0x89, 0xca, 0x48, 0x8d, 0x05,
  0x6c, 0x1f, 0x00, 0x00, 0x48, 0x89, 0x45, 0xd0, 0x48, 0xc7, 0x45, 0xd8,
  0x01, 0x00, 0x00, 0x00, 0x48, 0xc7, 0x45, 0xf0, 0x00, 0x00, 0x00, 0x00,
  0x48, 0xc7, 0x45, 0xe0, 0x08, 0x00, 0x00, 0x00, 0x48, 0xc7, 0x45, 0xe8,
  0x00, 0x00, 0x00, 0x00, 0x48, 0x8d, 0x4d, 0xd0, 0xe8, 0x0f, 0xfc, 0xff,
  0xff, 0xcc, 0xcc, 0xcc, 0xcc, 0xcc, 0xcc, 0xcc, 0xcc, 0xcc, 0xcc, 0xcc,
  0xcc, 0xcc, 0xcc, 0xcc, 0x55, 0x48, 0x81, 0xec, 0x80, 0x00, 0x00, 0x00,
  0x48, 0x8d, 0xac, 0x24, 0x80, 0x00, 0x00, 0x00, 0x48, 0x89, 0x4d, 0xf8,
  0x48, 0x89, 0x55, 0xf0, 0x48, 0x8d, 0x45, 0xf8, 0x48, 0x89, 0x45, 0xd0,
  0x48, 0x8d, 0x05, 0x49, 0xcd, 0xff, 0xff, 0x48, 0x89, 0x45, 0xd8, 0x48,
  0x8d, 0x4d, 0xf0, 0x48, 0x89, 0x4d, 0xe0, 0x48, 0x89, 0x45, 0xe8, 0x48,
  0x8d, 0x05, 0x3a, 0x1f, 0x00, 0x00, 0x48, 0x89, 0x45, 0xa0, 0x48, 0xc7,
  0x45, 0xa8, 0x02, 0x00, 0x00, 0x00, 0x48, 0xc7, 0x45, 0xc0, 0x00, 0x00,
  0x00, 0x00, 0x48, 0x8d, 0x45, 0xd0, 0x48, 0x89, 0x45, 0xb0, 0x48, 0xc7,
  0x45, 0xb8, 0x02, 0x00, 0x00, 0x00, 0x48, 0x8d, 0x4d, 0xa0, 0x4c, 0x89,
  0xc2, 0xe8, 0x92, 0xfb, 0xff, 0xff, 0xcc, 0xcc, 0x55, 0x48, 0x81, 0xec,
  0x80, 0x00, 0x00, 0x00, 0x48, 0x8d, 0xac, 0x24, 0x80, 0x00, 0x00, 0x00,
  0x48, 0x89, 0x4d, 0xf8, 0x48, 0x89, 0x55, 0xf0, 0x48, 0x8d, 0x45, 0xf8,
  0x48, 0x89, 0x45, 0xd0, 0x48, 0x8d, 0x05, 0xd9, 0xcc, 0xff, 0xff, 0x48,
  0x89, 0x45, 0xd8, 0x48, 0x8d, 0x4d, 0xf0, 0x48, 0x89, 0x4d, 0xe0, 0x48,
  0x89, 0x45, 0xe8, 0x48, 0x8d, 0x05, 0x12, 0x1f, 0x00, 0x00, 0x48, 0x89,
  0x45, 0xa0, 0x48, 0xc7, 0x45, 0xa8, 0x02, 0x00, 0x00, 0x00, 0x48, 0xc7,
  0x45, 0xc0, 0x00, 0x00, 0x00, 0x00, 0x48, 0x8d, 0x45, 0xd0, 0x48, 0x89,
  0x45, 0xb0, 0x48, 0xc7, 0x45, 0xb8, 0x02, 0x00, 0x00, 0x00, 0x48, 0x8d,
  0x4d, 0xa0, 0x4c, 0x89, 0xc2, 0xe8, 0x22, 0xfb, 0xff, 0xff, 0xcc, 0xcc,
  0x00, 0x00, 0x00, 0x00, 0x00, 0x00, 0x00, 0x00, 0x08, 0x00, 0x00, 0x00,
  0x00, 0x00, 0x00, 0x00, 0x08, 0x00, 0x00, 0x00, 0x00, 0x00, 0x00, 0x00,
  0xc0, 0x28, 0x00, 0x40, 0x01, 0x00, 0x00, 0x00, 0x63, 0x61, 0x6c, 0x6c,
  0x65, 0x64, 0x20, 0x60, 0x52, 0x65, 0x73, 0x75, 0x6c, 0x74, 0x3a, 0x3a,
  0x75, 0x6e, 0x77, 0x72, 0x61, 0x70, 0x28, 0x29, 0x60, 0x20, 0x6f, 0x6e,
  0x20, 0x61, 0x6e, 0x20, 0x60, 0x45, 0x72, 0x72, 0x60, 0x20, 0x76, 0x61,
  0x6c, 0x75, 0x65, 0x6f, 0x75, 0x75, 0x75, 0x20, 0x73, 0x68, 0x69, 0x69,
  0x69, 0x69, 0x69, 0x0a, 0x4b, 0x80, 0x00, 0x40, 0x01, 0x00, 0x00, 0x00,
  0x0d, 0x00, 0x00, 0x00, 0x00, 0x00, 0x00, 0x00, 0x73, 0x72, 0x63, 0x5c,
  0x6d, 0x61, 0x69, 0x6e, 0x2e, 0x72, 0x73, 0x00, 0x00, 0x00, 0x00, 0x00,
  0x68, 0x80, 0x00, 0x40, 0x01, 0x00, 0x00, 0x00, 0x0b, 0x00, 0x00, 0x00,
  0x00, 0x00, 0x00, 0x00, 0x09, 0x00, 0x00, 0x00, 0x1b, 0x00, 0x00, 0x00,
  0x48, 0x65, 0x6c, 0x6c, 0x6f, 0x20, 0x66, 0x72, 0x6f, 0x6d, 0x20, 0x55,
  0x45, 0x46, 0x49, 0x21, 0x0a, 0x00, 0x00, 0x00, 0x00, 0x00, 0x00, 0x00,
  0x90, 0x80, 0x00, 0x40, 0x01, 0x00, 0x00, 0x00, 0x11, 0x00, 0x00, 0x00,
  0x00, 0x00, 0x00, 0x00, 0x75, 0x6e, 0x73, 0x61, 0x66, 0x65, 0x20, 0x70,
  0x72, 0x65, 0x63, 0x6f, 0x6e, 0x64, 0x69, 0x74, 0x69, 0x6f, 0x6e, 0x28,
  0x73, 0x29, 0x20, 0x76, 0x69, 0x6f, 0x6c, 0x61, 0x74, 0x65, 0x64, 0x3a,
  0x20, 0x4e, 0x6f, 0x6e, 0x4e, 0x75, 0x6c, 0x6c, 0x3a, 0x3a, 0x6e, 0x65,
  0x77, 0x5f, 0x75, 0x6e, 0x63, 0x68, 0x65, 0x63, 0x6b, 0x65, 0x64, 0x20,
  0x72, 0x65, 0x71, 0x75, 0x69, 0x72, 0x65, 0x73, 0x20, 0x74, 0x68, 0x61,
  0x74, 0x20, 0x74, 0x68, 0x65, 0x20, 0x70, 0x6f, 0x69, 0x6e, 0x74, 0x65,
  0x72, 0x20, 0x69, 0x73, 0x20, 0x6e, 0x6f, 0x6e, 0x2d, 0x6e, 0x75, 0x6c,
  0x6c, 0x0a, 0x0a, 0x54, 0x68, 0x69, 0x73, 0x20, 0x69, 0x6e, 0x64, 0x69,
  0x63, 0x61, 0x74, 0x65, 0x73, 0x20, 0x61, 0x20, 0x62, 0x75, 0x67, 0x20,
  0x69, 0x6e, 0x20, 0x74, 0x68, 0x65, 0x20, 0x70, 0x72, 0x6f, 0x67, 0x72,
  0x61, 0x6d, 0x2e, 0x20, 0x54, 0x68, 0x69, 0x73, 0x20, 0x55, 0x6e, 0x64,
  0x65, 0x66, 0x69, 0x6e, 0x65, 0x64, 0x20, 0x42, 0x65, 0x68, 0x61, 0x76,
  0x69, 0x6f, 0x72, 0x20, 0x63, 0x68, 0x65, 0x63, 0x6b, 0x20, 0x69, 0x73,
  0x20, 0x6f, 0x70, 0x74, 0x69, 0x6f, 0x6e, 0x61, 0x6c, 0x2c, 0x20, 0x61,
  0x6e, 0x64, 0x20, 0x63, 0x61, 0x6e, 0x6e, 0x6f, 0x74, 0x20, 0x62, 0x65,
  0x20, 0x72, 0x65, 0x6c, 0x69, 0x65, 0x64, 0x20, 0x6f, 0x6e, 0x20, 0x66,
  0x6f, 0x72, 0x20, 0x73, 0x61, 0x66, 0x65, 0x74, 0x79, 0x2e, 0x74, 0x68,
  0x65, 0x72, 0x65, 0x20, 0x69, 0x73, 0x20, 0x6e, 0x6f, 0x20, 0x73, 0x75,
  0x63, 0x68, 0x20, 0x74, 0x68, 0x69, 0x6e, 0x67, 0x20, 0x61, 0x73, 0x20,
  0x61, 0x6e, 0x20, 0x61, 0x63, 0x71, 0x75, 0x69, 0x72, 0x65, 0x2d, 0x72,
  0x65, 0x6c, 0x65, 0x61, 0x73, 0x65, 0x20, 0x6c, 0x6f, 0x61, 0x64, 0x00,
  0x00, 0x00, 0x00, 0x00, 0x8a, 0x81, 0x00, 0x40, 0x01, 0x00, 0x00, 0x00,
  0x31, 0x00, 0x00, 0x00, 0x00, 0x00, 0x00, 0x00, 0x74, 0x68, 0x65, 0x72,
  0x65, 0x20, 0x69, 0x73, 0x20, 0x6e, 0x6f, 0x20, 0x73, 0x75, 0x63, 0x68,
  0x20, 0x74, 0x68, 0x69, 0x6e, 0x67, 0x20, 0x61, 0x73, 0x20, 0x61, 0x20,
  0x72, 0x65, 0x6c, 0x65, 0x61, 0x73, 0x65, 0x20, 0x6c, 0x6f, 0x61, 0x64,
  0xd0, 0x81, 0x00, 0x40, 0x01, 0x00, 0x00, 0x00, 0x28, 0x00, 0x00, 0x00,
  0x00, 0x00, 0x00, 0x00, 0x00, 0x00, 0x00, 0x00, 0x00, 0x00, 0x00, 0x00,
  0x00, 0x00, 0x00, 0x00, 0x00, 0x00, 0x00, 0x00, 0x43, 0x3a, 0x5c, 0x55,
  0x73, 0x65, 0x72, 0x73, 0x5c, 0x79, 0x75, 0x68, 0x5c, 0x2e, 0x72, 0x75,
  0x73, 0x74, 0x75, 0x70, 0x5c, 0x74, 0x6f, 0x6f, 0x6c, 0x63, 0x68, 0x61,
  0x69, 0x6e, 0x73, 0x5c, 0x73, 0x74, 0x61, 0x62, 0x6c, 0x65, 0x2d, 0x78,
  0x38, 0x36, 0x5f, 0x36, 0x34, 0x2d, 0x70, 0x63, 0x2d, 0x77, 0x69, 0x6e,
  0x64, 0x6f, 0x77, 0x73, 0x2d, 0x6d, 0x73, 0x76, 0x63, 0x5c, 0x6c, 0x69,
  0x62, 0x2f, 0x72, 0x75, 0x73, 0x74, 0x6c, 0x69, 0x62, 0x2f, 0x73, 0x72,
  0x63, 0x2f, 0x72, 0x75, 0x73, 0x74, 0x5c, 0x6c, 0x69, 0x62, 0x72, 0x61,
  0x72, 0x79, 0x2f, 0x63, 0x6f, 0x72, 0x65, 0x2f, 0x73, 0x72, 0x63, 0x2f,
  0x73, 0x79, 0x6e, 0x63, 0x2f, 0x61, 0x74, 0x6f, 0x6d, 0x69, 0x63, 0x2e,
  0x72, 0x73, 0x00, 0x00, 0x00, 0x00, 0x00, 0x00, 0x18, 0x82, 0x00, 0x40,
  0x01, 0x00, 0x00, 0x00, 0x72, 0x00, 0x00, 0x00, 0x00, 0x00, 0x00, 0x00,
  0xf8, 0x0e, 0x00, 0x00, 0x18, 0x00, 0x00, 0x00, 0x18, 0x82, 0x00, 0x40,
  0x01, 0x00, 0x00, 0x00, 0x72, 0x00, 0x00, 0x00, 0x00, 0x00, 0x00, 0x00,
  0xf9, 0x0e, 0x00, 0x00, 0x17, 0x00, 0x00, 0x00, 0x74, 0x68, 0x65, 0x72,
  0x65, 0x20, 0x69, 0x73, 0x20, 0x6e, 0x6f, 0x20, 0x73, 0x75, 0x63, 0x68,
  0x20, 0x74, 0x68, 0x69, 0x6e, 0x67, 0x20, 0x61, 0x73, 0x20, 0x61, 0x6e,
  0x20, 0x61, 0x63, 0x71, 0x75, 0x69, 0x72, 0x65, 0x2d, 0x72, 0x65, 0x6c,
  0x65, 0x61, 0x73, 0x65, 0x20, 0x73, 0x74, 0x6f, 0x72, 0x65, 0x00, 0x00,
  0x00, 0x00, 0x00, 0x00, 0xc0, 0x82, 0x00, 0x40, 0x01, 0x00, 0x00, 0x00,
  0x32, 0x00, 0x00, 0x00, 0x00, 0x00, 0x00, 0x00, 0x74, 0x68, 0x65, 0x72,
  0x65, 0x20, 0x69, 0x73, 0x20, 0x6e, 0x6f, 0x20, 0x73, 0x75, 0x63, 0x68,
  0x20, 0x74, 0x68, 0x69, 0x6e, 0x67, 0x20, 0x61, 0x73, 0x20, 0x61, 0x6e,
  0x20, 0x61, 0x63, 0x71, 0x75, 0x69, 0x72, 0x65, 0x20, 0x73, 0x74, 0x6f,
  0x72, 0x65, 0x00, 0x00, 0x00, 0x00, 0x00, 0x00, 0x08, 0x83, 0x00, 0x40,
  0x01, 0x00, 0x00, 0x00, 0x2a, 0x00, 0x00, 0x00, 0x00, 0x00, 0x00, 0x00,
  0x18, 0x82, 0x00, 0x40, 0x01, 0x00, 0x00, 0x00, 0x72, 0x00, 0x00, 0x00,
  0x00, 0x00, 0x00, 0x00, 0xe9, 0x0e, 0x00, 0x00, 0x18, 0x00, 0x00, 0x00,
  0x18, 0x82, 0x00, 0x40, 0x01, 0x00, 0x00, 0x00, 0x72, 0x00, 0x00, 0x00,
  0x00, 0x00, 0x00, 0x00, 0xea, 0x0e, 0x00, 0x00, 0x17, 0x00, 0x00, 0x00,
  0x67, 0x6c, 0x6f, 0x62, 0x61, 0x6c, 0x20, 0x73, 0x79, 0x73, 0x74, 0x65,
  0x6d, 0x20, 0x74, 0x61, 0x62, 0x6c, 0x65, 0x20, 0x70, 0x6f, 0x69, 0x6e,
  0x74, 0x65, 0x72, 0x20, 0x69, 0x73, 0x20, 0x6e, 0x6f, 0x74, 0x20, 0x73,
  0x65, 0x74, 0x00, 0x00, 0x28, 0x93, 0xff, 0xff, 0x3a, 0x93, 0xff, 0xff,
  0x8b, 0x93, 0xff, 0xff, 0x9a, 0x93, 0xff, 0xff, 0xf4, 0x93, 0xff, 0xff,
  0x63, 0x94, 0xff, 0xff, 0x75, 0x94, 0xff, 0xff, 0x87, 0x94, 0xff, 0xff,
  0xd8, 0x94, 0xff, 0xff, 0x35, 0x95, 0xff, 0xff, 0x9f, 0x95, 0xff, 0xff,
  0xb1, 0x95, 0xff, 0xff, 0xc3, 0x95, 0xff, 0xff, 0x14, 0x96, 0xff, 0xff,
  0x71, 0x96, 0xff, 0xff, 0x43, 0x3a, 0x5c, 0x55, 0x73, 0x65, 0x72, 0x73,
  0x5c, 0x79, 0x75, 0x68, 0x5c, 0x2e, 0x72, 0x75, 0x73, 0x74, 0x75, 0x70,
  0x5c, 0x74, 0x6f, 0x6f, 0x6c, 0x63, 0x68, 0x61, 0x69, 0x6e, 0x73, 0x5c,
  0x73, 0x74, 0x61, 0x62, 0x6c, 0x65, 0x2d, 0x78, 0x38, 0x36, 0x5f, 0x36,
  0x34, 0x2d, 0x70, 0x63, 0x2d, 0x77, 0x69, 0x6e, 0x64, 0x6f, 0x77, 0x73,
  0x2d, 0x6d, 0x73, 0x76, 0x63, 0x5c, 0x6c, 0x69, 0x62, 0x2f, 0x72, 0x75,
  0x73, 0x74, 0x6c, 0x69, 0x62, 0x2f, 0x73, 0x72, 0x63, 0x2f, 0x72, 0x75,
  0x73, 0x74, 0x5c, 0x6c, 0x69, 0x62, 0x72, 0x61, 0x72, 0x79, 0x2f, 0x63,
  0x6f, 0x72, 0x65, 0x2f, 0x73, 0x72, 0x63, 0x2f, 0x69, 0x74, 0x65, 0x72,
  0x2f, 0x61, 0x64, 0x61, 0x70, 0x74, 0x65, 0x72, 0x73, 0x2f, 0x65, 0x6e,
  0x75, 0x6d, 0x65, 0x72, 0x61, 0x74, 0x65, 0x2e, 0x72, 0x73, 0x00, 0x00,
  0x00, 0x00, 0x00, 0x00, 0xdc, 0x83, 0x00, 0x40, 0x01, 0x00, 0x00, 0x00,
  0x7e, 0x00, 0x00, 0x00, 0x00, 0x00, 0x00, 0x00, 0x52, 0x00, 0x00, 0x00,
  0x09, 0x00, 0x00, 0x00, 0x43, 0x3a, 0x5c, 0x55, 0x73, 0x65, 0x72, 0x73,
  0x5c, 0x79, 0x75, 0x68, 0x5c, 0x2e, 0x72, 0x75, 0x73, 0x74, 0x75, 0x70,
  0x5c, 0x74, 0x6f, 0x6f, 0x6c, 0x63, 0x68, 0x61, 0x69, 0x6e, 0x73, 0x5c,
  0x73, 0x74, 0x61, 0x62, 0x6c, 0x65, 0x2d, 0x78, 0x38, 0x36, 0x5f, 0x36,
  0x34, 0x2d, 0x70, 0x63, 0x2d, 0x77, 0x69, 0x6e, 0x64, 0x6f, 0x77, 0x73,
  0x2d, 0x6d, 0x73, 0x76, 0x63, 0x5c, 0x6c, 0x69, 0x62, 0x2f, 0x72, 0x75,
  0x73, 0x74, 0x6c, 0x69, 0x62, 0x2f, 0x73, 0x72, 0x63, 0x2f, 0x72, 0x75,
  0x73, 0x74, 0x5c, 0x6c, 0x69, 0x62, 0x72, 0x61, 0x72, 0x79, 0x2f, 0x63,
  0x6f, 0x72, 0x65, 0x2f, 0x73, 0x72, 0x63, 0x2f, 0x63, 0x68, 0x61, 0x72,
  0x2f, 0x6d, 0x65, 0x74, 0x68, 0x6f, 0x64, 0x73, 0x2e, 0x72, 0x73, 0x00,
  0x00, 0x00, 0x00, 0x00, 0x78, 0x84, 0x00, 0x40, 0x01, 0x00, 0x00, 0x00,
  0x73, 0x00, 0x00, 0x00, 0x00, 0x00, 0x00, 0x00, 0x12, 0x07, 0x00, 0x00,
  0x09, 0x00, 0x00, 0x00, 0x6b, 0x65, 0x79, 0x2d, 0x76, 0x61, 0x6c, 0x75,
  0x65, 0x20, 0x73, 0x75, 0x70, 0x70, 0x6f, 0x72, 0x74, 0x20, 0x69, 0x73,
  0x20, 0x65, 0x78, 0x70, 0x65, 0x72, 0x69, 0x6d, 0x65, 0x6e, 0x74, 0x61,
  0x6c, 0x20, 0x61, 0x6e, 0x64, 0x20, 0x6d, 0x75, 0x73, 0x74, 0x20, 0x62,
  0x65, 0x20, 0x65, 0x6e, 0x61, 0x62, 0x6c, 0x65, 0x64, 0x20, 0x75, 0x73,
  0x69, 0x6e, 0x67, 0x20, 0x74, 0x68, 0x65, 0x20, 0x60, 0x6b, 0x76, 0x60,
  0x20, 0x66, 0x65, 0x61, 0x74, 0x75, 0x72, 0x65, 0x00, 0x00, 0x00, 0x00,
  0x08, 0x85, 0x00, 0x40, 0x01, 0x00, 0x00, 0x00, 0x4c, 0x00, 0x00, 0x00,
  0x00, 0x00, 0x00, 0x00, 0x43, 0x3a, 0x5c, 0x55, 0x73, 0x65, 0x72, 0x73,
  0x5c, 0x79, 0x75, 0x68, 0x5c, 0x2e, 0x63, 0x61, 0x72, 0x67, 0x6f, 0x5c,
  0x72, 0x65, 0x67, 0x69, 0x73, 0x74, 0x72, 0x79, 0x5c, 0x73, 0x72, 0x63,
  0x5c, 0x69, 0x6e, 0x64, 0x65, 0x78, 0x2e, 0x63, 0x72, 0x61, 0x74, 0x65,
  0x73, 0x2e, 0x69, 0x6f, 0x2d, 0x31, 0x39, 0x34, 0x39, 0x63, 0x66, 0x38,
  0x63, 0x36, 0x62, 0x35, 0x62, 0x35, 0x35, 0x37, 0x66, 0x5c, 0x6c, 0x6f,
  0x67, 0x2d, 0x30, 0x2e, 0x34, 0x2e, 0x33, 0x34, 0x5c, 0x73, 0x72, 0x63,
  0x5c, 0x5f, 0x5f, 0x70, 0x72, 0x69, 0x76, 0x61, 0x74, 0x65, 0x5f, 0x61,
  0x70, 0x69, 0x2e, 0x72, 0x73, 0x00, 0x00, 0x00, 0x00, 0x00, 0x00, 0x00,
  0x68, 0x85, 0x00, 0x40, 0x01, 0x00, 0x00, 0x00, 0x61, 0x00, 0x00, 0x00,
  0x00, 0x00, 0x00, 0x00, 0x43, 0x00, 0x00, 0x00, 0x09, 0x00, 0x00, 0x00,
  0x69, 0x73, 0x5f, 0x61, 0x6c, 0x69, 0x67, 0x6e, 0x65, 0x64, 0x5f, 0x74,
  0x6f, 0x3a, 0x20, 0x61, 0x6c, 0x69, 0x67, 0x6e, 0x20, 0x69, 0x73, 0x20,
  0x6e, 0x6f, 0x74, 0x20, 0x61, 0x20, 0x70, 0x6f, 0x77, 0x65, 0x72, 0x2d,
  0x6f, 0x66, 0x2d, 0x74, 0x77, 0x6f, 0x00, 0x00, 0x00, 0x00, 0x00, 0x00,
  0xe8, 0x85, 0x00, 0x40, 0x01, 0x00, 0x00, 0x00, 0x2a, 0x00, 0x00, 0x00,
  0x00, 0x00, 0x00, 0x00, 0x43, 0x3a, 0x5c, 0x55, 0x73, 0x65, 0x72, 0x73,
  0x5c, 0x79, 0x75, 0x68, 0x5c, 0x2e, 0x72, 0x75, 0x73, 0x74, 0x75, 0x70,
  0x5c, 0x74, 0x6f, 0x6f, 0x6c, 0x63, 0x68, 0x61, 0x69, 0x6e, 0x73, 0x5c,
  0x73, 0x74, 0x61, 0x62, 0x6c, 0x65, 0x2d, 0x78, 0x38, 0x36, 0x5f, 0x36,
  0x34, 0x2d, 0x70, 0x63, 0x2d, 0x77, 0x69, 0x6e, 0x64, 0x6f, 0x77, 0x73,
  0x2d, 0x6d, 0x73, 0x76, 0x63, 0x5c, 0x6c, 0x69, 0x62, 0x2f, 0x72, 0x75,
  0x73, 0x74, 0x6c, 0x69, 0x62, 0x2f, 0x73, 0x72, 0x63, 0x2f, 0x72, 0x75,
  0x73, 0x74, 0x5c, 0x6c, 0x69, 0x62, 0x72, 0x61, 0x72, 0x79, 0x2f, 0x63,
  0x6f, 0x72, 0x65, 0x2f, 0x73, 0x72, 0x63, 0x2f, 0x75, 0x62, 0x5f, 0x63,
  0x68, 0x65, 0x63, 0x6b, 0x73, 0x2e, 0x72, 0x73, 0x28, 0x86, 0x00, 0x40,
  0x01, 0x00, 0x00, 0x00, 0x70, 0x00, 0x00, 0x00, 0x00, 0x00, 0x00, 0x00,
  0x86, 0x00, 0x00, 0x00, 0x36, 0x00, 0x00, 0x00, 0x00, 0x00, 0x00, 0x00,
  0x00, 0x00, 0x00, 0x00, 0x00, 0x00, 0x00, 0x00, 0x00, 0x00, 0x00, 0x00,
  0x43, 0x3a, 0x5c, 0x55, 0x73, 0x65, 0x72, 0x73, 0x5c, 0x79, 0x75, 0x68,
  0x5c, 0x2e, 0x72, 0x75, 0x73, 0x74, 0x75, 0x70, 0x5c, 0x74, 0x6f, 0x6f,
  0x6c, 0x63, 0x68, 0x61, 0x69, 0x6e, 0x73, 0x5c, 0x73, 0x74, 0x61, 0x62,
  0x6c, 0x65, 0x2d, 0x78, 0x38, 0x36, 0x5f, 0x36, 0x34, 0x2d, 0x70, 0x63,
  0x2d, 0x77, 0x69, 0x6e, 0x64, 0x6f, 0x77, 0x73, 0x2d, 0x6d, 0x73, 0x76,
  0x63, 0x5c, 0x6c, 0x69, 0x62, 0x2f, 0x72, 0x75, 0x73, 0x74, 0x6c, 0x69,
  0x62, 0x2f, 0x73, 0x72, 0x63, 0x2f, 0x72, 0x75, 0x73, 0x74, 0x5c, 0x6c,
  0x69, 0x62, 0x72, 0x61, 0x72, 0x79, 0x2f, 0x63, 0x6f, 0x72, 0x65, 0x2f,
  0x73, 0x72, 0x63, 0x2f, 0x70, 0x74, 0x72, 0x2f, 0x63, 0x6f, 0x6e, 0x73,
  0x74, 0x5f, 0x70, 0x74, 0x72, 0x2e, 0x72, 0x73, 0x00, 0x00, 0x00, 0x00,
  0xc0, 0x86, 0x00, 0x40, 0x01, 0x00, 0x00, 0x00, 0x74, 0x00, 0x00, 0x00,
  0x00, 0x00, 0x00, 0x00, 0xc4, 0x05, 0x00, 0x00, 0x0d, 0x00, 0x00, 0x00,
  0x75, 0x6e, 0x73, 0x61, 0x66, 0x65, 0x20, 0x70, 0x72, 0x65, 0x63, 0x6f,
  0x6e, 0x64, 0x69, 0x74, 0x69, 0x6f, 0x6e, 0x28, 0x73, 0x29, 0x20, 0x76,
  0x69, 0x6f, 0x6c, 0x61, 0x74, 0x65, 0x64, 0x3a, 0x20, 0x73, 0x6c, 0x69,
  0x63, 0x65, 0x3a, 0x3a, 0x66, 0x72, 0x6f, 0x6d, 0x5f, 0x72, 0x61, 0x77,
  0x5f, 0x70, 0x61, 0x72, 0x74, 0x73, 0x5f, 0x6d, 0x75, 0x74, 0x20, 0x72,
  0x65, 0x71, 0x75, 0x69, 0x72, 0x65, 0x73, 0x20, 0x74, 0x68, 0x65, 0x20,
  0x70, 0x6f, 0x69, 0x6e, 0x74, 0x65, 0x72, 0x20, 0x74, 0x6f, 0x20, 0x62,
  0x65, 0x20, 0x61, 0x6c, 0x69, 0x67, 0x6e, 0x65, 0x64, 0x20, 0x61, 0x6e,
  0x64, 0x20, 0x6e, 0x6f, 0x6e, 0x2d, 0x6e, 0x75, 0x6c, 0x6c, 0x2c, 0x20,
  0x61, 0x6e, 0x64, 0x20, 0x74, 0x68, 0x65, 0x20, 0x74, 0x6f, 0x74, 0x61,
  0x6c, 0x20, 0x73, 0x69, 0x7a, 0x65, 0x20, 0x6f, 0x66, 0x20, 0x74, 0x68,
  0x65, 0x20, 0x73, 0x6c, 0x69, 0x63, 0x65, 0x20, 0x6e, 0x6f, 0x74, 0x20,
  0x74, 0x6f, 0x20, 0x65, 0x78, 0x63, 0x65, 0x65, 0x64, 0x20, 0x60, 0x69,
  0x73, 0x69, 0x7a, 0x65, 0x3a, 0x3a, 0x4d, 0x41, 0x58, 0x60, 0x0a, 0x0a,
  0x54, 0x68, 0x69, 0x73, 0x20, 0x69, 0x6e, 0x64, 0x69, 0x63, 0x61, 0x74,
  0x65, 0x73, 0x20, 0x61, 0x20, 0x62, 0x75, 0x67, 0x20, 0x69, 0x6e, 0x20,
  0x74, 0x68, 0x65, 0x20, 0x70, 0x72, 0x6f, 0x67, 0x72, 0x61, 0x6d, 0x2e,
  0x20, 0x54, 0x68, 0x69, 0x73, 0x20, 0x55, 0x6e, 0x64, 0x65, 0x66, 0x69,
  0x6e, 0x65, 0x64, 0x20, 0x42, 0x65, 0x68, 0x61, 0x76, 0x69, 0x6f, 0x72,
  0x20, 0x63, 0x68, 0x65, 0x63, 0x6b, 0x20, 0x69, 0x73, 0x20, 0x6f, 0x70,
  0x74, 0x69, 0x6f, 0x6e, 0x61, 0x6c, 0x2c, 0x20, 0x61, 0x6e, 0x64, 0x20,
  0x63, 0x61, 0x6e, 0x6e, 0x6f, 0x74, 0x20, 0x62, 0x65, 0x20, 0x72, 0x65,
  0x6c, 0x69, 0x65, 0x64, 0x20, 0x6f, 0x6e, 0x20, 0x66, 0x6f, 0x72, 0x20,
  0x73, 0x61, 0x66, 0x65, 0x74, 0x79, 0x2e, 0x43, 0x3a, 0x5c, 0x55, 0x73,
  0x65, 0x72, 0x73, 0x5c, 0x79, 0x75, 0x68, 0x5c, 0x2e, 0x63, 0x61, 0x72,
  0x67, 0x6f, 0x5c, 0x72, 0x65, 0x67, 0x69, 0x73, 0x74, 0x72, 0x79, 0x5c,
  0x73, 0x72, 0x63, 0x5c, 0x69, 0x6e, 0x64, 0x65, 0x78, 0x2e, 0x63, 0x72,
  0x61, 0x74, 0x65, 0x73, 0x2e, 0x69, 0x6f, 0x2d, 0x31, 0x39, 0x34, 0x39,
  0x63, 0x66, 0x38, 0x63, 0x36, 0x62, 0x35, 0x62, 0x35, 0x35, 0x37, 0x66,
  0x5c, 0x75, 0x63, 0x73, 0x32, 0x2d, 0x30, 0x2e, 0x33, 0x2e, 0x33, 0x5c,
  0x73, 0x72, 0x63, 0x5c, 0x6c, 0x69, 0x62, 0x2e, 0x72, 0x73, 0x00, 0x00,
  0x00, 0x00, 0x00, 0x00, 0x6b, 0x88, 0x00, 0x40, 0x01, 0x00, 0x00, 0x00,
  0x57, 0x00, 0x00, 0x00, 0x00, 0x00, 0x00, 0x00, 0x86, 0x00, 0x00, 0x00,
  0x09, 0x00, 0x00, 0x00, 0x6b, 0x88, 0x00, 0x40, 0x01, 0x00, 0x00, 0x00,
  0x57, 0x00, 0x00, 0x00, 0x00, 0x00, 0x00, 0x00, 0x87, 0x00, 0x00, 0x00,
  0x09, 0x00, 0x00, 0x00, 0x6b, 0x88, 0x00, 0x40, 0x01, 0x00, 0x00, 0x00,
  0x57, 0x00, 0x00, 0x00, 0x00, 0x00, 0x00, 0x00, 0x85, 0x00, 0x00, 0x00,
  0x12, 0x00, 0x00, 0x00, 0x05, 0x00, 0x00, 0x00, 0x00, 0x00, 0x00, 0x00,
  0x59, 0x6f, 0x75, 0x20, 0x61, 0x72, 0x65, 0x20, 0x75, 0x73, 0x69, 0x6e,
  0x67, 0x20, 0x60, 0x70, 0x72, 0x69, 0x6e, 0x74, 0x21, 0x60, 0x20, 0x61,
  0x66, 0x74, 0x65, 0x72, 0x20, 0x74, 0x68, 0x65, 0x20, 0x62, 0x6f, 0x6f,
  0x74, 0x20, 0x73, 0x65, 0x72, 0x76, 0x69, 0x63, 0x65, 0x73, 0x20, 0x68,
  0x61, 0x76, 0x65, 0x20, 0x62, 0x65, 0x65, 0x6e, 0x20, 0x65, 0x78, 0x69,
  0x74, 0x65, 0x64, 0x2e, 0x18, 0x89, 0x00, 0x40, 0x01, 0x00, 0x00, 0x00,
  0x40, 0x00, 0x00, 0x00, 0x00, 0x00, 0x00, 0x00, 0x75, 0x65, 0x66, 0x69,
  0x3a, 0x3a, 0x68, 0x65, 0x6c, 0x70, 0x65, 0x72, 0x73, 0x3a, 0x3a, 0x70,
  0x72, 0x69, 0x6e, 0x74, 0x6c, 0x6e, 0x43, 0x3a, 0x5c, 0x55, 0x73, 0x65,
  0x72, 0x73, 0x5c, 0x79, 0x75, 0x68, 0x5c, 0x2e, 0x63, 0x61, 0x72, 0x67,
  0x6f, 0x5c, 0x72, 0x65, 0x67, 0x69, 0x73, 0x74, 0x72, 0x79, 0x5c, 0x73,
  0x72, 0x63, 0x5c, 0x69, 0x6e, 0x64, 0x65, 0x78, 0x2e, 0x63, 0x72, 0x61,
  0x74, 0x65, 0x73, 0x2e, 0x69, 0x6f, 0x2d, 0x31, 0x39, 0x34, 0x39, 0x63,
  0x66, 0x38, 0x63, 0x36, 0x62, 0x35, 0x62, 0x35, 0x35, 0x37, 0x66, 0x5c,
  0x75, 0x65, 0x66, 0x69, 0x2d, 0x30, 0x2e, 0x33, 0x37, 0x2e, 0x30, 0x5c,
  0x73, 0x72, 0x63, 0x5c, 0x68, 0x65, 0x6c, 0x70, 0x65, 0x72, 0x73, 0x5c,
  0x70, 0x72, 0x69, 0x6e, 0x74, 0x6c, 0x6e, 0x2e, 0x72, 0x73, 0x00, 0x00,
  0x00, 0x00, 0x00, 0x00, 0x7e, 0x89, 0x00, 0x40, 0x01, 0x00, 0x00, 0x00,
  0x64, 0x00, 0x00, 0x00, 0x00, 0x00, 0x00, 0x00, 0x10, 0x00, 0x00, 0x00,
  0x09, 0x00, 0x00, 0x00, 0x46, 0x61, 0x69, 0x6c, 0x65, 0x64, 0x20, 0x74,
  0x6f, 0x20, 0x77, 0x72, 0x69, 0x74, 0x65, 0x20, 0x74, 0x6f, 0x20, 0x73,
  0x74, 0x64, 0x6f, 0x75, 0x74, 0x00, 0x00, 0x00, 0x00, 0x00, 0x00, 0x00,
  0x7e, 0x89, 0x00, 0x40, 0x01, 0x00, 0x00, 0x00, 0x64, 0x00, 0x00, 0x00,
  0x00, 0x00, 0x00, 0x00, 0x0b, 0x00, 0x00, 0x00, 0x24, 0x00, 0x00, 0x00,
  0x61, 0x73, 0x73, 0x65, 0x72, 0x74, 0x69, 0x6f, 0x6e, 0x20, 0x66, 0x61,
  0x69, 0x6c, 0x65, 0x64, 0x3a, 0x20, 0x21, 0x6d, 0x61, 0x74, 0x63, 0x68,
  0x65, 0x73, 0x21, 0x28, 0x73, 0x74, 0x61, 0x74, 0x75, 0x73, 0x2c, 0x20,
  0x53, 0x74, 0x61, 0x74, 0x75, 0x73, 0x3a, 0x3a, 0x53, 0x55, 0x43, 0x43,
  0x45, 0x53, 0x53, 0x29, 0x43, 0x3a, 0x5c, 0x55, 0x73, 0x65, 0x72, 0x73,
  0x5c, 0x79, 0x75, 0x68, 0x5c, 0x2e, 0x63, 0x61, 0x72, 0x67, 0x6f, 0x5c,
  0x72, 0x65, 0x67, 0x69, 0x73, 0x74, 0x72, 0x79, 0x5c, 0x73, 0x72, 0x63,
  0x5c, 0x69, 0x6e, 0x64, 0x65, 0x78, 0x2e, 0x63, 0x72, 0x61, 0x74, 0x65,
  0x73, 0x2e, 0x69, 0x6f, 0x2d, 0x31, 0x39, 0x34, 0x39, 0x63, 0x66, 0x38,
  0x63, 0x36, 0x62, 0x35, 0x62, 0x35, 0x35, 0x37, 0x66, 0x5c, 0x75, 0x65,
  0x66, 0x69, 0x2d, 0x30, 0x2e, 0x33, 0x37, 0x2e, 0x30, 0x5c, 0x73, 0x72,
  0x63, 0x5c, 0x72, 0x65, 0x73, 0x75, 0x6c, 0x74, 0x5c, 0x65, 0x72, 0x72,
  0x6f, 0x72, 0x2e, 0x72, 0x73, 0x00, 0x00, 0x00, 0x6c, 0x8a, 0x00, 0x40,
  0x01, 0x00, 0x00, 0x00, 0x61, 0x00, 0x00, 0x00, 0x00, 0x00, 0x00, 0x00,
  0x18, 0x00, 0x00, 0x00, 0x09, 0x00, 0x00, 0x00, 0x45, 0x72, 0x72, 0x6f,
  0x72, 0x73, 0x74, 0x61, 0x74, 0x75, 0x73, 0x00, 0x00, 0x00, 0x00, 0x00,
  0x00, 0x00, 0x00, 0x00, 0x00, 0x00, 0x00, 0x00, 0x08, 0x00, 0x00, 0x00,
  0x00, 0x00, 0x00, 0x00, 0x08, 0x00, 0x00, 0x00, 0x00, 0x00, 0x00, 0x00,
  0xb0, 0x58, 0x00, 0x40, 0x01, 0x00, 0x00, 0x00, 0x64, 0x61, 0x74, 0x61,
  0x00, 0x00, 0x00, 0x00, 0x00, 0x00, 0x00, 0x00, 0x00, 0x00, 0x00, 0x00,
  0x08, 0x00, 0x00, 0x00, 0x00, 0x00, 0x00, 0x00, 0x08, 0x00, 0x00, 0x00,
  0x00, 0x00, 0x00, 0x00, 0x80, 0x55, 0x00, 0x40, 0x01, 0x00, 0x00, 0x00,
  0x00, 0x00, 0x00, 0x00, 0x00, 0x00, 0x00, 0x00, 0x00, 0x00, 0x00, 0x00,
  0x00, 0x00, 0x00, 0x00, 0x74, 0x68, 0x65, 0x72, 0x65, 0x20, 0x69, 0x73,
  0x20, 0x6e, 0x6f, 0x20, 0x73, 0x75, 0x63, 0x68, 0x20, 0x74, 0x68, 0x69,
  0x6e, 0x67, 0x20, 0x61, 0x73, 0x20, 0x61, 0x6e, 0x20, 0x61, 0x63, 0x71,
  0x75, 0x69, 0x72, 0x65, 0x2d, 0x72, 0x65, 0x6c, 0x65, 0x61, 0x73, 0x65,
  0x20, 0x6c, 0x6f, 0x61, 0x64, 0x00, 0x00, 0x00, 0x00, 0x00, 0x00, 0x00,
  0x50, 0x8b, 0x00, 0x40, 0x01, 0x00, 0x00, 0x00, 0x31, 0x00, 0x00, 0x00,
  0x00, 0x00, 0x00, 0x00, 0x74, 0x68, 0x65, 0x72, 0x65, 0x20, 0x69, 0x73,
  0x20, 0x6e, 0x6f, 0x20, 0x73, 0x75, 0x63, 0x68, 0x20, 0x74, 0x68, 0x69,
  0x6e, 0x67, 0x20, 0x61, 0x73, 0x20, 0x61, 0x20, 0x72, 0x65, 0x6c, 0x65,
  0x61, 0x73, 0x65, 0x20, 0x6c, 0x6f, 0x61, 0x64, 0x98, 0x8b, 0x00, 0x40,
  0x01, 0x00, 0x00, 0x00, 0x28, 0x00, 0x00, 0x00, 0x00, 0x00, 0x00, 0x00,
  0x43, 0x3a, 0x5c, 0x55, 0x73, 0x65, 0x72, 0x73, 0x5c, 0x79, 0x75, 0x68,
  0x5c, 0x2e, 0x72, 0x75, 0x73, 0x74, 0x75, 0x70, 0x5c, 0x74, 0x6f, 0x6f,
  0x6c, 0x63, 0x68, 0x61, 0x69, 0x6e, 0x73, 0x5c, 0x73, 0x74, 0x61, 0x62,
  0x6c, 0x65, 0x2d, 0x78, 0x38, 0x36, 0x5f, 0x36, 0x34, 0x2d, 0x70, 0x63,
  0x2d, 0x77, 0x69, 0x6e, 0x64, 0x6f, 0x77, 0x73, 0x2d, 0x6d, 0x73, 0x76,
  0x63, 0x5c, 0x6c, 0x69, 0x62, 0x2f, 0x72, 0x75, 0x73, 0x74, 0x6c, 0x69,
  0x62, 0x2f, 0x73, 0x72, 0x63, 0x2f, 0x72, 0x75, 0x73, 0x74, 0x5c, 0x6c,
  0x69, 0x62, 0x72, 0x61, 0x72, 0x79, 0x2f, 0x63, 0x6f, 0x72, 0x65, 0x2f,
  0x73, 0x72, 0x63, 0x2f, 0x73, 0x79, 0x6e, 0x63, 0x2f, 0x61, 0x74, 0x6f,
  0x6d, 0x69, 0x63, 0x2e, 0x72, 0x73, 0x00, 0x00, 0x00, 0x00, 0x00, 0x00,
  0xd0, 0x8b, 0x00, 0x40, 0x01, 0x00, 0x00, 0x00, 0x72, 0x00, 0x00, 0x00,
  0x00, 0x00, 0x00, 0x00, 0xf8, 0x0e, 0x00, 0x00, 0x18, 0x00, 0x00, 0x00,
  0xd0, 0x8b, 0x00, 0x40, 0x01, 0x00, 0x00, 0x00, 0x72, 0x00, 0x00, 0x00,
  0x00, 0x00, 0x00, 0x00, 0xf9, 0x0e, 0x00, 0x00, 0x17, 0x00, 0x00, 0x00,
  0x00, 0x00, 0x00, 0x00, 0x00, 0x00, 0x00, 0x00, 0x00, 0x00, 0x00, 0x00,
  0x00, 0x00, 0x00, 0x00, 0x01, 0x00, 0x00, 0x00, 0x00, 0x00, 0x00, 0x00,
  0x50, 0x2b, 0x00, 0x40, 0x01, 0x00, 0x00, 0x00, 0x70, 0x2b, 0x00, 0x40,
  0x01, 0x00, 0x00, 0x00, 0x90, 0x2b, 0x00, 0x40, 0x01, 0x00, 0x00, 0x00,
  0xb0, 0x9d, 0xff, 0xff, 0xc2, 0x9d, 0xff, 0xff, 0x13, 0x9e, 0xff, 0xff,
  0x22, 0x9e, 0xff, 0xff, 0x7c, 0x9e, 0xff, 0xff, 0x61, 0x74, 0x74, 0x65,
  0x6d, 0x70, 0x74, 0x20, 0x74, 0x6f, 0x20, 0x61, 0x64, 0x64, 0x20, 0x77,
  0x69, 0x74, 0x68, 0x20, 0x6f, 0x76, 0x65, 0x72, 0x66, 0x6c, 0x6f, 0x77,
  0xbc, 0x8c, 0x00, 0x40, 0x01, 0x00, 0x00, 0x00, 0x1c, 0x00, 0x00, 0x00,
  0x00, 0x00, 0x00, 0x00, 0x61, 0x74, 0x74, 0x65, 0x6d, 0x70, 0x74, 0x20,
  0x74, 0x6f, 0x20, 0x73, 0x75, 0x62, 0x74, 0x72, 0x61, 0x63, 0x74, 0x20,
  0x77, 0x69, 0x74, 0x68, 0x20, 0x6f, 0x76, 0x65, 0x72, 0x66, 0x6c, 0x6f,
  0x77, 0x00, 0x00, 0x00, 0x00, 0x00, 0x00, 0x00, 0xe8, 0x8c, 0x00, 0x40,
  0x01, 0x00, 0x00, 0x00, 0x21, 0x00, 0x00, 0x00, 0x00, 0x00, 0x00, 0x00,
  0x01, 0x00, 0x00, 0x00, 0x00, 0x00, 0x00, 0x00, 0x00, 0x00, 0x00, 0x00,
  0x00, 0x00, 0x00, 0x00, 0x6c, 0x69, 0x62, 0x72, 0x61, 0x72, 0x79, 0x2f,
  0x63, 0x6f, 0x72, 0x65, 0x2f, 0x73, 0x72, 0x63, 0x2f, 0x70, 0x61, 0x6e,
  0x69, 0x63, 0x6b, 0x69, 0x6e, 0x67, 0x2e, 0x72, 0x73, 0x00, 0x00, 0x00,
  0x30, 0x8d, 0x00, 0x40, 0x01, 0x00, 0x00, 0x00, 0x1d, 0x00, 0x00, 0x00,
  0x00, 0x00, 0x00, 0x00, 0xe2, 0x00, 0x00, 0x00, 0x05, 0x00, 0x00, 0x00,
  0x69, 0x6e, 0x64, 0x65, 0x78, 0x20, 0x6f, 0x75, 0x74, 0x20, 0x6f, 0x66,
  0x20, 0x62, 0x6f, 0x75, 0x6e, 0x64, 0x73, 0x3a, 0x20, 0x74, 0x68, 0x65,
  0x20, 0x6c, 0x65, 0x6e, 0x20, 0x69, 0x73, 0x20, 0x20, 0x62, 0x75, 0x74,
  0x20, 0x74, 0x68, 0x65, 0x20, 0x69, 0x6e, 0x64, 0x65, 0x78, 0x20, 0x69,
  0x73, 0x20, 0x00, 0x00, 0x00, 0x00, 0x00, 0x00, 0x68, 0x8d, 0x00, 0x40,
  0x01, 0x00, 0x00, 0x00, 0x20, 0x00, 0x00, 0x00, 0x00, 0x00, 0x00, 0x00,
  0x88, 0x8d, 0x00, 0x40, 0x01, 0x00, 0x00, 0x00, 0x12, 0x00, 0x00, 0x00,
  0x00, 0x00, 0x00, 0x00, 0x3a, 0x20, 0x00, 0x00, 0x00, 0x00, 0x00, 0x00,
  0x01, 0x00, 0x00, 0x00, 0x00, 0x00, 0x00, 0x00, 0x00, 0x00, 0x00, 0x00,
  0x00, 0x00, 0x00, 0x00, 0xc0, 0x8d, 0x00, 0x40, 0x01, 0x00, 0x00, 0x00,
  0x02, 0x00, 0x00, 0x00, 0x00, 0x00, 0x00, 0x00, 0x00, 0x00, 0x00, 0x00,
  0x00, 0x00, 0x00, 0x00, 0x18, 0x00, 0x00, 0x00, 0x00, 0x00, 0x00, 0x00,
  0x08, 0x00, 0x00, 0x00, 0x00, 0x00, 0x00, 0x00, 0x40, 0x2c, 0x00, 0x40,
  0x01, 0x00, 0x00, 0x00, 0xd0, 0x2e, 0x00, 0x40, 0x01, 0x00, 0x00, 0x00,
  0xd0, 0x30, 0x00, 0x40, 0x01, 0x00, 0x00, 0x00, 0x20, 0x20, 0x20, 0x20,
  0x20, 0x7b, 0x20, 0x2c, 0x20, 0x20, 0x7b, 0x0a, 0x2c, 0x0a, 0x7d, 0x20,
  0x7d, 0x30, 0x78, 0x30, 0x30, 0x30, 0x31, 0x30, 0x32, 0x30, 0x33, 0x30,
  0x34, 0x30, 0x35, 0x30, 0x36, 0x30, 0x37, 0x30, 0x38, 0x30, 0x39, 0x31,
  0x30, 0x31, 0x31, 0x31, 0x32, 0x31, 0x33, 0x31, 0x34, 0x31, 0x35, 0x31,
  0x36, 0x31, 0x37, 0x31, 0x38, 0x31, 0x39, 0x32, 0x30, 0x32, 0x31, 0x32,
  0x32, 0x32, 0x33, 0x32, 0x34, 0x32, 0x35, 0x32, 0x36, 0x32, 0x37, 0x32,
  0x38, 0x32, 0x39, 0x33, 0x30, 0x33, 0x31, 0x33, 0x32, 0x33, 0x33, 0x33,
  0x34, 0x33, 0x35, 0x33, 0x36, 0x33, 0x37, 0x33, 0x38, 0x33, 0x39, 0x34,
  0x30, 0x34, 0x31, 0x34, 0x32, 0x34, 0x33, 0x34, 0x34, 0x34, 0x35, 0x34,
  0x36, 0x34, 0x37, 0x34, 0x38, 0x34, 0x39, 0x35, 0x30, 0x35, 0x31, 0x35,
  0x32, 0x35, 0x33, 0x35, 0x34, 0x35, 0x35, 0x35, 0x36, 0x35, 0x37, 0x35,
  0x38, 0x35, 0x39, 0x36, 0x30, 0x36, 0x31, 0x36, 0x32, 0x36, 0x33, 0x36,
  0x34, 0x36, 0x35, 0x36, 0x36, 0x36, 0x37, 0x36, 0x38, 0x36, 0x39, 0x37,
  0x30, 0x37, 0x31, 0x37, 0x32, 0x37, 0x33, 0x37, 0x34, 0x37, 0x35, 0x37,
  0x36, 0x37, 0x37, 0x37, 0x38, 0x37, 0x39, 0x38, 0x30, 0x38, 0x31, 0x38,
  0x32, 0x38, 0x33, 0x38, 0x34, 0x38, 0x35, 0x38, 0x36, 0x38, 0x37, 0x38,
  0x38, 0x38, 0x39, 0x39, 0x30, 0x39, 0x31, 0x39, 0x32, 0x39, 0x33, 0x39,
  0x34, 0x39, 0x35, 0x39, 0x36, 0x39, 0x37, 0x39, 0x38, 0x39, 0x39, 0x61,
  0x74, 0x74, 0x65, 0x6d, 0x70, 0x74, 0x65, 0x64, 0x20, 0x74, 0x6f, 0x20,
  0x69, 0x6e, 0x64, 0x65, 0x78, 0x20, 0x73, 0x6c, 0x69, 0x63, 0x65, 0x20,
  0x75, 0x70, 0x20, 0x74, 0x6f, 0x20, 0x6d, 0x61, 0x78, 0x69, 0x6d, 0x75,
  0x6d, 0x20, 0x75, 0x73, 0x69, 0x7a, 0x65, 0x00, 0xf3, 0x8e, 0x00, 0x40,
  0x01, 0x00, 0x00, 0x00, 0x2c, 0x00, 0x00, 0x00, 0x00, 0x00, 0x00, 0x00,
  0x65, 0x6e, 0x63, 0x6f, 0x64, 0x65, 0x5f, 0x75, 0x74, 0x66, 0x38, 0x3a,
  0x20, 0x6e, 0x65, 0x65, 0x64, 0x20, 0x20, 0x62, 0x79, 0x74, 0x65, 0x73,
  0x20, 0x74, 0x6f, 0x20, 0x65, 0x6e, 0x63, 0x6f, 0x64, 0x65, 0x20, 0x55,
  0x2b, 0x20, 0x62, 0x75, 0x74, 0x20, 0x62, 0x75, 0x66, 0x66, 0x65, 0x72,
  0x20, 0x68, 0x61, 0x73, 0x20, 0x6a, 0x75, 0x73, 0x74, 0x20, 0x00, 0x00,
  0x00, 0x00, 0x00, 0x00, 0x30, 0x8f, 0x00, 0x40, 0x01, 0x00, 0x00, 0x00,
  0x12, 0x00, 0x00, 0x00, 0x00, 0x00, 0x00, 0x00, 0x42, 0x8f, 0x00, 0x40,
  0x01, 0x00, 0x00, 0x00, 0x13, 0x00, 0x00, 0x00, 0x00, 0x00, 0x00, 0x00,
  0x55, 0x8f, 0x00, 0x40, 0x01, 0x00, 0x00, 0x00, 0x15, 0x00, 0x00, 0x00,
  0x00, 0x00, 0x00, 0x00, 0x02, 0x00, 0x00, 0x00, 0x00, 0x00, 0x00, 0x00,
  0x00, 0x00, 0x00, 0x00, 0x00, 0x00, 0x00, 0x00, 0x02, 0x00, 0x00, 0x00,
  0x00, 0x00, 0x00, 0x00, 0x00, 0x00, 0x00, 0x00, 0x00, 0x00, 0x00, 0x00,
  0x00, 0x00, 0x00, 0x00, 0x00, 0x00, 0x00, 0x00, 0x20, 0x00, 0x00, 0xe0,
  0x00, 0x00, 0x00, 0x00, 0x02, 0x00, 0x00, 0x00, 0x00, 0x00, 0x00, 0x00,
  0x00, 0x00, 0x00, 0x00, 0x00, 0x00, 0x00, 0x00, 0x00, 0x00, 0x04, 0x00,
  0x00, 0x00, 0x00, 0x00, 0x00, 0x00, 0x00, 0x00, 0x00, 0x00, 0x00, 0x00,
  0x01, 0x00, 0x00, 0x00, 0x00, 0x00, 0x00, 0x00, 0x20, 0x00, 0x00, 0xe9,
  0x00, 0x00, 0x00, 0x00, 0x02, 0x00, 0x00, 0x00, 0x00, 0x00, 0x00, 0x00,
  0x00, 0x00, 0x00, 0x00, 0x00, 0x00, 0x00, 0x00, 0x02, 0x00, 0x00, 0x00,
  0x00, 0x00, 0x00, 0x00, 0x00, 0x00, 0x00, 0x00, 0x00, 0x00, 0x00, 0x00,
  0x02, 0x00, 0x00, 0x00, 0x00, 0x00, 0x00, 0x00, 0x20, 0x00, 0x00, 0xe0,
  0x00, 0x00, 0x00, 0x00, 0x61, 0x74, 0x74, 0x65, 0x6d, 0x70, 0x74, 0x20,
  0x74, 0x6f, 0x20, 0x64, 0x69, 0x76, 0x69, 0x64, 0x65, 0x20, 0x62, 0x79,
  0x20, 0x7a, 0x65, 0x72, 0x6f, 0x00, 0x00, 0x00, 0x00, 0x00, 0x00, 0x00,
  0x30, 0x90, 0x00, 0x40, 0x01, 0x00, 0x00, 0x00, 0x19, 0x00, 0x00, 0x00,
  0x00, 0x00, 0x00, 0x00, 0x20, 0x6f, 0x75, 0x74, 0x20, 0x6f, 0x66, 0x20,
  0x72, 0x61, 0x6e, 0x67, 0x65, 0x20, 0x66, 0x6f, 0x72, 0x20, 0x73, 0x6c,
  0x69, 0x63, 0x65, 0x20, 0x6f, 0x66, 0x20, 0x6c, 0x65, 0x6e, 0x67, 0x74,
  0x68, 0x20, 0x72, 0x61, 0x6e, 0x67, 0x65, 0x20, 0x65, 0x6e, 0x64, 0x20,
  0x69, 0x6e, 0x64, 0x65, 0x78, 0x20, 0x00, 0x00, 0x00, 0x00, 0x00, 0x00,
  0x82, 0x90, 0x00, 0x40, 0x01, 0x00, 0x00, 0x00, 0x10, 0x00, 0x00, 0x00,
  0x00, 0x00, 0x00, 0x00, 0x60, 0x90, 0x00, 0x40, 0x01, 0x00, 0x00, 0x00,
  0x22, 0x00, 0x00, 0x00, 0x00, 0x00, 0x00, 0x00, 0x73, 0x6c, 0x69, 0x63,
  0x65, 0x20, 0x69, 0x6e, 0x64, 0x65, 0x78, 0x20, 0x73, 0x74, 0x61, 0x72,
  0x74, 0x73, 0x20, 0x61, 0x74, 0x20, 0x20, 0x62, 0x75, 0x74, 0x20, 0x65,
  0x6e, 0x64, 0x73, 0x20, 0x61, 0x74, 0x20, 0x00, 0x00, 0x00, 0x00, 0x00,
  0xb8, 0x90, 0x00, 0x40, 0x01, 0x00, 0x00, 0x00, 0x16, 0x00, 0x00, 0x00,
  0x00, 0x00, 0x00, 0x00, 0xce, 0x90, 0x00, 0x40, 0x01, 0x00, 0x00, 0x00,
  0x0d, 0x00, 0x00, 0x00, 0x00, 0x00, 0x00, 0x00, 0x4f, 0xa4, 0xff, 0xff,
  0xb8, 0xa3, 0xff, 0xff, 0x53, 0xa4, 0xff, 0xff, 0xb8, 0xa3, 0xff, 0xff,
  0x89, 0xa6, 0xff, 0xff, 0xb4, 0xa6, 0xff, 0xff, 0xb9, 0xa6, 0xff, 0xff,
  0x89, 0xa6, 0xff, 0xff, 0x00, 0x00, 0x00, 0x00, 0x45, 0x72, 0x72, 0x6f,
  0x72, 0x43, 0x3a, 0x5c, 0x55, 0x73, 0x65, 0x72, 0x73, 0x5c, 0x79, 0x75,
  0x68, 0x5c, 0x2e, 0x63, 0x61, 0x72, 0x67, 0x6f, 0x5c, 0x72, 0x65, 0x67,
  0x69, 0x73, 0x74, 0x72, 0x79, 0x5c, 0x73, 0x72, 0x63, 0x5c, 0x69, 0x6e,
  0x64, 0x65, 0x78, 0x2e, 0x63, 0x72, 0x61, 0x74, 0x65, 0x73, 0x2e, 0x69,
  0x6f, 0x2d, 0x31, 0x39, 0x34, 0x39, 0x63, 0x66, 0x38, 0x63, 0x36, 0x62,
  0x35, 0x62, 0x35, 0x35, 0x37, 0x66, 0x5c, 0x75, 0x65, 0x66, 0x69, 0x2d,
  0x30, 0x2e, 0x33, 0x37, 0x2e, 0x30, 0x5c, 0x73, 0x72, 0x63, 0x5c, 0x73,
  0x79, 0x73, 0x74, 0x65, 0x6d, 0x2e, 0x72, 0x73, 0x00, 0x00, 0x00, 0x00,
  0x29, 0x91, 0x00, 0x40, 0x01, 0x00, 0x00, 0x00, 0x5b, 0x00, 0x00, 0x00,
  0x00, 0x00, 0x00, 0x00, 0x7e, 0x00, 0x00, 0x00, 0x0e, 0x00, 0x00, 0x00,
  0x73, 0x74, 0x64, 0x6f, 0x75, 0x74, 0x20, 0x69, 0x73, 0x20, 0x6e, 0x6f,
  0x74, 0x20, 0x61, 0x76, 0x61, 0x69, 0x6c, 0x61, 0x62, 0x6c, 0x65, 0x00,
  0xa0, 0x91, 0x00, 0x40, 0x01, 0x00, 0x00, 0x00, 0x17, 0x00, 0x00, 0x00,
  0x00, 0x00, 0x00, 0x00, 0x29, 0x91, 0x00, 0x40, 0x01, 0x00, 0x00, 0x00,
  0x5b, 0x00, 0x00, 0x00, 0x00, 0x00, 0x00, 0x00, 0x83, 0x00, 0x00, 0x00,
  0x05, 0x00, 0x00, 0x00, 0x62, 0x6f, 0x6f, 0x74, 0x20, 0x73, 0x65, 0x72,
  0x76, 0x69, 0x63, 0x65, 0x73, 0x20, 0x61, 0x72, 0x65, 0x20, 0x6e, 0x6f,
  0x74, 0x20, 0x61, 0x63, 0x74, 0x69, 0x76, 0x65, 0x00, 0x00, 0x00, 0x00,
  0xe0, 0x91, 0x00, 0x40, 0x01, 0x00, 0x00, 0x00, 0x1c, 0x00, 0x00, 0x00,
  0x00, 0x00, 0x00, 0x00, 0x29, 0x91, 0x00, 0x40, 0x01, 0x00, 0x00, 0x00,
  0x5b, 0x00, 0x00, 0x00, 0x00, 0x00, 0x00, 0x00, 0x82, 0x00, 0x00, 0x00,
  0x05, 0x00, 0x00, 0x00, 0x01, 0x00, 0x00, 0x00, 0x00, 0x00, 0x00, 0x00,
  0x00, 0x00, 0x00, 0x00, 0x00, 0x00, 0x00, 0x00, 0x43, 0x3a, 0x5c, 0x55,
  0x73, 0x65, 0x72, 0x73, 0x5c, 0x79, 0x75, 0x68, 0x5c, 0x2e, 0x63, 0x61,
  0x72, 0x67, 0x6f, 0x5c, 0x72, 0x65, 0x67, 0x69, 0x73, 0x74, 0x72, 0x79,
  0x5c, 0x73, 0x72, 0x63, 0x5c, 0x69, 0x6e, 0x64, 0x65, 0x78, 0x2e, 0x63,
  0x72, 0x61, 0x74, 0x65, 0x73, 0x2e, 0x69, 0x6f, 0x2d, 0x31, 0x39, 0x34,
  0x39, 0x63, 0x66, 0x38, 0x63, 0x36, 0x62, 0x35, 0x62, 0x35, 0x35, 0x37,
  0x66, 0x5c, 0x75, 0x65, 0x66, 0x69, 0x2d, 0x30, 0x2e, 0x33, 0x37, 0x2e,
  0x30, 0x5c, 0x73, 0x72, 0x63, 0x5c, 0x72, 0x65, 0x73, 0x75, 0x6c, 0x74,
  0x5c, 0x73, 0x74, 0x61, 0x74, 0x75, 0x73, 0x2e, 0x72, 0x73, 0x00, 0x00,
  0x00, 0x00, 0x00, 0x00, 0x38, 0x92, 0x00, 0x40, 0x01, 0x00, 0x00, 0x00,
  0x62, 0x00, 0x00, 0x00, 0x00, 0x00, 0x00, 0x00, 0x30, 0x00, 0x00, 0x00,
  0x16, 0x00, 0x00, 0x00, 0x00, 0x00, 0x00, 0x00, 0x00, 0x00, 0x00, 0x00,
  0x00, 0x00, 0x00, 0x00, 0x00, 0x00, 0x00, 0x00, 0x01, 0x00, 0x00, 0x00,
  0x00, 0x00, 0x00, 0x00, 0x40, 0x40, 0x00, 0x40, 0x01, 0x00, 0x00, 0x00,
  0x00, 0x00, 0x00, 0x00, 0x00, 0x00, 0x00, 0x00, 0x00, 0x00, 0x00, 0x00,
  0x00, 0x00, 0x00, 0x00, 0x00, 0x00, 0x00, 0x00, 0x00, 0x00, 0x00, 0x00,
  0x00, 0x00, 0x00, 0x00, 0x00, 0x00, 0x00, 0x00, 0x00, 0x00, 0x00, 0x00,
  0x00, 0x00, 0x00, 0x00, 0x50, 0x00, 0x00, 0x00, 0x00, 0x00, 0x00, 0x00,
  0x08, 0x00, 0x00, 0x00, 0x00, 0x00, 0x00, 0x00, 0x50, 0x50, 0x00, 0x40,
  0x01, 0x00, 0x00, 0x00, 0x30, 0x4b, 0x00, 0x40, 0x01, 0x00, 0x00, 0x00,
  0xb0, 0x4b, 0x00, 0x40, 0x01, 0x00, 0x00, 0x00, 0x43, 0x3a, 0x5c, 0x55,
  0x73, 0x65, 0x72, 0x73, 0x5c, 0x79, 0x75, 0x68, 0x5c, 0x2e, 0x63, 0x61,
  0x72, 0x67, 0x6f, 0x5c, 0x72, 0x65, 0x67, 0x69, 0x73, 0x74, 0x72, 0x79,
  0x5c, 0x73, 0x72, 0x63, 0x5c, 0x69, 0x6e, 0x64, 0x65, 0x78, 0x2e, 0x63,
  0x72, 0x61, 0x74, 0x65, 0x73, 0x2e, 0x69, 0x6f, 0x2d, 0x31, 0x39, 0x34,
  0x39, 0x63, 0x66, 0x38, 0x63, 0x36, 0x62, 0x35, 0x62, 0x35, 0x35, 0x37,
  0x66, 0x5c, 0x75, 0x65, 0x66, 0x69, 0x2d, 0x30, 0x2e, 0x33, 0x37, 0x2e,
  0x30, 0x5c, 0x73, 0x72, 0x63, 0x5c, 0x64, 0x61, 0x74, 0x61, 0x5f, 0x74,
  0x79, 0x70, 0x65, 0x73, 0x5c, 0x73, 0x74, 0x72, 0x73, 0x2e, 0x72, 0x73,
  0x00, 0x00, 0x00, 0x00, 0x28, 0x93, 0x00, 0x40, 0x01, 0x00, 0x00, 0x00,
  0x64, 0x00, 0x00, 0x00, 0x00, 0x00, 0x00, 0x00, 0x8a, 0x01, 0x00, 0x00,
  0x1f, 0x00, 0x00, 0x00, 0x43, 0x3a, 0x5c, 0x55, 0x73, 0x65, 0x72, 0x73,
  0x5c, 0x79, 0x75, 0x68, 0x5c, 0x2e, 0x63, 0x61, 0x72, 0x67, 0x6f, 0x5c,
  0x72, 0x65, 0x67, 0x69, 0x73, 0x74, 0x72, 0x79, 0x5c, 0x73, 0x72, 0x63,
  0x5c, 0x69, 0x6e, 0x64, 0x65, 0x78, 0x2e, 0x63, 0x72, 0x61, 0x74, 0x65,
  0x73, 0x2e, 0x69, 0x6f, 0x2d, 0x31, 0x39, 0x34, 0x39, 0x63, 0x66, 0x38,
  0x63, 0x36, 0x62, 0x35, 0x62, 0x35, 0x35, 0x37, 0x66, 0x5c, 0x75, 0x65,
  0x66, 0x69, 0x2d, 0x30, 0x2e, 0x33, 0x37, 0x2e, 0x30, 0x5c, 0x73, 0x72,
  0x63, 0x5c, 0x70, 0x72, 0x6f, 0x74, 0x6f, 0x5c, 0x63, 0x6f, 0x6e, 0x73,
  0x6f, 0x6c, 0x65, 0x5c, 0x74, 0x65, 0x78, 0x74, 0x5c, 0x6f, 0x75, 0x74,
  0x70, 0x75, 0x74, 0x2e, 0x72, 0x73, 0x00, 0x00, 0xa8, 0x93, 0x00, 0x40,
  0x01, 0x00, 0x00, 0x00, 0x6e, 0x00, 0x00, 0x00, 0x00, 0x00, 0x00, 0x00,
  0xd7, 0x00, 0x00, 0x00, 0x09, 0x00, 0x00, 0x00, 0xa8, 0x93, 0x00, 0x40,
  0x01, 0x00, 0x00, 0x00, 0x6e, 0x00, 0x00, 0x00, 0x00, 0x00, 0x00, 0x00,
  0xb6, 0x00, 0x00, 0x00, 0x0d, 0x00, 0x00, 0x00, 0xa8, 0x93, 0x00, 0x40,
  0x01, 0x00, 0x00, 0x00, 0x6e, 0x00, 0x00, 0x00, 0x00, 0x00, 0x00, 0x00,
  0xb7, 0x00, 0x00, 0x00, 0x1d, 0x00, 0x00, 0x00, 0xa8, 0x93, 0x00, 0x40,
  0x01, 0x00, 0x00, 0x00, 0x6e, 0x00, 0x00, 0x00, 0x00, 0x00, 0x00, 0x00,
  0xba, 0x00, 0x00, 0x00, 0x18, 0x00, 0x00, 0x00, 0xa8, 0x93, 0x00, 0x40,
  0x01, 0x00, 0x00, 0x00, 0x6e, 0x00, 0x00, 0x00, 0x00, 0x00, 0x00, 0x00,
  0xc4, 0x00, 0x00, 0x00, 0x0d, 0x00, 0x00, 0x00, 0xa8, 0x93, 0x00, 0x40,
  0x01, 0x00, 0x00, 0x00, 0x6e, 0x00, 0x00, 0x00, 0x00, 0x00, 0x00, 0x00,
  0xc5, 0x00, 0x00, 0x00, 0x0d, 0x00, 0x00, 0x00, 0xa8, 0x93, 0x00, 0x40,
  0x01, 0x00, 0x00, 0x00, 0x6e, 0x00, 0x00, 0x00, 0x00, 0x00, 0x00, 0x00,
  0xd1, 0x00, 0x00, 0x00, 0x11, 0x00, 0x00, 0x00, 0x28, 0x29, 0x00, 0x00,
  0x00, 0x00, 0x00, 0x00, 0x00, 0x00, 0x00, 0x00, 0x00, 0x00, 0x00, 0x00,
  0x00, 0x00, 0x00, 0x00, 0x00, 0x00, 0x00, 0x00, 0x29, 0x53, 0x55, 0x43,
  0x43, 0x45, 0x53, 0x53, 0xd9, 0x94, 0x00, 0x40, 0x01, 0x00, 0x00, 0x00,
  0x07, 0x00, 0x00, 0x00, 0x00, 0x00, 0x00, 0x00, 0x57, 0x41, 0x52, 0x4e,
  0x5f, 0x55, 0x4e, 0x4b, 0x4e, 0x4f, 0x57, 0x4e, 0x5f, 0x47, 0x4c, 0x59,
  0x50, 0x48, 0x00, 0x00, 0x00, 0x00, 0x00, 0x00, 0xf0, 0x94, 0x00, 0x40,
  0x01, 0x00, 0x00, 0x00, 0x12, 0x00, 0x00, 0x00, 0x00, 0x00, 0x00, 0x00,
  0x57, 0x41, 0x52, 0x4e, 0x5f, 0x44, 0x45, 0x4c, 0x45, 0x54, 0x45, 0x5f,
  0x46, 0x41, 0x49, 0x4c, 0x55, 0x52, 0x45, 0x00, 0x00, 0x00, 0x00, 0x00,
  0x18, 0x95, 0x00, 0x40, 0x01, 0x00, 0x00, 0x00, 0x13, 0x00, 0x00, 0x00,
  0x00, 0x00, 0x00, 0x00, 0x57, 0x41, 0x52, 0x4e, 0x5f, 0x57, 0x52, 0x49,
  0x54, 0x45, 0x5f, 0x46, 0x41, 0x49, 0x4c, 0x55, 0x52, 0x45, 0x00, 0x00,
  0x00, 0x00, 0x00, 0x00, 0x40, 0x95, 0x00, 0x40, 0x01, 0x00, 0x00, 0x00,
  0x12, 0x00, 0x00, 0x00, 0x00, 0x00, 0x00, 0x00, 0x57, 0x41, 0x52, 0x4e,
  0x5f, 0x42, 0x55, 0x46, 0x46, 0x45, 0x52, 0x5f, 0x54, 0x4f, 0x4f, 0x5f,
  0x53, 0x4d, 0x41, 0x4c, 0x4c, 0x00, 0x00, 0x00, 0x68, 0x95, 0x00, 0x40,
  0x01, 0x00, 0x00, 0x00, 0x15, 0x00, 0x00, 0x00, 0x00, 0x00, 0x00, 0x00,
  0x57, 0x41, 0x52, 0x4e, 0x5f, 0x53, 0x54, 0x41, 0x4c, 0x45, 0x5f, 0x44,
  0x41, 0x54, 0x41, 0x00, 0x90, 0x95, 0x00, 0x40, 0x01, 0x00, 0x00, 0x00,
  0x0f, 0x00, 0x00, 0x00, 0x00, 0x00, 0x00, 0x00, 0x57, 0x41, 0x52, 0x4e,
  0x5f, 0x46, 0x49, 0x4c, 0x45, 0x5f, 0x53, 0x59, 0x53, 0x54, 0x45, 0x4d,
  0xb0, 0x95, 0x00, 0x40, 0x01, 0x00, 0x00, 0x00, 0x10, 0x00, 0x00, 0x00,
  0x00, 0x00, 0x00, 0x00, 0x57, 0x41, 0x52, 0x4e, 0x5f, 0x52, 0x45, 0x53,
  0x45, 0x54, 0x5f, 0x52, 0x45, 0x51, 0x55, 0x49, 0x52, 0x45, 0x44, 0x00,
  0x00, 0x00, 0x00, 0x00, 0xd0, 0x95, 0x00, 0x40, 0x01, 0x00, 0x00, 0x00,
  0x13, 0x00, 0x00, 0x00, 0x00, 0x00, 0x00, 0x00, 0x4c, 0x4f, 0x41, 0x44,
  0x5f, 0x45, 0x52, 0x52, 0x4f, 0x52, 0x00, 0x00, 0x00, 0x00, 0x00, 0x00,
  0xf8, 0x95, 0x00, 0x40, 0x01, 0x00, 0x00, 0x00, 0x0a, 0x00, 0x00, 0x00,
  0x00, 0x00, 0x00, 0x00, 0x49, 0x4e, 0x56, 0x41, 0x4c, 0x49, 0x44, 0x5f,
  0x50, 0x41, 0x52, 0x41, 0x4d, 0x45, 0x54, 0x45, 0x52, 0x00, 0x00, 0x00,
  0x00, 0x00, 0x00, 0x00, 0x18, 0x96, 0x00, 0x40, 0x01, 0x00, 0x00, 0x00,
  0x11, 0x00, 0x00, 0x00, 0x00, 0x00, 0x00, 0x00, 0x55, 0x4e, 0x53, 0x55,
  0x50, 0x50, 0x4f, 0x52, 0x54, 0x45, 0x44, 0x00, 0x00, 0x00, 0x00, 0x00,
  0x40, 0x96, 0x00, 0x40, 0x01, 0x00, 0x00, 0x00, 0x0b, 0x00, 0x00, 0x00,
  0x00, 0x00, 0x00, 0x00, 0x42, 0x41, 0x44, 0x5f, 0x42, 0x55, 0x46, 0x46,
  0x45, 0x52, 0x5f, 0x53, 0x49, 0x5a, 0x45, 0x00, 0x60, 0x96, 0x00, 0x40,
  0x01, 0x00, 0x00, 0x00, 0x0f, 0x00, 0x00, 0x00, 0x00, 0x00, 0x00, 0x00,
  0x42, 0x55, 0x46, 0x46, 0x45, 0x52, 0x5f, 0x54, 0x4f, 0x4f, 0x5f, 0x53,
  0x4d, 0x41, 0x4c, 0x4c, 0x80, 0x96, 0x00, 0x40, 0x01, 0x00, 0x00, 0x00,
  0x10, 0x00, 0x00, 0x00, 0x00, 0x00, 0x00, 0x00, 0x4e, 0x4f, 0x54, 0x5f,
  0x52, 0x45, 0x41, 0x44, 0x59, 0x00, 0x00, 0x00, 0x00, 0x00, 0x00, 0x00,
  0xa0, 0x96, 0x00, 0x40, 0x01, 0x00, 0x00, 0x00, 0x09, 0x00, 0x00, 0x00,
  0x00, 0x00, 0x00, 0x00, 0x44, 0x45, 0x56, 0x49, 0x43, 0x45, 0x5f, 0x45,
  0x52, 0x52, 0x4f, 0x52, 0x00, 0x00, 0x00, 0x00, 0xc0, 0x96, 0x00, 0x40,
  0x01, 0x00, 0x00, 0x00, 0x0c, 0x00, 0x00, 0x00, 0x00, 0x00, 0x00, 0x00,
  0x57, 0x52, 0x49, 0x54, 0x45, 0x5f, 0x50, 0x52, 0x4f, 0x54, 0x45, 0x43,
  0x54, 0x45, 0x44, 0x00, 0xe0, 0x96, 0x00, 0x40, 0x01, 0x00, 0x00, 0x00,
  0x0f, 0x00, 0x00, 0x00, 0x00, 0x00, 0x00, 0x00, 0x4f, 0x55, 0x54, 0x5f,
  0x4f, 0x46, 0x5f, 0x52, 0x45, 0x53, 0x4f, 0x55, 0x52, 0x43, 0x45, 0x53,
  0x00, 0x97, 0x00, 0x40, 0x01, 0x00, 0x00, 0x00, 0x10, 0x00, 0x00, 0x00,
  0x00, 0x00, 0x00, 0x00, 0x56, 0x4f, 0x4c, 0x55, 0x4d, 0x45, 0x5f, 0x43,
  0x4f, 0x52, 0x52, 0x55, 0x50, 0x54, 0x45, 0x44, 0x20, 0x97, 0x00, 0x40,
  0x01, 0x00, 0x00, 0x00, 0x10, 0x00, 0x00, 0x00, 0x00, 0x00, 0x00, 0x00,
  0x56, 0x4f, 0x4c, 0x55, 0x4d, 0x45, 0x5f, 0x46, 0x55, 0x4c, 0x4c, 0x00,
  0x00, 0x00, 0x00, 0x00, 0x40, 0x97, 0x00, 0x40, 0x01, 0x00, 0x00, 0x00,
  0x0b, 0x00, 0x00, 0x00, 0x00, 0x00, 0x00, 0x00, 0x4e, 0x4f, 0x5f, 0x4d,
  0x45, 0x44, 0x49, 0x41, 0x60, 0x97, 0x00, 0x40, 0x01, 0x00, 0x00, 0x00,
  0x08, 0x00, 0x00, 0x00, 0x00, 0x00, 0x00, 0x00, 0x4d, 0x45, 0x44, 0x49,
  0x41, 0x5f, 0x43, 0x48, 0x41, 0x4e, 0x47, 0x45, 0x44, 0x00, 0x00, 0x00,
  0x78, 0x97, 0x00, 0x40, 0x01, 0x00, 0x00, 0x00, 0x0d, 0x00, 0x00, 0x00,
  0x00, 0x00, 0x00, 0x00, 0x4e, 0x4f, 0x54, 0x5f, 0x46, 0x4f, 0x55, 0x4e,
  0x44, 0x00, 0x00, 0x00, 0x00, 0x00, 0x00, 0x00, 0x98, 0x97, 0x00, 0x40,
  0x01, 0x00, 0x00, 0x00, 0x09, 0x00, 0x00, 0x00, 0x00, 0x00, 0x00, 0x00,
  0x41, 0x43, 0x43, 0x45, 0x53, 0x53, 0x5f, 0x44, 0x45, 0x4e, 0x49, 0x45,
  0x44, 0x00, 0x00, 0x00, 0xb8, 0x97, 0x00, 0x40, 0x01, 0x00, 0x00, 0x00,
  0x0d, 0x00, 0x00, 0x00, 0x00, 0x00, 0x00, 0x00, 0x4e, 0x4f, 0x5f, 0x52,
  0x45, 0x53, 0x50, 0x4f, 0x4e, 0x53, 0x45, 0x00, 0x00, 0x00, 0x00, 0x00,
  0xd8, 0x97, 0x00, 0x40, 0x01, 0x00, 0x00, 0x00, 0x0b, 0x00, 0x00, 0x00,
  0x00, 0x00, 0x00, 0x00, 0x4e, 0x4f, 0x5f, 0x4d, 0x41, 0x50, 0x50, 0x49,
  0x4e, 0x47, 0x00, 0x00, 0x00, 0x00, 0x00, 0x00, 0xf8, 0x97, 0x00, 0x40,
  0x01, 0x00, 0x00, 0x00, 0x0a, 0x00, 0x00, 0x00, 0x00, 0x00, 0x00, 0x00,
  0x54, 0x49, 0x4d, 0x45, 0x4f, 0x55, 0x54, 0x00, 0x18, 0x98, 0x00, 0x40,
  0x01, 0x00, 0x00, 0x00, 0x07, 0x00, 0x00, 0x00, 0x00, 0x00, 0x00, 0x00,
  0x4e, 0x4f, 0x54, 0x5f, 0x53, 0x54, 0x41, 0x52, 0x54, 0x45, 0x44, 0x00,
  0x00, 0x00, 0x00, 0x00, 0x30, 0x98, 0x00, 0x40, 0x01, 0x00, 0x00, 0x00,
  0x0b, 0x00, 0x00, 0x00, 0x00, 0x00, 0x00, 0x00, 0x41, 0x4c, 0x52, 0x45,
  0x41, 0x44, 0x59, 0x5f, 0x53, 0x54, 0x41, 0x52, 0x54, 0x45, 0x44, 0x00,
  0x50, 0x98, 0x00, 0x40, 0x01, 0x00, 0x00, 0x00, 0x0f, 0x00, 0x00, 0x00,
  0x00, 0x00, 0x00, 0x00, 0x41, 0x42, 0x4f, 0x52, 0x54, 0x45, 0x44, 0x00,
  0x70, 0x98, 0x00, 0x40, 0x01, 0x00, 0x00, 0x00, 0x07, 0x00, 0x00, 0x00,
  0x00, 0x00, 0x00, 0x00, 0x49, 0x43, 0x4d, 0x50, 0x5f, 0x45, 0x52, 0x52,
  0x4f, 0x52, 0x00, 0x00, 0x00, 0x00, 0x00, 0x00, 0x88, 0x98, 0x00, 0x40,
  0x01, 0x00, 0x00, 0x00, 0x0a, 0x00, 0x00, 0x00, 0x00, 0x00, 0x00, 0x00,
  0x54, 0x46, 0x54, 0x50, 0x5f, 0x45, 0x52, 0x52, 0x4f, 0x52, 0x00, 0x00,
  0x00, 0x00, 0x00, 0x00, 0xa8, 0x98, 0x00, 0x40, 0x01, 0x00, 0x00, 0x00,
  0x0a, 0x00, 0x00, 0x00, 0x00, 0x00, 0x00, 0x00, 0x50, 0x52, 0x4f, 0x54,
  0x4f, 0x43, 0x4f, 0x4c, 0x5f, 0x45, 0x52, 0x52, 0x4f, 0x52, 0x00, 0x00,
  0xc8, 0x98, 0x00, 0x40, 0x01, 0x00, 0x00, 0x00, 0x0e, 0x00, 0x00, 0x00,
  0x00, 0x00, 0x00, 0x00, 0x49, 0x4e, 0x43, 0x4f, 0x4d, 0x50, 0x41, 0x54,
  0x49, 0x42, 0x4c, 0x45, 0x5f, 0x56, 0x45, 0x52, 0x53, 0x49, 0x4f, 0x4e,
  0x00, 0x00, 0x00, 0x00, 0xe8, 0x98, 0x00, 0x40, 0x01, 0x00, 0x00, 0x00,
  0x14, 0x00, 0x00, 0x00, 0x00, 0x00, 0x00, 0x00, 0x53, 0x45, 0x43, 0x55,
  0x52, 0x49, 0x54, 0x59, 0x5f, 0x56, 0x49, 0x4f, 0x4c, 0x41, 0x54, 0x49,
  0x4f, 0x4e, 0x00, 0x00, 0x00, 0x00, 0x00, 0x00, 0x10, 0x99, 0x00, 0x40,
  0x01, 0x00, 0x00, 0x00, 0x12, 0x00, 0x00, 0x00, 0x00, 0x00, 0x00, 0x00,
  0x43, 0x52, 0x43, 0x5f, 0x45, 0x52, 0x52, 0x4f, 0x52, 0x00, 0x00, 0x00,
  0x00, 0x00, 0x00, 0x00, 0x38, 0x99, 0x00, 0x40, 0x01, 0x00, 0x00, 0x00,
  0x09, 0x00, 0x00, 0x00, 0x00, 0x00, 0x00, 0x00, 0x45, 0x4e, 0x44, 0x5f,
  0x4f, 0x46, 0x5f, 0x4d, 0x45, 0x44, 0x49, 0x41, 0x00, 0x00, 0x00, 0x00,
  0x58, 0x99, 0x00, 0x40, 0x01, 0x00, 0x00, 0x00, 0x0c, 0x00, 0x00, 0x00,
  0x00, 0x00, 0x00, 0x00, 0x45, 0x4e, 0x44, 0x5f, 0x4f, 0x46, 0x5f, 0x46,
  0x49, 0x4c, 0x45, 0x00, 0x00, 0x00, 0x00, 0x00, 0x78, 0x99, 0x00, 0x40,
  0x01, 0x00, 0x00, 0x00, 0x0b, 0x00, 0x00, 0x00, 0x00, 0x00, 0x00, 0x00,
  0x49, 0x4e, 0x56, 0x41, 0x4c, 0x49, 0x44, 0x5f, 0x4c, 0x41, 0x4e, 0x47,
  0x55, 0x41, 0x47, 0x45, 0x98, 0x99, 0x00, 0x40, 0x01, 0x00, 0x00, 0x00,
  0x10, 0x00, 0x00, 0x00, 0x00, 0x00, 0x00, 0x00, 0x43, 0x4f, 0x4d, 0x50,
  0x52, 0x4f, 0x4d, 0x49, 0x53, 0x45, 0x44, 0x5f, 0x44, 0x41, 0x54, 0x41,
  0xb8, 0x99, 0x00, 0x40, 0x01, 0x00, 0x00, 0x00, 0x10, 0x00, 0x00, 0x00,
  0x00, 0x00, 0x00, 0x00, 0x49, 0x50, 0x5f, 0x41, 0x44, 0x44, 0x52, 0x45,
  0x53, 0x53, 0x5f, 0x43, 0x4f, 0x4e, 0x46, 0x4c, 0x49, 0x43, 0x54, 0x00,
  0x00, 0x00, 0x00, 0x00, 0xd8, 0x99, 0x00, 0x40, 0x01, 0x00, 0x00, 0x00,
  0x13, 0x00, 0x00, 0x00, 0x00, 0x00, 0x00, 0x00, 0x48, 0x54, 0x54, 0x50,
  0x5f, 0x45, 0x52, 0x52, 0x4f, 0x52, 0x00, 0x00, 0x00, 0x00, 0x00, 0x00,
  0x00, 0x9a, 0x00, 0x40, 0x01, 0x00, 0x00, 0x00, 0x0a, 0x00, 0x00, 0x00,
  0x00, 0x00, 0x00, 0x00, 0x53, 0x74, 0x61, 0x74, 0x75, 0x73, 0x28, 0x00,
  0x20, 0x9a, 0x00, 0x40, 0x01, 0x00, 0x00, 0x00, 0x07, 0x00, 0x00, 0x00,
  0x00, 0x00, 0x00, 0x00, 0xd8, 0x94, 0x00, 0x40, 0x01, 0x00, 0x00, 0x00,
  0x01, 0x00, 0x00, 0x00, 0x00, 0x00, 0x00, 0x00, 0x75, 0x6e, 0x73, 0x61,
  0x66, 0x65, 0x20, 0x70, 0x72, 0x65, 0x63, 0x6f, 0x6e, 0x64, 0x69, 0x74,
  0x69, 0x6f, 0x6e, 0x28, 0x73, 0x29, 0x20, 0x76, 0x69, 0x6f, 0x6c, 0x61,
  0x74, 0x65, 0x64, 0x3a, 0x20, 0x68, 0x69, 0x6e, 0x74, 0x3a, 0x3a, 0x75,
  0x6e, 0x72, 0x65, 0x61, 0x63, 0x68, 0x61, 0x62, 0x6c, 0x65, 0x5f, 0x75,
  0x6e, 0x63, 0x68, 0x65, 0x63, 0x6b, 0x65, 0x64, 0x20, 0x6d, 0x75, 0x73,
  0x74, 0x20, 0x6e, 0x65, 0x76, 0x65, 0x72, 0x20, 0x62, 0x65, 0x20, 0x72,
  0x65, 0x61, 0x63, 0x68, 0x65, 0x64, 0x0a, 0x0a, 0x54, 0x68, 0x69, 0x73,
  0x20, 0x69, 0x6e, 0x64, 0x69, 0x63, 0x61, 0x74, 0x65, 0x73, 0x20, 0x61,
  0x20, 0x62, 0x75, 0x67, 0x20, 0x69, 0x6e, 0x20, 0x74, 0x68, 0x65, 0x20,
  0x70, 0x72, 0x6f, 0x67, 0x72, 0x61, 0x6d, 0x2e, 0x20, 0x54, 0x68, 0x69,
  0x73, 0x20, 0x55, 0x6e, 0x64, 0x65, 0x66, 0x69, 0x6e, 0x65, 0x64, 0x20,
  0x42, 0x65, 0x68, 0x61, 0x76, 0x69, 0x6f, 0x72, 0x20, 0x63, 0x68, 0x65,
  0x63, 0x6b, 0x20, 0x69, 0x73, 0x20, 0x6f, 0x70, 0x74, 0x69, 0x6f, 0x6e,
  0x61, 0x6c, 0x2c, 0x20, 0x61, 0x6e, 0x64, 0x20, 0x63, 0x61, 0x6e, 0x6e,
  0x6f, 0x74, 0x20, 0x62, 0x65, 0x20, 0x72, 0x65, 0x6c, 0x69, 0x65, 0x64,
  0x20, 0x6f, 0x6e, 0x20, 0x66, 0x6f, 0x72, 0x20, 0x73, 0x61, 0x66, 0x65,
  0x74, 0x79, 0x2e, 0x43, 0x3a, 0x5c, 0x55, 0x73, 0x65, 0x72, 0x73, 0x5c,
  0x79, 0x75, 0x68, 0x5c, 0x2e, 0x63, 0x61, 0x72, 0x67, 0x6f, 0x5c, 0x72,
  0x65, 0x67, 0x69, 0x73, 0x74, 0x72, 0x79, 0x5c, 0x73, 0x72, 0x63, 0x5c,
  0x69, 0x6e, 0x64, 0x65, 0x78, 0x2e, 0x63, 0x72, 0x61, 0x74, 0x65, 0x73,
  0x2e, 0x69, 0x6f, 0x2d, 0x31, 0x39, 0x34, 0x39, 0x63, 0x66, 0x38, 0x63,
  0x36, 0x62, 0x35, 0x62, 0x35, 0x35, 0x37, 0x66, 0x5c, 0x75, 0x63, 0x73,
  0x32, 0x2d, 0x30, 0x2e, 0x33, 0x2e, 0x33, 0x5c, 0x73, 0x72, 0x63, 0x5c,
  0x6c, 0x69, 0x62, 0x2e, 0x72, 0x73, 0x00, 0x00, 0x0f, 0x9b, 0x00, 0x40,
  0x01, 0x00, 0x00, 0x00, 0x57, 0x00, 0x00, 0x00, 0x00, 0x00, 0x00, 0x00,
  0x39, 0x00, 0x00, 0x00, 0x08, 0x00, 0x00, 0x00, 0x0f, 0x9b, 0x00, 0x40,
  0x01, 0x00, 0x00, 0x00, 0x57, 0x00, 0x00, 0x00, 0x00, 0x00, 0x00, 0x00,
  0x3a, 0x00, 0x00, 0x00, 0x0e, 0x00, 0x00, 0x00, 0x0f, 0x9b, 0x00, 0x40,
  0x01, 0x00, 0x00, 0x00, 0x57, 0x00, 0x00, 0x00, 0x00, 0x00, 0x00, 0x00,
  0x3c, 0x00, 0x00, 0x00, 0x0f, 0x00, 0x00, 0x00, 0x0f, 0x9b, 0x00, 0x40,
  0x01, 0x00, 0x00, 0x00, 0x57, 0x00, 0x00, 0x00, 0x00, 0x00, 0x00, 0x00,
  0x3e, 0x00, 0x00, 0x00, 0x0c, 0x00, 0x00, 0x00, 0x0f, 0x9b, 0x00, 0x40,
  0x01, 0x00, 0x00, 0x00, 0x57, 0x00, 0x00, 0x00, 0x00, 0x00, 0x00, 0x00,
  0x46, 0x00, 0x00, 0x00, 0x12, 0x00, 0x00, 0x00, 0x0f, 0x9b, 0x00, 0x40,
  0x01, 0x00, 0x00, 0x00, 0x57, 0x00, 0x00, 0x00, 0x00, 0x00, 0x00, 0x00,
  0x47, 0x00, 0x00, 0x00, 0x18, 0x00, 0x00, 0x00, 0x0f, 0x9b, 0x00, 0x40,
  0x01, 0x00, 0x00, 0x00, 0x57, 0x00, 0x00, 0x00, 0x00, 0x00, 0x00, 0x00,
  0x47, 0x00, 0x00, 0x00, 0x12, 0x00, 0x00, 0x00, 0x0f, 0x9b, 0x00, 0x40,
  0x01, 0x00, 0x00, 0x00, 0x57, 0x00, 0x00, 0x00, 0x00, 0x00, 0x00, 0x00,
  0x4a, 0x00, 0x00, 0x00, 0x0f, 0x00, 0x00, 0x00, 0x0f, 0x9b, 0x00, 0x40,
  0x01, 0x00, 0x00, 0x00, 0x57, 0x00, 0x00, 0x00, 0x00, 0x00, 0x00, 0x00,
  0x4c, 0x00, 0x00, 0x00, 0x0c, 0x00, 0x00, 0x00, 0x0f, 0x9b, 0x00, 0x40,
  0x01, 0x00, 0x00, 0x00, 0x57, 0x00, 0x00, 0x00, 0x00, 0x00, 0x00, 0x00,
  0x4c, 0x00, 0x00, 0x00, 0x21, 0x00, 0x00, 0x00, 0x0f, 0x9b, 0x00, 0x40,
  0x01, 0x00, 0x00, 0x00, 0x57, 0x00, 0x00, 0x00, 0x00, 0x00, 0x00, 0x00,
  0x51, 0x00, 0x00, 0x00, 0x12, 0x00, 0x00, 0x00, 0x0f, 0x9b, 0x00, 0x40,
  0x01, 0x00, 0x00, 0x00, 0x57, 0x00, 0x00, 0x00, 0x00, 0x00, 0x00, 0x00,
  0x52, 0x00, 0x00, 0x00, 0x18, 0x00, 0x00, 0x00, 0x0f, 0x9b, 0x00, 0x40,
  0x01, 0x00, 0x00, 0x00, 0x57, 0x00, 0x00, 0x00, 0x00, 0x00, 0x00, 0x00,
  0x52, 0x00, 0x00, 0x00, 0x12, 0x00, 0x00, 0x00, 0x0f, 0x9b, 0x00, 0x40,
  0x01, 0x00, 0x00, 0x00, 0x57, 0x00, 0x00, 0x00, 0x00, 0x00, 0x00, 0x00,
  0x53, 0x00, 0x00, 0x00, 0x18, 0x00, 0x00, 0x00, 0x0f, 0x9b, 0x00, 0x40,
  0x01, 0x00, 0x00, 0x00, 0x57, 0x00, 0x00, 0x00, 0x00, 0x00, 0x00, 0x00,
  0x53, 0x00, 0x00, 0x00, 0x12, 0x00, 0x00, 0x00, 0x0f, 0x9b, 0x00, 0x40,
  0x01, 0x00, 0x00, 0x00, 0x57, 0x00, 0x00, 0x00, 0x00, 0x00, 0x00, 0x00,
  0x56, 0x00, 0x00, 0x00, 0x0f, 0x00, 0x00, 0x00, 0x00, 0x00, 0x00, 0x00,
  0x30, 0x96, 0x96, 0x6a, 0x00, 0x00, 0x00, 0x00, 0x02, 0x00, 0x00, 0x00,
  0x32, 0x00, 0x00, 0x00, 0x04, 0x9d, 0x00, 0x00, 0x04, 0x83, 0x00, 0x00,
  0x52, 0x53, 0x44, 0x53, 0x30, 0x4f, 0x8d, 0x5c, 0xda, 0x9f, 0x13, 0x5b,
  0x4c, 0x4c, 0x44, 0x20, 0x50, 0x44, 0x42, 0x2e, 0x01, 0x00, 0x00, 0x00,
  0x74, 0x65, 0x73, 0x74, 0x2d, 0x62, 0x65, 0x63, 0x32, 0x65, 0x32, 0x63,
  0x61, 0x38, 0x64, 0x38, 0x38, 0x64, 0x61, 0x30, 0x61, 0x2e, 0x70, 0x64,
  0x62, 0x00, 0x00, 0x00, 0x00, 0x00, 0x00, 0x00, 0x00, 0x00, 0x00, 0x00,
  0x00, 0x00, 0x00, 0x00, 0x00, 0x00, 0x00, 0x00, 0x00, 0x00, 0x00, 0x00,
  0x00, 0x00, 0x00, 0x00, 0x00, 0x00, 0x00, 0x00, 0x00, 0x00, 0x00, 0x00,
  0x00, 0x00, 0x00, 0x00, 0x00, 0x00, 0x00, 0x00, 0x00, 0x00, 0x00, 0x00,
  0x00, 0x00, 0x00, 0x00, 0x00, 0x00, 0x00, 0x00, 0x00, 0x00, 0x00, 0x00,
  0x00, 0x00, 0x00, 0x00, 0x00, 0x00, 0x00, 0x00, 0x00, 0x00, 0x00, 0x00,
  0x00, 0x00, 0x00, 0x00, 0x00, 0x00, 0x00, 0x00, 0x00, 0x00, 0x00, 0x00,
  0x00, 0x00, 0x00, 0x00, 0x00, 0x00, 0x00, 0x00, 0x00, 0x00, 0x00, 0x00,
  0x00, 0x00, 0x00, 0x00, 0x00, 0x00, 0x00, 0x00, 0x00, 0x00, 0x00, 0x00,
  0x00, 0x00, 0x00, 0x00, 0x00, 0x00, 0x00, 0x00, 0x00, 0x00, 0x00, 0x00,
  0x00, 0x00, 0x00, 0x00, 0x00, 0x00, 0x00, 0x00, 0x00, 0x00, 0x00, 0x00,
  0x00, 0x00, 0x00, 0x00, 0x00, 0x00, 0x00, 0x00, 0x00, 0x00, 0x00, 0x00,
  0x00, 0x00, 0x00, 0x00, 0x00, 0x00, 0x00, 0x00, 0x00, 0x00, 0x00, 0x00,
  0x00, 0x00, 0x00, 0x00, 0x00, 0x00, 0x00, 0x00, 0x00, 0x00, 0x00, 0x00,
  0x00, 0x00, 0x00, 0x00, 0x00, 0x00, 0x00, 0x00, 0x00, 0x00, 0x00, 0x00,
  0x00, 0x00, 0x00, 0x00, 0x00, 0x00, 0x00, 0x00, 0x00, 0x00, 0x00, 0x00,
  0x00, 0x00, 0x00, 0x00, 0x00, 0x00, 0x00, 0x00, 0x00, 0x00, 0x00, 0x00,
  0x01, 0x00, 0x00, 0x00, 0x00, 0x00, 0x00, 0x00, 0x78, 0x8c, 0x00, 0x40,
  0x01, 0x00, 0x00, 0x00, 0x30, 0xa0, 0x00, 0x40, 0x01, 0x00, 0x00, 0x00,
  0x00, 0x00, 0x00, 0x00, 0x00, 0x00, 0x00, 0x00, 0x00, 0x00, 0x00, 0x00,
  0x00, 0x00, 0x00, 0x00, 0x00, 0x00, 0x00, 0x00, 0x00, 0x00, 0x00, 0x00,
  0x00, 0x00, 0x00, 0x00, 0x00, 0x00, 0x00, 0x00, 0x00, 0x00, 0x00, 0x00,
  0x00, 0x00, 0x00, 0x00, 0x00, 0x00, 0x00, 0x00, 0x00, 0x00, 0x00, 0x00,
  0x00, 0x00, 0x00, 0x00, 0x00, 0x00, 0x00, 0x00, 0x00, 0x00, 0x00, 0x00,
  0x00, 0x00, 0x00, 0x00, 0x00, 0x00, 0x00, 0x00, 0x00, 0x00, 0x00, 0x00,
  0x00, 0x00, 0x00, 0x00, 0x00, 0x00, 0x00, 0x00, 0x00, 0x00, 0x00, 0x00,
  0x00, 0x00, 0x00, 0x00, 0x00, 0x00, 0x00, 0x00, 0x00, 0x00, 0x00, 0x00,
  0x00, 0x00, 0x00, 0x00, 0x00, 0x00, 0x00, 0x00, 0x00, 0x00, 0x00, 0x00,
  0x00, 0x00, 0x00, 0x00, 0x00, 0x00, 0x00, 0x00, 0x00, 0x00, 0x00, 0x00,
  0x00, 0x00, 0x00, 0x00, 0x00, 0x00, 0x00, 0x00, 0x00, 0x00, 0x00, 0x00,
  0x00, 0x00, 0x00, 0x00, 0x00, 0x00, 0x00, 0x00, 0x00, 0x00, 0x00, 0x00,
  0x00, 0x00, 0x00, 0x00, 0x00, 0x00, 0x00, 0x00, 0x00, 0x00, 0x00, 0x00,
  0x00, 0x00, 0x00, 0x00, 0x00, 0x00, 0x00, 0x00, 0x00, 0x00, 0x00, 0x00,
  0x00, 0x00, 0x00, 0x00, 0x00, 0x00, 0x00, 0x00, 0x00, 0x00, 0x00, 0x00,
  0x00, 0x00, 0x00, 0x00, 0x00, 0x00, 0x00, 0x00, 0x00, 0x00, 0x00, 0x00,
  0x00, 0x00, 0x00, 0x00, 0x00, 0x00, 0x00, 0x00, 0x00, 0x00, 0x00, 0x00,
  0x00, 0x00, 0x00, 0x00, 0x00, 0x00, 0x00, 0x00, 0x00, 0x00, 0x00, 0x00,
  0x00, 0x00, 0x00, 0x00, 0x00, 0x00, 0x00, 0x00, 0x00, 0x00, 0x00, 0x00,
  0x00, 0x00, 0x00, 0x00, 0x00, 0x00, 0x00, 0x00, 0x00, 0x00, 0x00, 0x00,
  0x00, 0x00, 0x00, 0x00, 0x00, 0x00, 0x00, 0x00, 0x00, 0x00, 0x00, 0x00,
  0x00, 0x00, 0x00, 0x00, 0x00, 0x00, 0x00, 0x00, 0x00, 0x00, 0x00, 0x00,
  0x00, 0x00, 0x00, 0x00, 0x00, 0x00, 0x00, 0x00, 0x00, 0x00, 0x00, 0x00,
  0x00, 0x00, 0x00, 0x00, 0x00, 0x00, 0x00, 0x00, 0x00, 0x00, 0x00, 0x00,
  0x00, 0x00, 0x00, 0x00, 0x00, 0x00, 0x00, 0x00, 0x00, 0x00, 0x00, 0x00,
  0x00, 0x00, 0x00, 0x00, 0x00, 0x00, 0x00, 0x00, 0x00, 0x00, 0x00, 0x00,
  0x00, 0x00, 0x00, 0x00, 0x00, 0x00, 0x00, 0x00, 0x00, 0x00, 0x00, 0x00,
  0x00, 0x00, 0x00, 0x00, 0x00, 0x00, 0x00, 0x00, 0x00, 0x00, 0x00, 0x00,
  0x00, 0x00, 0x00, 0x00, 0x00, 0x00, 0x00, 0x00, 0x00, 0x00, 0x00, 0x00,
  0x00, 0x00, 0x00, 0x00, 0x00, 0x00, 0x00, 0x00, 0x00, 0x00, 0x00, 0x00,
  0x00, 0x00, 0x00, 0x00, 0x00, 0x00, 0x00, 0x00, 0x00, 0x00, 0x00, 0x00,
  0x00, 0x00, 0x00, 0x00, 0x00, 0x00, 0x00, 0x00, 0x00, 0x00, 0x00, 0x00,
  0x00, 0x00, 0x00, 0x00, 0x00, 0x00, 0x00, 0x00, 0x00, 0x00, 0x00, 0x00,
  0x00, 0x00, 0x00, 0x00, 0x00, 0x00, 0x00, 0x00, 0x00, 0x00, 0x00, 0x00,
  0x00, 0x00, 0x00, 0x00, 0x00, 0x00, 0x00, 0x00, 0x00, 0x00, 0x00, 0x00,
  0x00, 0x00, 0x00, 0x00, 0x00, 0x00, 0x00, 0x00, 0x00, 0x00, 0x00, 0x00,
  0x00, 0x00, 0x00, 0x00, 0x00, 0x00, 0x00, 0x00, 0x00, 0x00, 0x00, 0x00,
  0x00, 0x00, 0x00, 0x00, 0x00, 0x00, 0x00, 0x00, 0x00, 0x00, 0x00, 0x00,
  0x00, 0x00, 0x00, 0x00, 0x00, 0x00, 0x00, 0x00, 0x00, 0x00, 0x00, 0x00,
  0x00, 0x00, 0x00, 0x00, 0x00, 0x00, 0x00, 0x00, 0x00, 0x00, 0x00, 0x00,
  0x00, 0x00, 0x00, 0x00, 0x00, 0x00, 0x00, 0x00, 0x14, 0x00, 0x00, 0x00,
  0x00, 0x00, 0x00, 0x00, 0x01, 0x7a, 0x52, 0x00, 0x01, 0x7c, 0x10, 0x01,
  0x00, 0x0c, 0x07, 0x08, 0x90, 0x02, 0x00, 0x00, 0x24, 0x00, 0x00, 0x00,
  0x1c, 0x00, 0x00, 0x00, 0x7c, 0x6c, 0x00, 0x40, 0x01, 0x00, 0x00, 0x00,
  0x39, 0x00, 0x00, 0x00, 0x00, 0x00, 0x00, 0x00, 0x00, 0x41, 0x0e, 0x10,
  0x86, 0x04, 0x43, 0x0d, 0x06, 0x74, 0x0d, 0x07, 0x0e, 0x08, 0x00, 0x00,
  0x00, 0x00, 0x00, 0x00, 0x00, 0x00, 0x00, 0x00, 0x00, 0x00, 0x00, 0x00,
  0x00, 0x00, 0x00, 0x00, 0x00, 0x00, 0x00, 0x00, 0x00, 0x00, 0x00, 0x00,
  0x00, 0x00, 0x00, 0x00, 0x00, 0x00, 0x00, 0x00, 0x00, 0x00, 0x00, 0x00,
  0x00, 0x00, 0x00, 0x00, 0x00, 0x00, 0x00, 0x00, 0x00, 0x00, 0x00, 0x00,
  0x00, 0x00, 0x00, 0x00, 0x00, 0x00, 0x00, 0x00, 0x00, 0x00, 0x00, 0x00,
  0x00, 0x00, 0x00, 0x00, 0x00, 0x00, 0x00, 0x00, 0x00, 0x00, 0x00, 0x00,
  0x00, 0x00, 0x00, 0x00, 0x00, 0x00, 0x00, 0x00, 0x00, 0x00, 0x00, 0x00,
  0x00, 0x00, 0x00, 0x00, 0x00, 0x00, 0x00, 0x00, 0x00, 0x00, 0x00, 0x00,
  0x00, 0x00, 0x00, 0x00, 0x00, 0x00, 0x00, 0x00, 0x00, 0x00, 0x00, 0x00,
  0x00, 0x00, 0x00, 0x00, 0x00, 0x00, 0x00, 0x00, 0x00, 0x00, 0x00, 0x00,
  0x00, 0x00, 0x00, 0x00, 0x00, 0x00, 0x00, 0x00, 0x00, 0x00, 0x00, 0x00,
  0x00, 0x00, 0x00, 0x00, 0x00, 0x00, 0x00, 0x00, 0x00, 0x00, 0x00, 0x00,
  0x00, 0x00, 0x00, 0x00, 0x00, 0x00, 0x00, 0x00, 0x00, 0x00, 0x00, 0x00,
  0x00, 0x00, 0x00, 0x00, 0x00, 0x00, 0x00, 0x00, 0x00, 0x00, 0x00, 0x00,
  0x00, 0x00, 0x00, 0x00, 0x00, 0x00, 0x00, 0x00, 0x00, 0x00, 0x00, 0x00,
  0x00, 0x00, 0x00, 0x00, 0x00, 0x00, 0x00, 0x00, 0x00, 0x00, 0x00, 0x00,
  0x00, 0x00, 0x00, 0x00, 0x00, 0x00, 0x00, 0x00, 0x00, 0x00, 0x00, 0x00,
  0x00, 0x00, 0x00, 0x00, 0x00, 0x00, 0x00, 0x00, 0x00, 0x00, 0x00, 0x00,
  0x00, 0x00, 0x00, 0x00, 0x00, 0x00, 0x00, 0x00, 0x00, 0x00, 0x00, 0x00,
  0x00, 0x00, 0x00, 0x00, 0x00, 0x00, 0x00, 0x00, 0x00, 0x00, 0x00, 0x00,
  0x00, 0x00, 0x00, 0x00, 0x00, 0x00, 0x00, 0x00, 0x00, 0x00, 0x00, 0x00,
  0x00, 0x00, 0x00, 0x00, 0x00, 0x00, 0x00, 0x00, 0x00, 0x00, 0x00, 0x00,
  0x00, 0x00, 0x00, 0x00, 0x00, 0x00, 0x00, 0x00, 0x00, 0x00, 0x00, 0x00,
  0x00, 0x00, 0x00, 0x00, 0x00, 0x00, 0x00, 0x00, 0x00, 0x00, 0x00, 0x00,
  0x00, 0x00, 0x00, 0x00, 0x00, 0x00, 0x00, 0x00, 0x00, 0x00, 0x00, 0x00,
  0x00, 0x00, 0x00, 0x00, 0x00, 0x00, 0x00, 0x00, 0x00, 0x00, 0x00, 0x00,
  0x00, 0x00, 0x00, 0x00, 0x00, 0x00, 0x00, 0x00, 0x00, 0x00, 0x00, 0x00,
  0x00, 0x00, 0x00, 0x00, 0x00, 0x00, 0x00, 0x00, 0x00, 0x00, 0x00, 0x00,
  0x00, 0x00, 0x00, 0x00, 0x00, 0x00, 0x00, 0x00, 0x00, 0x00, 0x00, 0x00,
  0x00, 0x00, 0x00, 0x00, 0x00, 0x00, 0x00, 0x00, 0x00, 0x00, 0x00, 0x00,
  0x00, 0x00, 0x00, 0x00, 0x00, 0x00, 0x00, 0x00, 0x00, 0x00, 0x00, 0x00,
  0x00, 0x00, 0x00, 0x00, 0x00, 0x00, 0x00, 0x00, 0x00, 0x00, 0x00, 0x00,
  0x00, 0x00, 0x00, 0x00, 0x00, 0x00, 0x00, 0x00, 0x00, 0x00, 0x00, 0x00,
  0x00, 0x00, 0x00, 0x00, 0x00, 0x00, 0x00, 0x00, 0x00, 0x00, 0x00, 0x00,
  0x00, 0x00, 0x00, 0x00, 0x00, 0x00, 0x00, 0x00, 0x00, 0x00, 0x00, 0x00,
  0x00, 0x00, 0x00, 0x00, 0x00, 0x00, 0x00, 0x00, 0x00, 0x00, 0x00, 0x00,
  0x00, 0x00, 0x00, 0x00, 0x00, 0x00, 0x00, 0x00, 0x00, 0x00, 0x00, 0x00,
  0x00, 0x00, 0x00, 0x00, 0x00, 0x80, 0x00, 0x00, 0x68, 0x00, 0x00, 0x00,
  0x18, 0xa0, 0x58, 0xa0, 0x78, 0xa0, 0xa8, 0xa0, 0xc0, 0xa1, 0xf8, 0xa1,
  0x90, 0xa2, 0xa8, 0xa2, 0xf8, 0xa2, 0x38, 0xa3, 0x48, 0xa3, 0x60, 0xa3,
  0x60, 0xa4, 0xf0, 0xa4, 0x58, 0xa5, 0xd0, 0xa5, 0x18, 0xa6, 0x98, 0xa6,
  0x38, 0xa7, 0xc8, 0xa8, 0xe0, 0xa8, 0xf8, 0xa8, 0x58, 0xa9, 0xe8, 0xa9,
  0x20, 0xaa, 0xd0, 0xaa, 0x10, 0xab, 0x38, 0xab, 0x88, 0xab, 0xc0, 0xab,
  0x48, 0xac, 0x60, 0xac, 0x90, 0xac, 0x98, 0xac, 0xa0, 0xac, 0xd8, 0xac,
  0x10, 0xad, 0x50, 0xad, 0xa0, 0xad, 0xb0, 0xad, 0xd8, 0xad, 0x00, 0xae,
  0x08, 0xae, 0x10, 0xae, 0x20, 0xaf, 0x70, 0xaf, 0x80, 0xaf, 0x90, 0xaf,
  0x00, 0x90, 0x00, 0x00, 0xac, 0x00, 0x00, 0x00, 0x50, 0xa0, 0x98, 0xa0,
  0xa8, 0xa0, 0xe0, 0xa0, 0xf0, 0xa0, 0x88, 0xa1, 0xb8, 0xa1, 0xc8, 0xa1,
  0x00, 0xa2, 0x10, 0xa2, 0xa0, 0xa2, 0xd0, 0xa2, 0x10, 0xa3, 0x18, 0xa3,
  0x20, 0xa3, 0x90, 0xa3, 0x18, 0xa4, 0x30, 0xa4, 0x48, 0xa4, 0x60, 0xa4,
  0x78, 0xa4, 0x90, 0xa4, 0xa8, 0xa4, 0xe0, 0xa4, 0x08, 0xa5, 0x30, 0xa5,
  0x58, 0xa5, 0x80, 0xa5, 0xa0, 0xa5, 0xc0, 0xa5, 0xe8, 0xa5, 0x08, 0xa6,
  0x30, 0xa6, 0x50, 0xa6, 0x70, 0xa6, 0x90, 0xa6, 0xb0, 0xa6, 0xd0, 0xa6,
  0xf0, 0xa6, 0x10, 0xa7, 0x30, 0xa7, 0x50, 0xa7, 0x68, 0xa7, 0x88, 0xa7,
  0xa8, 0xa7, 0xc8, 0xa7, 0xe8, 0xa7, 0x08, 0xa8, 0x20, 0xa8, 0x40, 0xa8,
  0x60, 0xa8, 0x78, 0xa8, 0x98, 0xa8, 0xb8, 0xa8, 0xd8, 0xa8, 0x00, 0xa9,
  0x28, 0xa9, 0x48, 0xa9, 0x68, 0xa9, 0x88, 0xa9, 0xa8, 0xa9, 0xc8, 0xa9,
  0xf0, 0xa9, 0x10, 0xaa, 0x28, 0xaa, 0x38, 0xaa, 0x68, 0xab, 0x80, 0xab,
  0x98, 0xab, 0xb0, 0xab, 0xc8, 0xab, 0xe0, 0xab, 0xf8, 0xab, 0x10, 0xac,
  0x28, 0xac, 0x40, 0xac, 0x58, 0xac, 0x70, 0xac, 0x88, 0xac, 0xa0, 0xac,
  0xb8, 0xac, 0xd0, 0xac, 0x00, 0xa0, 0x00, 0x00, 0x0c, 0x00, 0x00, 0x00,
  0x08, 0xa0, 0x10, 0xa0, 0x00, 0xb0, 0x00, 0x00, 0x0c, 0x00, 0x00, 0x00,
  0x20, 0xa0, 0x00, 0x00, 0x00, 0x00, 0x00, 0x00, 0x00, 0x00, 0x00, 0x00,
  0x00, 0x00, 0x00, 0x00, 0x00, 0x00, 0x00, 0x00, 0x00, 0x00, 0x00, 0x00,
  0x00, 0x00, 0x00, 0x00, 0x00, 0x00, 0x00, 0x00, 0x00, 0x00, 0x00, 0x00,
  0x00, 0x00, 0x00, 0x00, 0x00, 0x00, 0x00, 0x00, 0x00, 0x00, 0x00, 0x00,
  0x00, 0x00, 0x00, 0x00, 0x00, 0x00, 0x00, 0x00, 0x00, 0x00, 0x00, 0x00,
  0x00, 0x00, 0x00, 0x00, 0x00, 0x00, 0x00, 0x00, 0x00, 0x00, 0x00, 0x00,
  0x00, 0x00, 0x00, 0x00, 0x00, 0x00, 0x00, 0x00, 0x00, 0x00, 0x00, 0x00,
  0x00, 0x00, 0x00, 0x00, 0x00, 0x00, 0x00, 0x00, 0x00, 0x00, 0x00, 0x00,
  0x00, 0x00, 0x00, 0x00, 0x00, 0x00, 0x00, 0x00, 0x00, 0x00, 0x00, 0x00,
  0x00, 0x00, 0x00, 0x00, 0x00, 0x00, 0x00, 0x00, 0x00, 0x00, 0x00, 0x00,
  0x00, 0x00, 0x00, 0x00, 0x00, 0x00, 0x00, 0x00, 0x00, 0x00, 0x00, 0x00,
  0x00, 0x00, 0x00, 0x00, 0x00, 0x00, 0x00, 0x00, 0x00, 0x00, 0x00, 0x00,
  0x00, 0x00, 0x00, 0x00, 0x00, 0x00, 0x00, 0x00, 0x00, 0x00, 0x00, 0x00,
  0x00, 0x00, 0x00, 0x00, 0x00, 0x00, 0x00, 0x00, 0x00, 0x00, 0x00, 0x00,
  0x00, 0x00, 0x00, 0x00, 0x00, 0x00, 0x00, 0x00, 0x00, 0x00, 0x00, 0x00,
  0x00, 0x00, 0x00, 0x00, 0x00, 0x00, 0x00, 0x00, 0x00, 0x00, 0x00, 0x00,
  0x00, 0x00, 0x00, 0x00, 0x00, 0x00, 0x00, 0x00, 0x00, 0x00, 0x00, 0x00,
  0x00, 0x00, 0x00, 0x00, 0x00, 0x00, 0x00, 0x00, 0x00, 0x00, 0x00, 0x00
};
